#pragma once
#include <cstdint>
namespace asteria {
namespace spr {
#ifndef ASTERIA_SPR_DEFS
#define ASTERIA_SPR_DEFS
struct Sprite { const uint16_t* px; int16_t w; int16_t h; };
static const uint16_t KEY = 0xF81F;
#endif
static const uint16_t M0[] = {
  0xF81F,0xF81F,0xF81F,0xF81F,0xF81F,0xF81F,0xF81F,0xF81F,0xF81F,0xF81F,0xF81F,0xF81F,0xF81F,0xF81F,0xF81F,0x0000,0xF81F,0xF81F,0xF81F,0xF81F,0xF81F,0xF81F,0xF81F,0xF81F,
  0xF81F,0xF81F,0xF81F,0xF81F,0xF81F,0xF81F,0xF81F,0xF81F,0xF81F,0xF81F,0xF81F,0xF81F,0xF81F,0xF81F,0xF81F,0xF81F,0xF81F,0xF81F,0xF81F,0xF81F,0xF81F,0xF81F,0xF81F,0x0002,
  0x0002,0x0823,0x3B2F,0x0826,0x1005,0xF81F,0xF81F,0xF81F,0xF81F,0xF81F,0xF81F,0xF81F,0xF81F,0xF81F,0xF81F,0xF81F,0xF81F,0xF81F,0xF81F,0xF81F,0xF81F,0xF81F,0xF81F,0xF81F,
  0xF81F,0xF81F,0xF81F,0xF81F,0xF81F,0xF81F,0xF81F,0xF81F,0xF81F,0x0001,0x21C9,0x21EB,0x29EB,0x4371,0x2149,0x29EA,0x10C5,0x10C3,0xF81F,0xF81F,0xF81F,0xF81F,0xF81F,0xF81F,
  0xF81F,0xF81F,0xF81F,0xF81F,0xF81F,0xF81F,0xF81F,0xF81F,0xF81F,0xF81F,0xF81F,0xF81F,0xF81F,0xF81F,0xF81F,0xF81F,0xF81F,0xF81F,0x0803,0x0001,0x1969,0x10A5,0x21CA,0x32AE,
  0x4393,0x2108,0x2A4D,0x21CA,0x21C9,0x1145,0xF81F,0xF81F,0xF81F,0xF81F,0xF81F,0xF81F,0xF81F,0xF81F,0xF81F,0xF81F,0xF81F,0xF81F,0xF81F,0xF81F,0xF81F,0xF81F,0xF81F,0xF81F,
  0xF81F,0xF81F,0xF81F,0x0801,0x3A8D,0x2A4C,0x3BB1,0x2A0B,0x2A0C,0x4BF3,0x2168,0x5415,0x322C,0x326C,0x1946,0x1989,0x3B70,0x21C8,0x18C6,0xF81F,0xF81F,0xF81F,0xF81F,0xF81F,
  0xF81F,0xF81F,0xF81F,0xF81F,0xF81F,0xF81F,0xF81F,0xF81F,0xF81F,0xF81F,0xF81F,0xF81F,0xF81F,0xF81F,0x296A,0x29CA,0x2A6D,0x218A,0x324C,0x2A2C,0x3B0F,0x328D,0x4BB3,0x2167,
  0x29EB,0x1906,0x2A4D,0x322C,0x3AEF,0x1947,0x18E7,0xF81F,0xF81F,0xF81F,0xF81F,0xF81F,0xF81F,0xF81F,0xF81F,0xF81F,0xF81F,0xF81F,0xF81F,0xF81F,0xF81F,0xF81F,0xF81F,0x1000,
  0x1886,0x29CA,0x2A2B,0x1968,0x2168,0x5C76,0x2A0B,0x3B30,0x2189,0x328E,0x10C5,0x4351,0x21A9,0x3B10,0x29CA,0x2189,0x328D,0x29EA,0xF81F,0xF81F,0xF81F,0xF81F,0xF81F,0xF81F,
  0xF81F,0xF81F,0xF81F,0xF81F,0xF81F,0xF81F,0xF81F,0xF81F,0xF81F,0xF81F,0x0000,0x29CA,0x29A9,0x1948,0x2A6D,0x1969,0x328F,0x21AA,0x4330,0x3ACF,0x2A4B,0x29CA,0x3ACF,0x3B0F,
  0x2A2C,0x29CA,0x3ACF,0x21EA,0x32CE,0x2127,0x1002,0xF81F,0xF81F,0xF81F,0xF81F,0xF81F,0xF81F,0xF81F,0xF81F,0xF81F,0xF81F,0xF81F,0xF81F,0xF81F,0x0801,0x1147,0x29EA,0x3B0F,
  0x32EF,0x324B,0x5455,0x21A9,0x220B,0x19AA,0x3AEF,0x21A9,0x328D,0x4371,0x21CA,0x2A6C,0x4371,0x4392,0x1988,0x4C75,0x18E6,0x1925,0xF81F,0xF81F,0xF81F,0xF81F,0xF81F,0xF81F,
  0xF81F,0xF81F,0xF81F,0xF81F,0xF81F,0xF81F,0xF81F,0x0000,0x21C9,0x434F,0x18E6,0x2188,0x2A0A,0x2A0B,0x2A09,0x1948,0x21EA,0x2A6C,0x5C16,0x2187,0x1948,0x326D,0x1927,0x21EA,
  0x2189,0x1988,0x1968,0x2A4B,0x1967,0xF81F,0xF81F,0xF81F,0xF81F,0xF81F,0xF81F,0xF81F,0xF81F,0xF81F,0xF81F,0xF81F,0xF81F,0xF81F,0x218A,0x2A6B,0x10C5,0x2A0C,0x1926,0x2A2B,
  0x21A9,0x08C5,0x32AF,0x21CB,0x2A0B,0x53F5,0x1967,0x1908,0x21A9,0x21CA,0x21A9,0x1947,0x1147,0x2A6D,0x2A2C,0x1947,0x0000,0xF81F,0xF81F,0xF81F,0xF81F,0xF81F,0xF81F,0xF81F,
  0xF81F,0xF81F,0xF81F,0xF81F,0xF81F,0x218B,0x3B2F,0x29CA,0x2A0B,0x2168,0x2A4B,0x1968,0x4B72,0x29EA,0x4B72,0x1949,0x4332,0x1905,0x4352,0x1126,0x3AF0,0x1947,0x10E6,0x1126,
  0x1989,0x21CA,0x2A4C,0x21C7,0xF81F,0xF81F,0xF81F,0xF81F,0xF81F,0xF81F,0xF81F,0xF81F,0xF81F,0xF81F,0xF81F,0x0884,0x2A0C,0x10A4,0x3AEF,0x1927,0x1906,0x4392,0x220B,0x3B30,
  0x2188,0x3AAF,0x4311,0x2A2C,0x4351,0x3AF0,0x4391,0x1907,0x29EA,0x328D,0x0884,0x1968,0x3B50,0x3B51,0x222B,0x0001,0x0802,0x0040,0xF81F,0xF81F,0xF81F,0xF81F,0xF81F,0xF81F,
  0xF81F,0xF81F,0x08E5,0x324C,0x4351,0x2168,0x1126,0x222B,0x21A9,0x3B31,0x1906,0x21CA,0x4350,0x4331,0x21A8,0x4372,0x2A6D,0x326C,0x21A9,0x32CE,0x21EA,0x1147,0x21C9,0x21A9,
  0x1927,0x1968,0x0000,0x2A4F,0x3331,0x1003,0xF81F,0xF81F,0xF81F,0xF81F,0xF81F,0xF81F,0xF81F,0x08A4,0x322D,0x2A2C,0x2A4B,0x0883,0x21EA,0x21E9,0x3B0F,0x32AE,0x3AF0,0x326C,
  0x3AEF,0x1106,0x3AF0,0x2A4B,0x1988,0x3B0F,0x1106,0x1968,0x21A9,0x0883,0x2168,0x2A2C,0x2A2B,0x0000,0x222C,0x220E,0x4C56,0x5B99,0xF81F,0xF81F,0xF81F,0xF81F,0xF81F,0x0000,
  0x1107,0x3B30,0x2A0A,0x21CA,0x10C4,0x0882,0x21E9,0x21CA,0x4393,0x1948,0x328E,0x1967,0x4B71,0x08A4,0x2A2C,0x2A4D,0x21A9,0x220A,0x10E4,0x0020,0x08E4,0x19A9,0x2A0B,0x1948,
  0x0000,0x0021,0x0001,0x208B,0x4C57,0x759D,0xF81F,0xF81F,0xF81F,0xF81F,0x0000,0x1126,0x1968,0x21C9,0x0863,0x10A7,0x96FF,0x0000,0x0022,0x220B,0x32AE,0x21EA,0x1126,0x3AAE,
  0x08E4,0x3AEF,0x2A0B,0x21EA,0x10E5,0x64B9,0x96DE,0x0000,0x19A9,0x2189,0x21CB,0x0801,0xF81F,0xF81F,0x1005,0x194B,0x3291,0x0003,0xF81F,0xF81F,0xF81F,0x0000,0x0001,0x21A9,
  0x21C9,0x0000,0x7E1F,0x2A2F,0x7E1F,0x0001,0x1147,0x1968,0x08A4,0x322B,0x21C9,0x1988,0x1968,0x19A9,0x1947,0x0865,0x222F,0x21CE,0x0886,0x0884,0x2A0C,0x21AA,0x0800,0xF81F,
  0xF81F,0xF81F,0x0000,0x32D2,0x29CE,0xF81F,0xF81F,0x1003,0x21ED,0x0000,0x1126,0x21C8,0x0000,0x4359,0x3B97,0x1929,0x5C9C,0x0021,0x21CB,0x1928,0x4B52,0x1946,0x4B92,0x4330,
  0x0884,0x5C95,0x4B96,0x220F,0x5C19,0x6D9F,0x0000,0x2189,0x0081,0xF81F,0xF81F,0xF81F,0xF81F,0xF81F,0x0001,0x3A92,0x0800,0xF81F,0x3A74,0x220F,0x0001,0x08C5,0x222A,0x0000,
  0x541C,0x220F,0x220D,0x18E9,0x2A2D,0x21CB,0x4B93,0x4312,0x4B72,0x29EB,0x3AAF,0x10E6,0x6D7D,0x0823,0x2A31,0x3232,0x8EFF,0x0000,0x1947,0x1906,0x0000,0xF81F,0xF81F,0xF81F,
  0xF81F,0x0001,0x3272,0x0000,0x0000,0x296D,0x0001,0x4416,0x10E6,0x21C9,0x0020,0x2A55,0x4B96,0x0000,0x0001,0x2A2B,0x21CA,0x43B3,0x32EE,0x5C56,0x1966,0x29EB,0x32CE,0x2149,
  0x0842,0x190C,0x3B58,0x2B9B,0x0000,0x1147,0x0001,0x52F3,0xF81F,0xF81F,0xF81F,0x0000,0x190A,0x18A8,0x0000,0x0000,0x0021,0x737C,0x20E9,0x0022,0x08E5,0x19E9,0x32AD,0x3A72,
  0x326C,0x1906,0x322B,0x2A2D,0x2A4B,0x2A2C,0x3B10,0x328C,0x3311,0x3AEF,0x2A2B,0x1967,0x220E,0x4354,0x0000,0x1108,0x2188,0x0021,0x6335,0xF81F,0xF81F,0xF81F,0x1088,0x5397,
  0x0825,0xF81F,0xF81F,0x1804,0xF81F,0x0801,0x0002,0x19A8,0x08C5,0x08E4,0x0022,0x21EB,0x324C,0x2168,0x29CA,0x5C74,0x4310,0x1967,0x4352,0x4BD4,0x1907,0x3AED,0x1927,0x0883,
  0x0000,0x10C5,0x1127,0x10E6,0xF81F,0x1023,0xF81F,0xF81F,0xF81F,0x0801,0x0022,0xF81F,0xF81F,0xF81F,0xF81F,0x0801,0xF81F,0x0802,0x1968,0x1167,0x0863,0x08C5,0x2A0C,0x2A0B,
  0x4311,0x5373,0x29AA,0x4350,0x32AE,0x3B0F,0x2A0B,0x4372,0x326D,0x328C,0x32CD,0x0863,0x1105,0x1168,0x218B,0x1024,0x1003,0xF81F,0xF81F,0x0001,0xF81F,0xF81F,0xF81F,0xF81F,
  0xF81F,0xF81F,0xF81F,0xF81F,0x4192,0x0802,0x0001,0x0842,0x222A,0x326D,0x10C5,0x0842,0x859B,0x4311,0x3AEF,0x0884,0x2A2B,0x328E,0x0822,0x0001,0x10E6,0x2A4C,0x08C6,0x1948,
  0x00A5,0x1947,0x20C9,0xF81F,0xF81F,0xF81F,0xF81F,0xF81F,0xF81F,0xF81F,0xF81F,0xF81F,0xF81F,0xF81F,0x0000,0x290A,0x1968,0x3AB1,0x0000,0x1105,0x3B0F,0x328D,0x1987,0x0020,
  0x32AE,0x3B0F,0x4351,0x21CA,0x192A,0x9DB8,0x0000,0x2A4C,0x2A4C,0x1989,0x0823,0x2209,0x0001,0x28A8,0xF81F,0xF81F,0xF81F,0xF81F,0xF81F,0xF81F,0xF81F,0xF81F,0xF81F,0xF81F,
  0xF81F,0xF81F,0xF81F,0x757E,0x1001,0x28E9,0x1127,0x2A2B,0x5C96,0x1083,0x0000,0x1969,0x53B3,0x4311,0x4B51,0x1927,0x0000,0x430C,0x4BB1,0x19A9,0x10A6,0x0001,0xF81F,0x1002,
  0xF81F,0xF81F,0xF81F,0xF81F,0xF81F,0xF81F,0xF81F,0xF81F,0xF81F,0xF81F,0xF81F,0xF81F,0xF81F,0xF81F,0x1002,0x0801,0x0802,0x1927,0x2A4B,0x10C6,0x43D3,0x1A0B,0x2A2C,0x1949,
  0x7D7B,0x3AAD,0x326D,0x5412,0x6D36,0x1947,0x21A8,0x0000,0xF81F,0x1003,0xF81F,0xF81F,0xF81F,0xF81F,0xF81F,0xF81F,0xF81F,0xF81F,0xF81F,0xF81F,0xF81F,0xF81F,0xF81F,0xF81F,
  0xF81F,0xF81F,0xF81F,0xF81F,0x0822,0x1925,0x1947,0x08C4,0x4331,0x21EB,0x4B33,0x3AD0,0x5414,0x1969,0x08E5,0x19A8,0x1946,0x1966,0xF81F,0xF81F,0xF81F,0xF81F,0xF81F,0xF81F,
  0xF81F,0xF81F,0xF81F,0xF81F,0xF81F,0xF81F,0xF81F,0xF81F,0xF81F,0xF81F,0xF81F,0xF81F,0xF81F,0xF81F,0xF81F,0x9555,0x7C71,0x638E,0x10E4,0x4353,0x5475,0x3B11,0x4392,0x2A6D,
  0x5C34,0x220A,0x0021,0x9D96,0x9535,0x7C73,0xF81F,0xF81F,0xF81F,0xF81F,0xF81F,0xF81F,0xF81F,0xF81F,0xF81F,0xF81F,0xF81F,0xF81F,0xF81F,0xF81F,0xF81F,0xF81F,0xF81F,0xF81F,
  0xF81F,0xF81F,0x0020,0x0000,0x0000,0x0042,0x32D0,0x190A,0x755F,0x859F,0x9E9F,0x3A8F,0x29EA,0x10A3,0x0001,0x0001,0x0020,0xF81F,0xF81F,0xF81F,0xF81F,0xF81F,0xF81F,0xF81F,
  0xF81F,0xF81F,0xF81F,0xF81F,0xF81F,0xF81F,0xF81F,0xF81F,0xF81F,0xF81F,0xF81F,0xF81F,0xF81F,0xF81F,0x0003,0xFFDF,0x0021,0x0001,0x21EF,0x0000,0x85FF,0x0000,0x210A,0x0000,
  0x0021,0xE75F,0xF81F,0xF81F,0xF81F,0xF81F,0xF81F,0xF81F,0xF81F,0xF81F,0xF81F,0xF81F,0xF81F,0xF81F,0xF81F,0xF81F,0xF81F,0xF81F,0xF81F,0xF81F,0xF81F,0xF81F,0xF81F,0xF81F,
  0xF81F,0x1805,0x0802,0xF81F,0x1003,0x1044,0x0886,0x0000,0x1189,0x18C7,0xF81F,0xF81F,0xF81F,0xF81F,0xF81F,0xF81F,0xF81F,0xF81F,0xF81F,0xF81F,0xF81F,0xF81F,0xF81F,0xF81F,
  0xF81F,0xF81F,0xF81F,0xF81F,0xF81F,0xF81F,0xF81F,0xF81F,0xF81F,0xF81F,0xF81F,0xF81F,0xF81F,0xF81F,0xF81F,0xF81F,0xF81F,0x0000,0x0000,0x0000,0xF81F,0xF81F,0xF81F,0xF81F,
  0xF81F,0xF81F,0xF81F,0xF81F,0xF81F,0xF81F,0xF81F,0xF81F,0xF81F,0xF81F,0xF81F,0xF81F,0xF81F,0xF81F
};
static const uint16_t M1[] = {
  0xF81F,0xF81F,0xF81F,0xF81F,0xF81F,0xF81F,0xF81F,0xF81F,0xF81F,0xF81F,0xF81F,0xF81F,0xF81F,0x1001,0xF81F,0xF81F,0xF81F,0xF81F,0xF81F,0xF81F,0xF81F,0xF81F,0xF81F,0xF81F,
  0xF81F,0xF81F,0xF81F,0xF81F,0xF81F,0xF81F,0xF81F,0xF81F,0xF81F,0xF81F,0xF81F,0xF81F,0xF81F,0x2048,0xF81F,0x0000,0x6ACF,0x0802,0xF81F,0xF81F,0xF81F,0xF81F,0xF81F,0xF81F,
  0xF81F,0xF81F,0xF81F,0xF81F,0xF81F,0xF81F,0xF81F,0xF81F,0xF81F,0xF81F,0xF81F,0xF81F,0xF81F,0xF81F,0xF81F,0xF81F,0x20C7,0x0801,0x314B,0x632D,0x2907,0x0822,0x1042,0xF81F,
  0xF81F,0xF81F,0xF81F,0xF81F,0xF81F,0xF81F,0xF81F,0xF81F,0xF81F,0xF81F,0xF81F,0xF81F,0xF81F,0xF81F,0xF81F,0xF81F,0xF81F,0x0801,0xF81F,0x2926,0x4A8A,0x2987,0x742F,0x3A29,
  0x4AAA,0x1082,0xF81F,0xF81F,0xF81F,0xF81F,0xF81F,0xF81F,0xF81F,0xF81F,0xF81F,0xF81F,0xF81F,0xF81F,0xF81F,0xF81F,0xF81F,0xF81F,0xF81F,0x0000,0x420B,0x39C8,0x4A8A,0x7C71,
  0x31A7,0x7C70,0x4A8A,0x3A08,0x530B,0x1083,0x52AC,0x0000,0xF81F,0xF81F,0xF81F,0xF81F,0xF81F,0xF81F,0xF81F,0xF81F,0xF81F,0xF81F,0xF81F,0xF81F,0x0000,0x0000,0x0000,0x4AEB,
  0x5B0D,0x2946,0x638E,0x84F2,0x7451,0x7C91,0x5B2C,0x4249,0x2987,0x3A49,0x2964,0x0000,0x0000,0x0801,0xF81F,0xF81F,0xF81F,0xF81F,0xF81F,0xF81F,0xF81F,0xF81F,0xF81F,0x3A8B,
  0x3A4A,0x2146,0x31C7,0x2105,0x4AAC,0x2986,0x530C,0x8472,0x3A29,0x7C51,0x2986,0x8514,0x31E8,0x2185,0x3268,0x428E,0x1003,0xF81F,0xF81F,0xF81F,0xF81F,0xF81F,0xF81F,0xF81F,
  0xF81F,0xF81F,0x0020,0x4249,0x5B6D,0x5B4D,0x2946,0x7C92,0x20E5,0x7430,0x84B2,0x428A,0x31C7,0x63AE,0x31E8,0x2966,0x534C,0x3A28,0x0821,0xF81F,0xF81F,0xF81F,0xF81F,0xF81F,
  0xF81F,0xF81F,0xF81F,0xF81F,0x1002,0x3A49,0x4AAA,0x63AE,0x3208,0x7431,0x31C7,0x5B2D,0x52EB,0x8472,0x4269,0x31A7,0x3208,0x6C10,0x4ACA,0x4ACB,0x428A,0x3208,0x20C5,0x1001,
  0xF81F,0xF81F,0xF81F,0xF81F,0xF81F,0xF81F,0xF81F,0x0021,0x6BCE,0x4249,0x3A29,0x4B0B,0x84F2,0x29A7,0x5B4D,0x3A29,0x9514,0x3A08,0x4AAA,0x3208,0x7C91,0x31C7,0x530C,0x4AAA,
  0x2166,0x532B,0xF81F,0xF81F,0xF81F,0xF81F,0xF81F,0xF81F,0xF81F,0x0800,0x3A29,0x31A7,0x63AE,0x2125,0x4AAA,0x31C7,0x3A28,0x3A08,0x3A28,0x31A7,0x31E7,0x4249,0x4289,0x4A8A,
  0x63AD,0x3A49,0x52EC,0x5B4C,0x18E4,0xF81F,0xF81F,0xF81F,0xF81F,0xF81F,0xF81F,0x0801,0x5A2B,0x2105,0x31C7,0x10C3,0x2986,0x31E7,0x63AE,0x428A,0x7C71,0x2986,0x7C31,0x428A,
  0x7C51,0x7450,0x1104,0x31E7,0x31E7,0x10E4,0x2105,0x2146,0x18E4,0x2002,0xF81F,0xF81F,0xF81F,0xF81F,0xF81F,0x0801,0x4ACA,0x2145,0x10C3,0x2146,0x31E7,0x2966,0x4A8B,0x5B2D,
  0x8CD3,0x7C71,0x52CB,0x6BCF,0x63CE,0x2187,0x638E,0x1924,0x0862,0x1904,0x52EB,0x0021,0xF81F,0xF81F,0xF81F,0xF81F,0xF81F,0x0801,0x31E7,0x3A28,0x10A3,0x29C7,0x638E,0x63AF,
  0x2986,0x428A,0x4249,0x7C92,0x6C10,0x7410,0x426A,0x426A,0x7C71,0x31E8,0x3A29,0x4ACB,0x0021,0x2986,0x29A7,0x0801,0xF81F,0xF81F,0xF81F,0xF81F,0x0000,0x2165,0x0000,0x4269,
  0x7430,0x31C8,0x39E8,0x9554,0x2946,0x3A29,0x7430,0x1905,0x7410,0x428A,0x7C71,0x31A7,0x7C50,0x31C8,0x3A28,0x638D,0x0000,0x29A7,0x0001,0xF81F,0xF81F,0xF81F,0x0000,0x0882,
  0x1903,0x0000,0x428B,0x52EB,0x428A,0x6BEF,0x63EF,0x31A7,0x52EC,0x42AA,0x7C92,0x42AA,0x2987,0x31E8,0x5B2C,0x6BEF,0x7C71,0x530C,0x4ACB,0x4289,0x2185,0x20E4,0x0800,0xF81F,
  0xF81F,0xF81F,0x1863,0x18E3,0x2987,0x4ACB,0x2986,0x5B2C,0x4ACB,0x4ACB,0x52EC,0x7C71,0x31E8,0x7C31,0x3A08,0x7410,0x634D,0x4AAB,0x530C,0x63AE,0x2166,0x29A7,0x3A29,0x0000,
  0x0000,0xF81F,0xF81F,0xF81F,0xF81F,0x0020,0x2125,0x29C7,0x7430,0x5B4D,0x7C71,0x426A,0x4A8A,0x84B2,0x52EB,0x5B4D,0x84B2,0x39E8,0x63AF,0x63AE,0x2966,0x424A,0x638E,0x1904,
  0x31E8,0x31C8,0x29A6,0x39A8,0xF81F,0xF81F,0xF81F,0xF81F,0x31C8,0x31E8,0x2186,0x4AAA,0x31E7,0x31E8,0x3A08,0x8D13,0x530C,0x5B4D,0x8492,0x94F3,0x6C0F,0x4AAB,0x31A7,0x5B2C,
  0x5B2D,0x1925,0x29C7,0x31A7,0x73F0,0x3A49,0x20E5,0xF81F,0xF81F,0xF81F,0x0000,0x2986,0x29A7,0x6BF0,0x29C7,0x2986,0x7C72,0x31C7,0x3A49,0x2986,0x73F0,0x4AAB,0x94F4,0x636D,
  0x84B2,0x31C7,0x7C51,0x2146,0x530C,0x0883,0x3228,0x2986,0x10E4,0x31E7,0x0000,0xF81F,0xF81F,0x0801,0x31C7,0x636E,0x4249,0x1925,0x426A,0x3A08,0x638E,0x52EC,0x5B2D,0x636E,
  0x530C,0x8CF3,0x5B0C,0x7C31,0x8CB3,0x52EC,0x18C4,0x4AAB,0x42AA,0x0862,0x530C,0x6B8F,0x29A7,0x0000,0xF81F,0xF81F,0x1022,0x39C7,0x8D13,0x4269,0x2145,0x4269,0x428A,0x4229,
  0x84B2,0x7430,0x3A09,0x7430,0x7C92,0x638E,0x3A29,0x636D,0x4249,0x9DB6,0x426A,0x39E8,0x0041,0x3A08,0x29C7,0x2986,0x0821,0xF81F,0x0801,0x31C7,0x426A,0x5B6D,0x63AE,0x0000,
  0x0000,0x4269,0x4ACB,0x7430,0x31E8,0x426A,0x42AA,0x7411,0x428A,0x31E8,0x4AAB,0x6BAE,0x4A8A,0x3A69,0x0000,0x0000,0x4AAA,0x3208,0x7451,0x2185,0x0800,0x0000,0x29A6,0x6BCF,
  0x4249,0x0021,0x5B4D,0xB5D7,0x2124,0x3207,0x5B6C,0x428A,0x638E,0x3208,0x530C,0x52CB,0x7C51,0x5B4C,0x4269,0x31A7,0x0000,0xCF1C,0x3A29,0x10C3,0x5B4D,0x3228,0x3208,0x0000,
  0x0000,0x2166,0x6C0F,0x4249,0x0000,0x31A8,0x31A7,0xB5F8,0x2925,0x18C3,0x428A,0x3A29,0x3208,0x52EC,0x3A08,0x4A8A,0x31A7,0x18A3,0x18A4,0x9514,0x2987,0x7451,0x0862,0x530D,
  0x2986,0x42AA,0x0000,0x0000,0x2986,0x2986,0x4249,0x0821,0x7C92,0x3A48,0x0021,0xADD7,0x2946,0x2166,0x7450,0x52EC,0x7C51,0x31C8,0x8CD2,0x0862,0x18E4,0x94D4,0x0863,0x428A,
  0xEFBF,0x0821,0x31E7,0x1905,0x4AEB,0x0000,0x0800,0x1905,0x5B2D,0x530C,0x0841,0x9535,0x1904,0x0000,0x9536,0x7471,0x0021,0x63AE,0x84F3,0x530C,0x8471,0x31E8,0x0842,0x8492,
  0xCF1C,0x10C3,0x4ACA,0xD73D,0x0000,0x5B4D,0x1924,0x2145,0x0000,0x0000,0x31A7,0x638E,0x2146,0x0020,0xADF8,0x31C7,0x0841,0x0000,0x5B4D,0x3A08,0x8CF3,0x31E8,0x84B2,0x636D,
  0x8CB2,0x2966,0x3A29,0x4ACB,0x0000,0x42AA,0xD71C,0x0000,0x4ACB,0x3A29,0x2185,0x0000,0xF81F,0x10C3,0x52EB,0x31E8,0x2125,0x4289,0x2146,0x0021,0x2986,0x4ACB,0x63CF,0x63AE,
  0x84B2,0x31E8,0x9D14,0x5B2D,0x6B8E,0x5B2D,0x3207,0x0041,0x52EB,0x9513,0x10C4,0x2166,0x7450,0x21A5,0x0801,0xF81F,0x0000,0x31A7,0x4249,0x29A6,0x0021,0x530B,0x10C4,0x6C0F,
  0x638E,0x3A08,0x73AF,0x7410,0x31E8,0x8492,0x73CF,0x52EC,0x6BF0,0x6BEF,0x31E7,0x5B4D,0x0020,0x1905,0x3A49,0x42AA,0x0841,0xF81F,0xF81F,0x0821,0x31A8,0x2987,0x0841,0x530C,
  0x63CE,0x84B2,0x5B4D,0x5B0C,0x8CD3,0x31E8,0x7C30,0x1925,0x73EF,0x52CC,0x9D54,0x5B2D,0x6BEF,0x2145,0x4ACA,0x4AEB,0x10A3,0x3A6A,0x1904,0x0000,0xF81F,0xF81F,0xF81F,0x29A6,
  0x3A08,0x0000,0x0021,0x428A,0x4AAB,0x532C,0x3A49,0x31E8,0x530C,0x7C71,0x31C7,0x636D,0x7C72,0x4A8B,0x1083,0x3A08,0x5B4D,0x31C8,0x20E4,0x0001,0x3A09,0x2105,0xF81F,0xF81F,
  0xF81F,0xF81F,0x2966,0x0000,0x636E,0x6BCF,0x4A8B,0x4AAB,0x9514,0x7C30,0x428A,0x6BAE,0x3208,0x21A6,0x740F,0x638E,0x9514,0x8472,0x9534,0x3208,0x6BAE,0x636D,0x8492,0x0842,
  0x3187,0xF81F,0xF81F,0xF81F,0xF81F,0x0001,0x0862,0x1083,0x638F,0x3A69,0x4249,0x3207,0x740F,0xC6BB,0x636D,0x7430,0x2166,0x7430,0x84B2,0xBEBB,0x634D,0x3A28,0x3A69,0x42AA,
  0x7C51,0x0862,0x0842,0x0801,0xF81F,0xF81F,0xF81F,0xF81F,0xF81F,0x28A6,0x5B4E,0x3208,0x6C11,0x9575,0xB638,0x328C,0x0000,0x3187,0x5B4D,0x2146,0x5B6D,0x52EB,0x0800,0x677E,
  0x1882,0x6BEF,0xA616,0x31E8,0x7C91,0x1883,0x0800,0xF81F,0xF81F,0xF81F,0xF81F,0xF81F,0x0000,0x0000,0x7451,0x9556,0x1905,0x9DB6,0x0020,0x3F3E,0x10A3,0x2125,0x63AE,0x2986,
  0x0020,0x7F9F,0x0820,0x84B1,0x29A8,0xA5F7,0x18E5,0x0021,0x0801,0xF81F,0xF81F,0xF81F,0xF81F,0xF81F,0xF81F,0x0000,0x29A8,0x3A29,0x3A29,0x7451,0x8D34,0xAE7A,0x2105,0x2145,
  0x8472,0x3A08,0x73F0,0x2145,0x1062,0xB659,0xDF3D,0x9554,0x6C50,0x9D75,0x0000,0xF81F,0xF81F,0xF81F,0xF81F,0xF81F,0xF81F,0xF81F,0x0000,0x28C6,0x0000,0x31C7,0x6BEF,0x8D35,
  0xADF8,0x3209,0x6BF0,0x8CF3,0x52CC,0x6BD0,0x532D,0x530C,0xCF1B,0x5B2D,0x3A49,0x0821,0x0000,0x0802,0x0800,0xF81F,0xF81F,0xF81F,0xF81F,0xF81F,0xF81F,0xF81F,0x0000,0x2145,
  0x0862,0x0021,0x530C,0x5B4E,0x42AA,0xE7BF,0x7471,0x8D14,0x63AF,0xEFDF,0x426A,0x5B6E,0x42AB,0x0841,0x10A3,0x0862,0x0801,0xF81F,0xF81F,0xF81F,0xF81F,0xF81F,0xF81F,0xF81F,
  0xF81F,0xF81F,0x2165,0x2986,0x10A2,0x0000,0x2125,0x4ACB,0xDF7E,0x7431,0x9DB7,0x7472,0xA5B7,0x4ACB,0x31E8,0x0041,0x1924,0x1945,0x2986,0xF81F,0xF81F,0xF81F,0xF81F,0xF81F,
  0xF81F,0xF81F,0xF81F,0xF81F,0xF81F,0x3A49,0x2145,0x31C7,0x0000,0x18E3,0x29C6,0xC69B,0x63AF,0xB638,0x63CF,0xEFBF,0x0000,0x0000,0x29C7,0x1925,0x31E7,0x39E8,0xF81F,0xF81F,
  0xF81F,0xF81F,0xF81F,0xF81F,0xF81F,0xF81F,0xF81F,0xF81F,0x39E9,0x2146,0x29A7,0x2145,0x18C3,0x0020,0xC67A,0x9D76,0xADF7,0xBE59,0xF7DF,0x0000,0x18E4,0x2166,0x31E7,0x4269,
  0x41E9,0xF81F,0xF81F,0xF81F,0xF81F,0xF81F,0xF81F,0xF81F,0xF81F,0xF81F,0xF81F,0x1002,0x3A69,0x52EC,0x3A28,0x2965,0x0020,0xD71C,0x0000,0x5B6C,0x0040,0xDF3D,0x0000,0x2125,
  0x4289,0x638D,0x31A7,0x0000,0xF81F,0xF81F,0xF81F,0xF81F,0xF81F,0xF81F,0xF81F,0xF81F,0xF81F,0xF81F,0x0001,0x530C,0x42AA,0x52EB,0x41E9,0xF81F,0x520B,0x4AAB,0x0000,0x5B6D,
  0x5B0F,0xF81F,0x2985,0x742F,0x5B4C,0x4229,0x0000,0xF81F,0xF81F,0xF81F,0xF81F,0xF81F,0xF81F,0xF81F,0xF81F,0xF81F,0xF81F,0x1002,0x4B0C,0x7C91,0x4269,0x420A,0xF81F,0xF81F,
  0x1042,0x0000,0x0821,0x1823,0xF81F,0x39C7,0x7C4F,0x742F,0x638D,0x0001,0xF81F,0xF81F,0xF81F,0xF81F,0xF81F,0xF81F,0xF81F,0xF81F,0xF81F,0xF81F,0x20C7,0x536D,0x3A49,0x6C0F,
  0x31E8,0xF81F,0xF81F,0xF81F,0xF81F,0xF81F,0xF81F,0x0801,0x3A2A,0x63CE,0x5B8E,0x7471,0x52CD,0xF81F,0xF81F,0xF81F,0xF81F,0xF81F,0xF81F,0xF81F,0xF81F,0xF81F,0x0001,0xBE59,
  0x29C7,0xC6DB,0x10A3,0xB597,0x0000,0xF81F,0xF81F,0xF81F,0xF81F,0xF81F,0x1062,0x9DF7,0x0000,0x9D76,0x0841,0x8CD4,0x0000,0xF81F,0xF81F,0xF81F,0xF81F,0xF81F,0xF81F,0xF81F,
  0xF81F,0x0000,0x8D13,0x1904,0xE77E,0x1904,0xC679,0x0000,0xF81F,0xF81F,0xF81F,0xF81F,0xF81F,0x0000,0xC6DA,0x0020,0xBE9A,0x0000,0x7C51,0x0000,0xF81F,0xF81F,0xF81F,0xF81F,
  0xF81F,0xF81F,0xF81F,0xF81F,0xF81F,0x0000,0x0000,0x4B0B,0x0020,0x632C,0x0842,0xF81F,0xF81F,0xF81F,0xF81F,0xF81F,0xF81F,0x2125,0x0000,0x428A,0x0000,0x0000,0xF81F,0xF81F,
  0xF81F,0xF81F,0xF81F,0xF81F,0xF81F,0xF81F,0xF81F,0xF81F,0xF81F,0x0000,0x0000,0x0000,0x0001,0xF81F,0xF81F,0xF81F,0xF81F,0xF81F,0xF81F,0xF81F,0x0000,0x0000,0x0000,0x0000,
  0xF81F,0xF81F,0xF81F,0xF81F,0xF81F,0xF81F
};
static const uint16_t M2[] = {
  0xF81F,0xF81F,0xF81F,0xF81F,0xF81F,0xF81F,0xF81F,0xF81F,0xF81F,0xF81F,0x2064,0xF81F,0xF81F,0xF81F,0xF81F,0xF81F,0xF81F,0xF81F,0xF81F,0xF81F,0xF81F,0xF81F,0xF81F,0xF81F,
  0xF81F,0xF81F,0xF81F,0xF81F,0xF81F,0x0000,0x0822,0x2945,0x0000,0x0001,0xF81F,0xF81F,0xF81F,0xF81F,0xF81F,0xF81F,0xF81F,0xF81F,0xF81F,0xF81F,0xF81F,0xF81F,0xF81F,0xF81F,
  0xF81F,0x0000,0x39E7,0x0841,0x39E7,0x0000,0x2985,0x1042,0xF81F,0xF81F,0xF81F,0xF81F,0xF81F,0xF81F,0xF81F,0xF81F,0xF81F,0xF81F,0xF81F,0xF81F,0xF81F,0x3967,0x0041,0x3A08,
  0x0841,0x2104,0x0861,0x39C6,0x0000,0x31E7,0x0800,0xF81F,0xF81F,0xF81F,0xF81F,0xF81F,0xF81F,0xF81F,0xF81F,0xF81F,0xF81F,0x41E8,0x3186,0x0000,0x31A6,0x0861,0x0000,0x0021,
  0x2945,0x0000,0x31A6,0x28E4,0xF81F,0xF81F,0xF81F,0xF81F,0xF81F,0xF81F,0xF81F,0xF81F,0xF81F,0xF81F,0x2945,0x0020,0x0862,0x18C3,0x0841,0x5AEB,0x0000,0x18C3,0x1904,0x1083,
  0x2924,0xF81F,0xF81F,0xF81F,0xF81F,0xF81F,0xF81F,0xF81F,0xF81F,0xF81F,0xF81F,0x0802,0x0000,0x0000,0x10C3,0x4AAA,0x4249,0x3A08,0x10C3,0x0000,0x1903,0x0000,0xF81F,0xF81F,
  0xF81F,0xF81F,0xF81F,0xF81F,0xF81F,0xF81F,0xF81F,0xF81F,0x1003,0x0861,0x1082,0x18E4,0x31A6,0x1904,0x0882,0x2986,0x2104,0x10A2,0x0000,0xF81F,0xF81F,0xF81F,0xF81F,0xF81F,
  0xF81F,0xF81F,0xF81F,0xF81F,0x0000,0x2144,0x1082,0x0041,0x4AAA,0x10C3,0x4AAA,0x2945,0x2945,0x0020,0x29A6,0x2945,0x0000,0xF81F,0xF81F,0xF81F,0xF81F,0xF81F,0xF81F,0xF81F,
  0xF81F,0x2104,0x1062,0x0021,0x10A3,0x10A3,0x52CB,0x4A8A,0x39E8,0x0841,0x2104,0x0000,0x2125,0x0861,0xF81F,0xF81F,0xF81F,0xF81F,0xF81F,0xF81F,0xF81F,0x0000,0x18C3,0x4A8A,
  0x0861,0x4228,0x10A2,0x3A08,0x52AA,0x4228,0x31C6,0x31A6,0x0841,0x3186,0x2144,0x0801,0xF81F,0xF81F,0xF81F,0xF81F,0xF81F,0xF81F,0x0041,0x4248,0x1904,0x0862,0x0021,0x3A08,
  0x1904,0x5AEB,0x10C3,0x2945,0x4A69,0x2165,0x2965,0x2104,0x10A2,0x0000,0xF81F,0xF81F,0xF81F,0xF81F,0x1063,0x2125,0x10A3,0x2165,0x10A3,0x1904,0x1083,0x39C7,0x632C,0x39E7,
  0x2165,0x10A2,0x2125,0x31C7,0x39E7,0x1062,0x0020,0xF81F,0xF81F,0xF81F,0xF81F,0x1903,0x2986,0x1082,0x1904,0x2124,0x3A08,0x2124,0x3A08,0x4249,0x4A8A,0x18E3,0x2104,0x2145,
  0x2125,0x2145,0x4248,0x1923,0x1003,0xF81F,0xF81F,0x0000,0x1082,0x1904,0x39C7,0x0020,0x4249,0x4A8A,0x4AAA,0x3A08,0x31C6,0x18E4,0x39E7,0x52CB,0x1904,0x0021,0x4249,0x3A08,
  0x2124,0x0000,0xF81F,0xF81F,0x2905,0x0841,0x2965,0x2965,0x0020,0x39E7,0x0862,0x4A69,0x4249,0x10C3,0x18E4,0x52CB,0x31E7,0x18E3,0x0020,0x10C3,0x2145,0x0000,0x18A3,0xF81F,
  0xF81F,0x18E4,0x10A3,0x2985,0x4229,0x0000,0x3A28,0x31A7,0x2986,0x39E7,0x2145,0x2125,0x2145,0x1904,0x39E7,0x0000,0x10A3,0x2965,0x29A6,0x10C2,0xF81F,0x0021,0x10A2,0x31C6,
  0x4228,0x2104,0x0000,0x2986,0x31C7,0x0862,0x2965,0x4A69,0x2124,0x3A07,0x2145,0x3A08,0x0000,0x52CB,0x4A69,0x18E3,0x10A2,0x0840,0x0000,0x1082,0x2965,0x2124,0x3A08,0x0000,
  0x1904,0x0841,0x2125,0x39E8,0x2966,0x4249,0x2124,0x0841,0x2145,0x0000,0x31A6,0x31A6,0x18E3,0x1082,0x0000,0x0861,0x2966,0x2104,0x2965,0x6B8D,0x0841,0x0841,0x4A69,0x31A6,
  0x632C,0x31A7,0x5AEB,0x31C7,0x4A69,0x2965,0x0000,0x52AA,0x0020,0x5B0B,0x0862,0x0000,0x0000,0x18C3,0x31C7,0x0041,0x52AA,0x0021,0x2986,0x2965,0x4A69,0x4249,0x6B4D,0x528A,
  0x3A08,0x2104,0x1904,0x0000,0x31C7,0x0861,0x2145,0x2124,0x0040,0x0000,0x1062,0x10A2,0x31A6,0x2945,0x0000,0x2965,0x1082,0x4A89,0x2966,0x5B0C,0x4228,0x4249,0x0041,0x2124,
  0x0000,0x10A3,0x1904,0x39E8,0x1083,0x0020,0xF81F,0x2104,0x2124,0x2965,0x4A69,0x0000,0x10A3,0x528A,0x4228,0x4A8A,0x4AAA,0x39E8,0x52EB,0x4249,0x18C3,0x0000,0x1904,0x2965,
  0x10C3,0x0801,0xF81F,0xF81F,0x2965,0x18E3,0x4A89,0x29A5,0x0000,0x0861,0x1904,0x4A8A,0x31A6,0x10A2,0x10A2,0x4269,0x0842,0x0841,0x0020,0x18E3,0x3A08,0x0861,0x18A3,0xF81F,
  0xF81F,0x0000,0x18E3,0x1082,0x0021,0x0000,0x1924,0x1C5E,0x3208,0x2124,0x10A2,0x1904,0x18A4,0x0823,0x2105,0x0000,0x0020,0x10C2,0x1903,0x0000,0xF81F,0xF81F,0x0000,0x10C2,
  0x1903,0x0000,0x0020,0x29A6,0x0820,0x0000,0x0000,0x9D54,0x0862,0x0001,0x18C5,0x2966,0x0862,0x0040,0x10A2,0x2103,0x0000,0xF81F,0xF81F,0xF81F,0x0000,0xF81F,0x0000,0x0020,
  0x0841,0x10C3,0x1904,0x08A3,0xEFBF,0x2125,0x52EB,0x18E2,0x0020,0x1062,0x0020,0xF81F,0x0801,0xF81F,0xF81F,0xF81F,0xF81F,0xF81F,0xF81F,0x1062,0x18E4,0x0000,0x0800,0x4228,
  0x3A28,0xF7FF,0x5B2C,0x39A7,0x0000,0x0000,0x18E3,0x0000,0xF81F,0xF81F,0xF81F,0xF81F,0xF81F,0xF81F,0x0000,0x3A09,0x29C7,0x3A28,0x0801,0xF81F,0x0000,0x29A6,0xE77E,0x4AAA,
  0x0000,0xF81F,0x0000,0x2185,0x4288,0x2906,0x1022,0xF81F,0xF81F,0xF81F,0xBCF6,0x18A3,0x1082,0x530C,0x0001,0x6C0D,0xF81F,0x0801,0x08A1,0xDF5D,0x39E7,0x0000,0x1002,0x39E8,
  0x0020,0x6BCE,0x0801,0x0861,0xF81F,0xF81F,0xF81F,0x0000,0xF81F,0xF81F,0x73CF,0x0000,0xF81F,0x0821,0xF81F,0x0000,0xE77D,0x1082,0xF81F,0x0822,0x628C,0x0000,0x5B6C,0x0000,
  0xF81F,0x0000,0xF81F,0xF81F,0xF81F,0xF81F,0xF81F,0x18E3,0xF81F,0x0000,0x0000,0xF81F,0x0001,0xAD76,0x0821,0xF81F,0x0000,0x0000,0xF81F,0x0000,0xE6BF,0xF81F,0xF81F,0xF81F,
  0xF81F,0xF81F,0xF81F,0x1885,0x0803,0xF81F,0xF81F,0xF81F,0xF81F,0xF81F,0x9412,0xF81F,0xF81F,0xF81F,0xF81F,0xF81F,0xF81F,0x5A6D,0xF81F,0xF81F,0xF81F,0xF81F,0xF81F,0xF81F,
  0xF81F,0xF81F,0xF81F,0xF81F,0xF81F,0xF81F,0xF81F,0x0021,0xF81F,0xF81F,0xF81F,0xF81F,0xF81F,0xF81F,0xF81F,0xF81F,0xF81F,0xF81F
};
static const uint16_t M3[] = {
  0xF81F,0xF81F,0xF81F,0xF81F,0xF81F,0xF81F,0xF81F,0xF81F,0xF81F,0xF81F,0xF81F,0xF81F,0xF81F,0xF81F,0x1801,0xF81F,0xF81F,0xF81F,0xF81F,0xF81F,0xF81F,0xF81F,0xF81F,0xF81F,
  0xF81F,0xF81F,0xF81F,0xF81F,0xF81F,0xF81F,0xF81F,0xF81F,0xF81F,0xF81F,0xF81F,0xF81F,0xF81F,0xF81F,0xF81F,0xF81F,0xF81F,0x0803,0x0001,0x2949,0xF81F,0x0000,0xF81F,0xF81F,
  0xF81F,0xF81F,0xF81F,0xF81F,0xF81F,0xF81F,0xF81F,0xF81F,0xF81F,0xF81F,0xF81F,0xF81F,0xF81F,0xF81F,0xF81F,0xF81F,0xF81F,0xF81F,0xF81F,0xF81F,0xF81F,0xF81F,0x29AA,0x2167,
  0x3B10,0x21A9,0x0000,0xF81F,0xF81F,0xF81F,0xF81F,0xF81F,0xF81F,0xF81F,0xF81F,0xF81F,0xF81F,0xF81F,0xF81F,0xF81F,0xF81F,0xF81F,0xF81F,0xF81F,0xF81F,0xF81F,0xF81F,0xF81F,
  0xF81F,0xF81F,0x0000,0x1126,0x1084,0x3B2F,0x10C6,0x434E,0x0800,0xF81F,0xF81F,0xF81F,0xF81F,0xF81F,0xF81F,0xF81F,0xF81F,0xF81F,0xF81F,0xF81F,0xF81F,0xF81F,0xF81F,0xF81F,
  0xF81F,0xF81F,0xF81F,0xF81F,0xF81F,0xF81F,0x1002,0x19A9,0x1907,0x21A9,0x4391,0x21CA,0x1147,0x1989,0x0801,0x2002,0xF81F,0xF81F,0xF81F,0xF81F,0xF81F,0xF81F,0xF81F,0xF81F,
  0xF81F,0xF81F,0xF81F,0xF81F,0xF81F,0xF81F,0xF81F,0xF81F,0xF81F,0xF81F,0x29CA,0x29CA,0x324C,0x32AE,0x2A4B,0x2A0B,0x1927,0x3B2F,0x220A,0x2187,0x0883,0x0801,0xF81F,0xF81F,
  0xF81F,0xF81F,0xF81F,0xF81F,0xF81F,0xF81F,0xF81F,0xF81F,0xF81F,0xF81F,0xF81F,0xF81F,0xF81F,0x1065,0x1106,0x21CA,0x31EA,0x326D,0x18E7,0x29CA,0x3B30,0x2A2B,0x43D2,0x18E6,
  0x2189,0x1107,0x1127,0x0842,0xF81F,0xF81F,0xF81F,0xF81F,0xF81F,0xF81F,0xF81F,0xF81F,0xF81F,0xF81F,0xF81F,0xF81F,0xF81F,0x0844,0x1948,0x21EA,0x3B0F,0x2168,0x21AA,0x29CA,
  0x324C,0x5C75,0x32AD,0x1927,0x21A9,0x320C,0x10A6,0x1106,0x1106,0x1885,0xF81F,0xF81F,0xF81F,0xF81F,0xF81F,0xF81F,0xF81F,0xF81F,0xF81F,0xF81F,0xF81F,0x1022,0x19A9,0x21EA,
  0x1107,0x1927,0x2A4C,0x2169,0x2A2D,0x1107,0x4BB4,0x4350,0x0863,0x43B1,0x2A0B,0x21A9,0x10E6,0x222B,0x1106,0x0000,0xF81F,0xF81F,0xF81F,0xF81F,0xF81F,0xF81F,0xF81F,0xF81F,
  0xF81F,0x0000,0x21CA,0x2188,0x19EA,0x324B,0x10E6,0x5496,0x21A9,0x2A6E,0x2A4D,0x4BB3,0x3ACF,0x10E5,0x3ACF,0x1927,0x328E,0x1106,0x1968,0x21EA,0x08E5,0xF81F,0xF81F,0xF81F,
  0xF81F,0xF81F,0xF81F,0xF81F,0xF81F,0xF81F,0x1105,0x1967,0x1927,0x21EA,0x328D,0x220B,0x18C5,0x3ACE,0x21CB,0x4331,0x3AEF,0x1927,0x4351,0x1947,0x3ACF,0x10A4,0x1947,0x10E5,
  0x10E5,0x1947,0x0842,0xF81F,0xF81F,0xF81F,0xF81F,0xF81F,0xF81F,0xF81F,0xF81F,0x1106,0x21E9,0x2A6C,0x2189,0x2A4C,0x54D7,0x18E6,0x324C,0x4393,0x3ACF,0x3AAE,0x1926,0x4352,
  0x2A2C,0x2A4C,0x3B10,0x330E,0x330E,0x1926,0x1946,0x1125,0xF81F,0xF81F,0xF81F,0xF81F,0xF81F,0xF81F,0xF81F,0x0823,0x1948,0x18E6,0x21C9,0x3B71,0x2A8E,0x2189,0x3ACF,0x29C9,
  0x4392,0x324C,0x2A2C,0x1906,0x3AF0,0x21C9,0x328F,0x328E,0x1989,0x21A9,0x2A2A,0x1927,0x1967,0x0000,0xF81F,0xF81F,0xF81F,0xF81F,0xF81F,0xF81F,0x0885,0x0864,0x0884,0x43D3,
  0x32AE,0x2A8E,0x2168,0x4BD4,0x2167,0x4370,0x29EB,0x08C4,0x1968,0x10A4,0x2A2B,0x3AF0,0x1926,0x21EA,0x5C74,0x1968,0x0884,0x1947,0x0000,0xF81F,0xF81F,0xF81F,0xF81F,0xF81F,
  0x0000,0x1106,0x10A4,0x19CA,0x1106,0x4C14,0x220B,0x1927,0x21A9,0x2189,0x29C9,0x2189,0x324C,0x4310,0x21C9,0x1968,0x10E6,0x1988,0x19A9,0x10E6,0x21C9,0x2A4D,0x0021,0x1125,
  0x0000,0xF81F,0xF81F,0xF81F,0xF81F,0x0000,0x10C5,0x21AA,0x21C9,0x10E5,0x08A4,0x1988,0x29C9,0x10E5,0x3AAF,0x1947,0x2189,0x5C15,0x4B71,0x4331,0x1106,0x2A0C,0x1988,0x21C9,
  0x08C5,0x21C9,0x21EA,0x1988,0x08A3,0x0020,0xF81F,0xF81F,0xF81F,0xF81F,0x0801,0x0884,0x21EA,0x21CA,0x19A9,0x0862,0x21A9,0x326D,0x1947,0x326D,0x1968,0x2A0C,0x6476,0x2A4C,
  0x4352,0x1969,0x220C,0x10E6,0x21EA,0x0022,0x21E8,0x2AAE,0x1947,0x0883,0x0801,0xF81F,0xF81F,0xF81F,0xF81F,0x0000,0x1947,0x2ACE,0x1968,0x0884,0x0842,0x21EA,0x4372,0x2188,
  0x4352,0x2A4C,0x222B,0x6456,0x1989,0x32AE,0x3AAE,0x21AA,0x3AAE,0x29CA,0x19C8,0x10C4,0x1926,0x3ACF,0x1968,0x0000,0xF81F,0xF81F,0xF81F,0x0000,0x324C,0x2188,0x1126,0x1946,
  0x326B,0x21EB,0x2A2C,0x21AA,0x328D,0x21A9,0x4BB3,0x1968,0x5C15,0x4331,0x4350,0x21AA,0x21E9,0x4351,0x21E9,0x1989,0x0883,0x21C9,0x1127,0x1106,0x21C7,0x0000,0xF81F,0xF81F,
  0x0000,0x1927,0x1927,0x10C5,0x1987,0x08A4,0x2ACF,0x21A9,0x2A6C,0x1084,0x2A0B,0x3AF0,0x21A9,0x53D4,0x4B92,0x10A4,0x21C9,0x1968,0x10C5,0x2A6D,0x10C5,0x19A8,0x2B0E,0x10A4,
  0x2168,0x1947,0x0000,0xF81F,0xF81F,0x18C6,0x18C6,0x29AA,0x1989,0x10C4,0x2A4C,0x1926,0x21EA,0x21C9,0x10A4,0x1128,0x324C,0x21CB,0x5415,0x53B3,0x0883,0x2A0C,0x1947,0x1969,
  0x1927,0x3B30,0x19A8,0x0863,0x220A,0x2A0A,0x1968,0x1966,0xF81F,0xF81F,0x21C9,0x1907,0x2A0C,0x1989,0x0884,0x21C9,0x18E6,0x2A4C,0x2188,0x4BD3,0x3ACF,0x328D,0x3B10,0x4352,
  0x2A4C,0x1948,0x3AF0,0x21A9,0x4C14,0x1968,0x1988,0x1127,0x08A4,0x1988,0x2A6C,0x0883,0x21C8,0xF81F,0xF81F,0x2188,0x10C7,0x326D,0x08A3,0x0862,0x19A8,0x21A8,0x2189,0x1989,
  0x2168,0x3B10,0x3AEF,0x2A2B,0x53D4,0x21EA,0x53B4,0x3AF0,0x3B31,0x1947,0x21A8,0x1988,0x08A4,0x0000,0x1167,0x32CE,0x3ACE,0x2187,0xF81F,0x0021,0x1926,0x3B10,0x2A2C,0x0801,
  0x2188,0x1085,0x1946,0x21C9,0x2A0B,0x3AD0,0x1968,0x2A0C,0x1928,0x4331,0x324C,0x4BB3,0x10E6,0x3ACF,0x10E6,0x1988,0x0021,0x1064,0x0022,0x1106,0x220A,0x3ACE,0x1126,0x0801,
  0x0021,0x18E6,0x328E,0x1947,0x0000,0x0841,0x1907,0x4390,0x4370,0x1147,0x4392,0x21A9,0x21AA,0x1927,0x3AAE,0x326C,0x1926,0x2188,0x2189,0x1947,0x5C76,0x5BF3,0x18C6,0x0000,
  0x08E5,0x21C9,0x328D,0x1106,0x0042,0x0822,0x2188,0x3AAE,0x2A0B,0x0000,0x1946,0x1988,0x0822,0x5C34,0x2A0A,0x08C4,0x1126,0x21EA,0x3AAE,0x1947,0x10C4,0x4370,0x1968,0x0884,
  0x0000,0x29AC,0x1988,0x10C4,0x0883,0x0042,0x19A9,0x1947,0x326C,0x0041,0x0822,0x328D,0x1106,0x32AD,0x0000,0x4350,0x21C9,0x0021,0x2188,0x759A,0x10C4,0x5C55,0x4BB2,0x5414,
  0x2188,0x3ACF,0x21CA,0x4370,0x0000,0x6D19,0x0000,0x0883,0x21C9,0x220B,0x0000,0x1968,0x32AE,0x2188,0x0061,0x0021,0x3ACD,0x10E6,0x326D,0x0021,0x430F,0x19A8,0x1125,0x10E4,
  0x328D,0x4391,0x5414,0x29EA,0x5C55,0x2A0B,0x53D4,0x08E6,0x53D3,0x21C9,0x4BD4,0x0000,0x08C4,0x1126,0x2AAE,0x0021,0x2A2D,0x0042,0x324C,0x0041,0x0001,0x10E5,0x326D,0x2A6D,
  0x0843,0x0842,0x19A9,0x1105,0x0021,0x1967,0x4B91,0x2A0C,0x5C56,0x3ACD,0x53D3,0x21C9,0x4C13,0x3AEF,0x326E,0x3B50,0x0000,0x08A3,0x1167,0x21A9,0x10E5,0x2A2B,0x32AD,0x08E5,
  0x0001,0xF81F,0x10E5,0x3ACE,0x326D,0x21EA,0x0021,0x2A2C,0x08C5,0x21A8,0x3B30,0x53F3,0x2189,0x64D7,0x21CA,0x5C15,0x6495,0x328D,0x326D,0x3B10,0x4351,0x08A4,0x0042,0x224B,
  0x0021,0x19C9,0x2A4C,0x326C,0x0843,0xF81F,0xF81F,0x1126,0x0842,0x2A4D,0x1967,0x1105,0x0041,0x43B2,0x1926,0x3B30,0x29EA,0x4BD3,0x322C,0x3ACE,0x4392,0x4330,0x1927,0x4310,
  0x324C,0x1947,0x2188,0x2A4C,0x08A4,0x1106,0x1988,0x2189,0x3AAD,0x18E5,0xF81F,0xF81F,0x1947,0x1926,0x21CA,0x10E6,0x1125,0x10E4,0x1126,0x21A8,0x326D,0x2189,0x4330,0x64D7,
  0x4BB2,0x29C9,0x2A6D,0x6CF7,0x5414,0x218A,0x2169,0x21EA,0x2188,0x21A8,0x0905,0x1967,0x1988,0x1126,0x1906,0xF81F,0xF81F,0x2126,0x10E5,0x220B,0x21E9,0x0041,0x220A,0x328D,
  0x10E5,0x4BB3,0x6496,0x42CF,0x324C,0x29CA,0x3A8D,0x10E6,0x5C57,0x4311,0x53F4,0x53D3,0x21A9,0x328D,0x29E9,0x00A4,0x21C9,0x220A,0x10C4,0x1064,0xF81F,0xF81F,0x1002,0x1906,
  0x326D,0x21C9,0x0042,0x1968,0x328D,0x08C5,0x21C9,0x1988,0x53F4,0x4370,0x4B91,0x3ACD,0x4332,0x1928,0x3ACF,0x29EB,0x1168,0x1126,0x21C9,0x1146,0x0000,0x1947,0x2A0A,0x1946,
  0x0800,0xF81F,0xF81F,0x0800,0x18C5,0x08C5,0x0021,0x1988,0x21AA,0x2A6C,0x21C9,0x0862,0x10C3,0x1967,0x5414,0x42EE,0x2A0A,0x328E,0x4B72,0x4352,0x0884,0x0021,0x21C9,0x21E9,
  0x21A8,0x1105,0x0063,0x32AC,0x1947,0x1001,0xF81F,0xF81F,0x0800,0x1905,0x21A8,0x0863,0x0022,0x1989,0x21C9,0x432F,0x0000,0xF7BF,0x0861,0x4370,0x2A0A,0x21C9,0x21EB,0x5414,
  0x2A4C,0xFFFF,0x0000,0x21C9,0x1967,0x2A0B,0x0021,0x19E9,0x1127,0x2146,0x0801,0xF81F,0xF81F,0xF81F,0x0000,0x21C9,0x0021,0x3ACD,0x4BB1,0x21A8,0x3ACF,0x10C6,0x10E4,0x0841,
  0x2A6B,0x42CD,0x322B,0x2A4D,0x19C9,0x0000,0x0062,0x324B,0x53F2,0x1126,0x3AEE,0x21A9,0x0020,0x10E5,0x0000,0xF81F,0xF81F,0xF81F,0xF81F,0x0000,0x2188,0x0021,0x220A,0x2A4B,
  0x1147,0x21CA,0x4331,0x4C14,0x19EA,0x3B0E,0x4351,0x6415,0x5392,0x5C54,0x10E5,0x3B0F,0x53F3,0x1127,0x21EA,0x19A9,0x0862,0x0905,0x10E5,0x0000,0xF81F,0xF81F,0xF81F,0xF81F,
  0x0000,0x10C4,0x10E5,0x0000,0x1946,0x0822,0x08A5,0x0885,0x10C6,0x32F0,0x21EB,0x6455,0x10E6,0x42EE,0x4B51,0x1968,0x324C,0x10A4,0x0863,0x0022,0x1926,0x0821,0x19A8,0x10C4,
  0x0000,0xF81F,0xF81F,0xF81F,0xF81F,0xF81F,0x0022,0x10E5,0x08A4,0x10E4,0x0000,0xA6DE,0x326C,0x328E,0x21EB,0x4371,0x6C95,0x53D4,0x5352,0x1127,0x326D,0x3ACE,0x19A8,0x6471,
  0x0000,0x0000,0x1967,0x1967,0x0882,0xF81F,0xF81F,0xF81F,0xF81F,0xF81F,0xF81F,0x0000,0x08A4,0x1986,0x428B,0xEFDF,0x0001,0x2188,0x29E9,0x3B11,0x4B92,0x328D,0x6C54,0x326E,
  0x4330,0x2A2C,0x0883,0x19A8,0x0021,0xF7FF,0x74B4,0x21A9,0x1105,0x0021,0xF81F,0xF81F,0xF81F,0xF81F,0xF81F,0xF81F,0xF81F,0x1966,0x1986,0x4B2E,0xF7FF,0x0863,0x0021,0x21EB,
  0x32CF,0x21CB,0x8599,0x0886,0x5BF5,0x0042,0x4331,0x32CF,0x00A3,0x08A3,0xD7BF,0x7D79,0x21C8,0x1967,0x0801,0xF81F,0xF81F,0xF81F,0xF81F,0xF81F,0xF81F,0xF81F,0x2A2A,0x21A8,
  0x322A,0xC7DF,0x3C14,0x0000,0x21EA,0x3B0F,0x2A4B,0x1989,0x7499,0x328F,0x2A6D,0x3ACF,0x0843,0x0000,0x0063,0xA6DE,0x7517,0x21C8,0x21C9,0x1802,0xF81F,0xF81F,0xF81F,0xF81F,
  0xF81F,0xF81F,0xF81F,0x29E8,0x21A8,0x0863,0x5D37,0xD79F,0xA67C,0x3B2F,0x2A4B,0x3AAD,0x326D,0x322E,0x29CC,0x5C55,0x1988,0x5C35,0xAEFF,0xCF9F,0x4BD4,0x0042,0x2A2B,0x2188,
  0xF81F,0xF81F,0xF81F,0xF81F,0xF81F,0xF81F,0xF81F,0x0000,0x1947,0x2A2A,0x10E4,0x0000,0x4392,0xBF7E,0x32EE,0x2A6D,0x326C,0x53F4,0x6458,0x4B53,0x0864,0x2A8E,0x53F4,0x64B8,
  0x4392,0x3B4F,0x08C4,0x10C5,0x10C5,0x0000,0xF81F,0xF81F,0xF81F,0xF81F,0xF81F,0xF81F,0x0001,0x4B0E,0x322A,0x1987,0x29E8,0x1084,0x320A,0x0043,0x320C,0x21EA,0x328F,0x218A,
  0x1908,0x328F,0x1148,0x0000,0x324A,0x0842,0x0863,0x2209,0x2A4A,0x32AD,0x0001,0xF81F,0xF81F,0xF81F,0xF81F,0xF81F,0xF81F,0x0000,0x6C71,0x2989,0x10C5,0x4B8F,0x0001,0xF81F,
  0xF81F,0x0001,0x4332,0x74FB,0x2A2F,0x29F0,0x5499,0x0000,0xF81F,0xF81F,0x0000,0x21CB,0x42CD,0x1926,0x2129,0x0001,0xF81F,0xF81F,0xF81F,0xF81F,0xF81F,0xF81F,0xF81F,0x2947,
  0x0801,0x0001,0x29C9,0xF81F,0xF81F,0xF81F,0x1001,0x63D6,0x08A6,0x196B,0x214B,0x1868,0x2A4E,0xF81F,0xF81F,0xF81F,0x1044,0x1064,0x0001,0x2989,0xF81F,0xF81F,0xF81F,0xF81F,
  0xF81F,0xF81F,0xF81F,0xF81F,0x0803,0x0001,0xF81F,0x0802,0xF81F,0xF81F,0xF81F,0x0801,0x08E9,0x0001,0x198A,0x0822,0x0803,0x0002,0xF81F,0xF81F,0xF81F,0x0801,0xF81F,0xF81F,
  0xF81F,0xF81F,0xF81F,0xF81F,0xF81F,0xF81F,0xF81F,0xF81F,0xF81F,0xF81F,0xF81F,0xF81F,0xF81F,0xF81F,0xF81F,0xF81F,0xF81F,0xF81F,0x1045,0x1022,0x1022,0x0000,0xF81F,0xF81F,
  0xF81F,0xF81F,0xF81F,0xF81F,0xF81F,0xF81F,0xF81F,0xF81F,0xF81F,0xF81F
};
static const uint16_t M4[] = {
  0xF81F,0xF81F,0xF81F,0xF81F,0xF81F,0xF81F,0xF81F,0xF81F,0xF81F,0x0023,0x0023,0xF81F,0xF81F,0xF81F,0xF81F,0xF81F,0xF81F,0xF81F,0xF81F,0xF81F,0xF81F,0xF81F,0xF81F,0xF81F,
  0xF81F,0xF81F,0xF81F,0xF81F,0xF81F,0xF81F,0xF81F,0xF81F,0x0002,0x0884,0xF81F,0xF81F,0xF81F,0xF81F,0xF81F,0xF81F,0xF81F,0xF81F,0xF81F,0xF81F,0xF81F,0xF81F,0xF81F,0xF81F,
  0xF81F,0xF81F,0x0000,0x0023,0x3331,0x54D6,0xF81F,0xF81F,0xF81F,0xF81F,0xF81F,0xF81F,0xF81F,0xF81F,0xF81F,0xF81F,0x1804,0x0803,0xF81F,0xF81F,0xF81F,0xF81F,0xF81F,0xF81F,
  0xF81F,0xF81F,0xF81F,0x5D59,0x22CF,0x1106,0x0000,0xF81F,0xF81F,0xF81F,0xF81F,0xF81F,0xF81F,0xF81F,0xF81F,0xF81F,0xF81F,0xF81F,0xF81F,0xF81F,0x1005,0x3AD1,0x1107,0x19EA,
  0x2B11,0xF81F,0xF81F,0xF81F,0xF81F,0xF81F,0xF81F,0xF81F,0x1867,0x0021,0x19AB,0x2A4E,0x11CB,0x0022,0x0800,0xF81F,0xF81F,0xF81F,0xF81F,0xF81F,0xF81F,0x0000,0x4B75,0x196A,
  0x08A5,0x1A6E,0xF81F,0xF81F,0xF81F,0xF81F,0xF81F,0xF81F,0xF81F,0xF81F,0xF81F,0xF81F,0xF81F,0xF81F,0xF81F,0x3B10,0x1127,0x0844,0x0885,0x218B,0x10A6,0xF81F,0xF81F,0xF81F,
  0xF81F,0xF81F,0x192A,0x08E7,0x2A2D,0x198A,0x3290,0x21EC,0x2AAE,0x08C6,0x298A,0xF81F,0xF81F,0xF81F,0xF81F,0xF81F,0x3A70,0x198B,0x0844,0x0001,0x1189,0x1AAF,0x418E,0xF81F,
  0xF81F,0xF81F,0xF81F,0xF81F,0xF81F,0xF81F,0xF81F,0xF81F,0x0802,0x2AF0,0x1949,0x1108,0xF81F,0x0000,0x1929,0x19CB,0x1007,0xF81F,0xF81F,0xF81F,0x294A,0x216A,0x2A6E,0x21ED,
  0x3311,0x4394,0x21AB,0x220C,0x1107,0x10E7,0x10A6,0xF81F,0xF81F,0xF81F,0xF81F,0x32CF,0x0885,0x0000,0xF81F,0x08E5,0x194A,0x1AAF,0x1802,0xF81F,0xF81F,0xF81F,0xF81F,0xF81F,
  0xF81F,0xF81F,0x1002,0x3BB3,0x198A,0x1909,0x28CA,0xF81F,0x0801,0x1148,0x224D,0x0000,0xF81F,0xF81F,0x0885,0x19AB,0x198B,0x1129,0x2A90,0x198A,0x4354,0x2A8F,0x19AB,0x2A8F,
  0x2A4E,0x19CB,0x0042,0xF81F,0xF81F,0x0000,0x2A6E,0x0885,0x0000,0xF81F,0xF81F,0x18E8,0x192B,0x3BF7,0x0001,0xF81F,0xF81F,0xF81F,0xF81F,0xF81F,0xF81F,0xF81F,0x10E8,0x1149,
  0x1802,0xF81F,0xF81F,0xF81F,0x18E6,0x19CA,0x0002,0xF81F,0x1804,0x21AB,0x10A6,0x198A,0x1108,0x220C,0x64D9,0x3B55,0x222C,0x3B32,0x2A6E,0x220D,0x0064,0x19C9,0xF81F,0xF81F,
  0x0000,0x222C,0x10E8,0x1004,0xF81F,0xF81F,0x0000,0x20E9,0x194A,0xF81F,0xF81F,0xF81F,0xF81F,0xF81F,0xF81F,0xF81F,0x4C37,0x0801,0x0000,0xF81F,0xF81F,0xF81F,0xF81F,0xF81F,
  0x198B,0x6377,0xF81F,0x0884,0x1948,0x1148,0x1989,0x32F0,0x19CB,0x224D,0x32F1,0x19AA,0x21CB,0x2A2C,0x1108,0x1149,0x10E7,0x0021,0xF81F,0x53D7,0x196A,0x0000,0xF81F,0xF81F,
  0xF81F,0xF81F,0xF81F,0x0000,0x2A4E,0xF81F,0xF81F,0xF81F,0xF81F,0xF81F,0x0000,0x226E,0x1802,0xF81F,0xF81F,0x1007,0x0000,0x1003,0xF81F,0x1128,0x198A,0xF81F,0x08C6,0x1948,
  0x32AF,0x1127,0x1129,0x222D,0x220D,0x2A2D,0x1107,0x19AB,0x2A8E,0x1108,0x21CB,0x21CB,0x08A4,0xF81F,0x21AD,0x1969,0x0000,0xF81F,0x0000,0x0802,0xF81F,0xF81F,0x1085,0x3351,
  0x1044,0xF81F,0xF81F,0xF81F,0xF81F,0x4B74,0x19CB,0x1802,0xF81F,0xF81F,0x320E,0x2B0F,0x212A,0xF81F,0x1107,0x1147,0x2129,0x10E7,0x1128,0x1969,0x0044,0x196A,0x1107,0x4373,
  0x2A2D,0x19AB,0x1928,0x32D0,0x1128,0x21AA,0x08E7,0x08C5,0x0023,0x1128,0x1907,0xF81F,0x0000,0x32B2,0x08E6,0xF81F,0xF81F,0x0801,0x114B,0x53F4,0xF81F,0xF81F,0xF81F,0x0000,
  0x2A2E,0x0002,0xF81F,0xF81F,0x1047,0x11CB,0x10C6,0x19AA,0x0000,0xF81F,0x0906,0x11A9,0x0043,0x08E6,0x1148,0x1169,0x1169,0x1128,0x0885,0x0023,0x0064,0x19AA,0x1168,0x1106,
  0x08C6,0x0084,0x0042,0x19AB,0x1127,0x10C4,0x0000,0x21AD,0x1108,0x224D,0x0001,0xF81F,0xF81F,0x0846,0x3291,0x0000,0xF81F,0xF81F,0x0000,0x220D,0xF81F,0xF81F,0x2045,0x2A30,
  0x0947,0x0884,0x1168,0x2AEF,0x0001,0x1129,0x11CA,0x0002,0x08C5,0x1107,0x0884,0x1107,0x0022,0x1969,0x1149,0x19CA,0x0042,0x1127,0x08A4,0x1127,0x08C5,0x0042,0x19AA,0x1126,
  0x0000,0x2A71,0x198A,0x10C7,0x198A,0x4BB7,0x0000,0xF81F,0xF81F,0x2A90,0x0000,0xF81F,0xF81F,0x21ED,0x0002,0xF81F,0xF81F,0x3BB5,0x194C,0x0926,0x1004,0x08E6,0x1148,0x4375,
  0x0002,0x0907,0x08E8,0x0023,0x08A4,0x0001,0x118A,0x19CC,0x21EB,0x4C16,0x21ED,0x21EC,0x220B,0x0063,0x08A5,0x0064,0x0044,0x1106,0x0843,0x3354,0x1108,0x0885,0x0000,0x08A5,
  0x198B,0x5355,0xF81F,0xF81F,0x0000,0x1A6D,0x0800,0x0802,0x31F0,0x0000,0xF81F,0x20EA,0x226F,0x1129,0x1064,0xF81F,0xF81F,0x08E7,0x19CB,0x0867,0x0043,0x1169,0x10E6,0x0020,
  0x21CB,0x222D,0x1129,0x64B9,0x2A4F,0x2A4E,0x21EC,0x19AA,0x1989,0x0000,0x08A6,0x118A,0x10E5,0x0023,0x198B,0x10C7,0x0023,0xF81F,0x1026,0x1989,0x226F,0x0000,0xF81F,0x1825,
  0x21ED,0x0802,0x0845,0x08A8,0xF81F,0xF81F,0x2A2D,0x1107,0x1926,0xF81F,0xF81F,0xF81F,0x0802,0x1128,0x1149,0x11AA,0x08A4,0x10E7,0x198A,0x32F0,0x1149,0x2AB0,0x3B32,0x4394,
  0x4374,0x43B4,0x21CB,0x196A,0x1148,0x1148,0x08E6,0x10E8,0x192A,0x1107,0x0000,0xF81F,0xF81F,0xF81F,0x2169,0x2A0E,0x39F0,0xF81F,0xF81F,0x0826,0x2189,0x0865,0x0000,0xF81F,
  0xF81F,0x3B11,0x10E8,0x0861,0xF81F,0xF81F,0xF81F,0x0804,0x0002,0x0884,0x1129,0x328E,0x0000,0x1149,0x21EC,0x220C,0x220D,0x2A4E,0x3AF1,0x2A4E,0x1149,0x328F,0x196A,0x1989,
  0x0000,0x1148,0x220D,0x10E6,0x0000,0xF81F,0xF81F,0xF81F,0xF81F,0x2148,0x10E9,0x2AF3,0xF81F,0xF81F,0x0000,0x2189,0x0023,0x0000,0xF81F,0x0804,0x2A6F,0x29AC,0xF81F,0xF81F,
  0xF81F,0x0000,0x222F,0x32D2,0x1969,0x0023,0x1A0B,0x0843,0x1169,0x1148,0x1149,0x21EC,0x220C,0x19EC,0x19CB,0x32CF,0x220B,0x1147,0x1106,0x0001,0x1169,0x08C5,0x2B11,0x2AD1,
  0x112A,0x0000,0xF81F,0xF81F,0x0801,0x21AC,0x3B72,0x0883,0xF81F,0x0001,0x196A,0xF81F,0xF81F,0xF81F,0x5D7B,0x0824,0xF81F,0xF81F,0xF81F,0xF81F,0x324E,0x3B11,0x196B,0x21ED,
  0x220D,0x0000,0x0000,0x08C6,0x1168,0x1148,0x1928,0x196A,0x32F2,0x220D,0x0043,0x1968,0x21EA,0x19CA,0x0000,0x08E4,0x10E7,0x3B13,0x1907,0x6D79,0x220D,0xF81F,0xF81F,0xF81F,
  0xF81F,0x08A4,0x0883,0xF81F,0xF81F,0xF81F,0xF81F,0xF81F,0x0000,0x3B71,0x1043,0xF81F,0xF81F,0xF81F,0x0000,0x5436,0x1949,0x0844,0x1129,0x19AB,0x2AD1,0x0000,0x10E7,0x0043,
  0x220C,0x21CD,0x4373,0x3333,0x2A90,0x21AB,0x2A2C,0x0065,0x21EB,0x0020,0x4436,0x21EC,0x10E7,0x0002,0x214B,0x19CC,0x0000,0xF81F,0xF81F,0xF81F,0x10A5,0x2AF0,0x0802,0xF81F,
  0xF81F,0xF81F,0xF81F,0x0000,0x1989,0x1042,0xF81F,0xF81F,0xF81F,0x7438,0x32D0,0x19AA,0x0001,0x08A6,0x10E7,0x11AA,0x1A6F,0x0843,0x10C7,0x21EC,0x19AB,0x4394,0x220D,0x2A8F,
  0x21EB,0x220B,0x19AA,0x0023,0x118A,0x08A6,0x1128,0x1129,0x0822,0x192A,0x5D39,0x328E,0xF81F,0xF81F,0xF81F,0x1824,0x22F0,0x0802,0xF81F,0xF81F,0xF81F,0xF81F,0x324D,0x1928,
  0xF81F,0xF81F,0xF81F,0xF81F,0x6C98,0x19CB,0x1949,0xF81F,0x0000,0x1065,0x1128,0x08A6,0x0022,0x226F,0x0000,0x2357,0x220B,0x2A8F,0x3310,0x571E,0x0000,0x222B,0x0000,0x08E6,
  0x1148,0x10C6,0x0000,0xF81F,0x2108,0x118B,0x3B33,0xF81F,0xF81F,0xF81F,0x0000,0x1108,0x328E,0xF81F,0xF81F,0xF81F,0xF81F,0x224C,0x1064,0xF81F,0xF81F,0xF81F,0x0000,0x3B32,
  0x0907,0x0021,0xF81F,0xF81F,0xF81F,0x0801,0x3AF0,0x32F0,0x08E8,0x21CB,0x0048,0x0023,0x2AB0,0x0023,0x0827,0x222D,0x2AAD,0x2AD0,0x1928,0x0021,0xF81F,0xF81F,0xF81F,0x0001,
  0x1109,0x2AF1,0x0001,0xF81F,0xF81F,0xF81F,0x0845,0x29EB,0xF81F,0xF81F,0xF81F,0xF81F,0x0022,0x0001,0xF81F,0xF81F,0xF81F,0x0001,0x3B52,0x11CA,0x0844,0xF81F,0xF81F,0xF81F,
  0x10A8,0x3475,0x1129,0x1907,0x1A0E,0x32F4,0x0003,0x1A4E,0x0822,0x3292,0x2A6F,0x08C6,0x1169,0x5CBA,0x294C,0xF81F,0xF81F,0xF81F,0xF81F,0x1169,0x2AAF,0x0000,0xF81F,0xF81F,
  0xF81F,0x0825,0x0002,0xF81F,0xF81F,0xF81F,0xF81F,0x22B0,0xF81F,0xF81F,0xF81F,0xF81F,0x43F4,0x4374,0x11AA,0xF81F,0xF81F,0xF81F,0xF81F,0x3B94,0x18A6,0x0802,0x1023,0x0865,
  0x194A,0x194C,0x1065,0x2ACE,0x08A6,0x19CB,0x0000,0x0021,0x19EC,0x44B7,0xF81F,0xF81F,0xF81F,0xF81F,0x0969,0x3B30,0x224C,0xF81F,0xF81F,0xF81F,0x0800,0x3310,0xF81F,0xF81F,
  0xF81F,0xF81F,0x2A0F,0xF81F,0xF81F,0xF81F,0xF81F,0x0044,0x1949,0x0844,0xF81F,0xF81F,0xF81F,0xF81F,0x1129,0x3AF0,0xF81F,0xF81F,0x0001,0x1AD0,0x1128,0x0001,0x08E6,0x19ED,
  0x0801,0xF81F,0xF81F,0x196B,0x11EC,0xF81F,0xF81F,0xF81F,0xF81F,0x0022,0x192A,0x10C7,0xF81F,0xF81F,0xF81F,0x0001,0x2A8E,0xF81F,0xF81F,0xF81F,0xF81F,0x0802,0xF81F,0xF81F,
  0xF81F,0xF81F,0x43B5,0x1148,0xF81F,0xF81F,0xF81F,0xF81F,0xF81F,0x0001,0x1A4F,0xF81F,0xF81F,0xF81F,0x222D,0x0085,0x08A5,0x0885,0x212C,0x1002,0xF81F,0x3190,0x21AE,0x10A5,
  0xF81F,0xF81F,0xF81F,0xF81F,0xF81F,0x216C,0x4B53,0xF81F,0xF81F,0xF81F,0xF81F,0x0001,0xF81F,0xF81F,0xF81F,0xF81F,0xF81F,0xF81F,0xF81F,0xF81F,0xF81F,0x4B95,0x222D,0xF81F,
  0xF81F,0xF81F,0xF81F,0xF81F,0xF81F,0x1026,0x128C,0x0000,0xF81F,0x10C5,0x0000,0x0000,0x0000,0x312B,0xF81F,0x0000,0x022B,0x0001,0xF81F,0xF81F,0xF81F,0xF81F,0xF81F,0x0000,
  0x214B,0x5C76,0xF81F,0xF81F,0xF81F,0xF81F,0xF81F,0xF81F,0xF81F,0xF81F,0xF81F,0xF81F,0xF81F,0xF81F,0xF81F,0xF81F,0x32F0,0x21AA,0xF81F,0xF81F,0xF81F,0xF81F,0xF81F,0xF81F,
  0xF81F,0xF81F,0x1003,0xF81F,0xF81F,0x0000,0xF81F,0xF81F,0xF81F,0xF81F,0x1002,0xF81F,0xF81F,0xF81F,0xF81F,0xF81F,0xF81F,0xF81F,0xF81F,0x1107,0x2AAD,0xF81F,0xF81F,0xF81F,
  0xF81F,0xF81F,0xF81F,0xF81F,0xF81F,0xF81F,0xF81F,0xF81F,0xF81F,0xF81F,0xF81F,0x2A6D,0x1968,0xF81F,0xF81F,0xF81F,0xF81F,0xF81F,0xF81F,0xF81F,0xF81F,0xF81F,0xF81F,0xF81F,
  0xF81F,0xF81F,0xF81F,0xF81F,0xF81F,0xF81F,0xF81F,0xF81F,0xF81F,0xF81F,0xF81F,0xF81F,0xF81F,0xF81F,0x08A6,0x2AED,0xF81F,0xF81F,0xF81F,0xF81F,0xF81F,0xF81F,0xF81F,0xF81F,
  0xF81F,0xF81F,0xF81F,0xF81F,0xF81F,0xF81F,0x2A8D,0x21EA,0xF81F,0xF81F,0xF81F,0xF81F,0xF81F,0xF81F,0xF81F,0xF81F,0xF81F,0xF81F,0xF81F,0xF81F,0xF81F,0xF81F,0xF81F,0xF81F,
  0xF81F,0xF81F,0xF81F,0xF81F,0xF81F,0xF81F,0xF81F,0xF81F,0xF81F,0x3AD0,0x19E8,0xF81F,0xF81F,0xF81F,0xF81F,0xF81F,0xF81F,0xF81F,0xF81F,0xF81F,0xF81F,0xF81F,0xF81F,0xF81F,
  0xF81F,0x0000,0x21EA,0xF81F,0xF81F,0xF81F,0xF81F,0xF81F,0xF81F,0xF81F,0xF81F,0xF81F,0xF81F,0xF81F,0xF81F,0xF81F,0xF81F,0xF81F,0xF81F,0xF81F,0xF81F,0xF81F,0xF81F,0xF81F,
  0xF81F,0xF81F,0xF81F,0xF81F,0x32AF,0x0000,0xF81F,0xF81F,0xF81F,0xF81F,0xF81F,0xF81F,0xF81F,0xF81F,0xF81F,0xF81F,0xF81F,0xF81F,0xF81F,0xF81F,0xF81F,0x322C,0x0000,0xF81F,
  0xF81F,0xF81F,0xF81F,0xF81F,0xF81F,0xF81F,0xF81F,0xF81F,0xF81F,0xF81F,0xF81F,0xF81F,0xF81F,0xF81F,0xF81F,0xF81F,0xF81F,0xF81F,0xF81F,0xF81F,0xF81F,0xF81F,0x0000,0x1908,
  0xF81F,0xF81F,0xF81F,0xF81F,0xF81F,0xF81F,0xF81F,0xF81F,0xF81F,0xF81F,0xF81F,0xF81F,0xF81F,0xF81F,0xF81F,0xF81F,0x21A9,0x11CB,0x2802,0xF81F,0xF81F,0xF81F,0xF81F,0xF81F,
  0xF81F,0xF81F,0xF81F,0xF81F,0xF81F,0xF81F,0xF81F,0xF81F,0xF81F,0xF81F,0xF81F,0xF81F,0xF81F,0xF81F,0xF81F,0xF81F,0xF81F,0x126D,0x1845,0xF81F,0xF81F,0xF81F,0xF81F,0xF81F,
  0xF81F,0xF81F,0xF81F,0xF81F,0xF81F,0xF81F,0xF81F,0xF81F,0xF81F,0xF81F,0xF81F,0xF81F,0x0064,0xF81F,0xF81F,0xF81F,0xF81F,0xF81F,0xF81F,0xF81F,0xF81F,0xF81F,0xF81F,0xF81F,
  0xF81F,0xF81F,0xF81F,0xF81F,0xF81F,0xF81F,0xF81F,0xF81F,0xF81F,0xF81F,0xF81F,0xF81F,0x0863,0xF81F,0xF81F,0xF81F,0xF81F,0xF81F,0xF81F,0xF81F,0xF81F,0xF81F
};
static const uint16_t M5[] = {
  0xF81F,0xF81F,0xF81F,0xF81F,0xF81F,0xF81F,0xF81F,0xF81F,0xF81F,0xF81F,0xF81F,0x1829,0x1087,0x10A7,0x30CB,0xF81F,0xF81F,0xF81F,0xF81F,0xF81F,0xF81F,0xF81F,0xF81F,0xF81F,
  0xF81F,0xF81F,0xF81F,0xF81F,0xF81F,0xF81F,0x0000,0x4C79,0x3292,0x194C,0x29CE,0x2A31,0x4C38,0x0000,0xF81F,0xF81F,0xF81F,0xF81F,0xF81F,0xF81F,0xF81F,0xF81F,0xF81F,0xF81F,
  0xF81F,0xF81F,0xF81F,0x42B2,0x322F,0x10C9,0x0000,0x0001,0x1089,0x1089,0x2A10,0x21CC,0xF81F,0xF81F,0xF81F,0xF81F,0xF81F,0xF81F,0xF81F,0xF81F,0xF81F,0xF81F,0xF81F,0x192E,
  0x296F,0x294C,0x0000,0xF81F,0xF81F,0xF81F,0x0001,0x0867,0x29CE,0x3990,0xF81F,0xF81F,0xF81F,0xF81F,0xF81F,0xF81F,0xF81F,0xF81F,0xF81F,0xF81F,0x08C6,0x29CC,0x2147,0xF81F,
  0xF81F,0xF81F,0xF81F,0xF81F,0xF81F,0x0024,0x3AB2,0x2089,0xF81F,0xF81F,0xF81F,0xF81F,0xF81F,0xF81F,0xF81F,0xF81F,0x0800,0x29E8,0x29E7,0x2A08,0x2166,0x31A8,0x0001,0xF81F,
  0xF81F,0xF81F,0xF81F,0x212B,0x3231,0xF81F,0xF81F,0xF81F,0xF81F,0xF81F,0xF81F,0xF81F,0x0001,0x1105,0x1925,0x3AAA,0x3AEC,0x29E8,0x29C7,0x1924,0x0020,0xF81F,0xF81F,0xF81F,
  0x0000,0x19EE,0x0000,0xF81F,0xF81F,0xF81F,0xF81F,0xF81F,0x1967,0x21A7,0x2187,0x3249,0x432D,0x4B6E,0x29C7,0x21C7,0x2186,0x2186,0x19A5,0xF81F,0xF81F,0x1045,0x222E,0x0801,
  0xF81F,0xF81F,0xF81F,0xF81F,0x0001,0x21A7,0x1967,0x324A,0x5C11,0x42EC,0x4B4E,0x324A,0x2186,0x3AEC,0x2187,0x2186,0x0862,0xF81F,0x3211,0x2A0D,0xF81F,0xF81F,0xF81F,0xF81F,
  0xF81F,0x2187,0x2187,0x42ED,0x2A08,0x430D,0x29E8,0x3A8B,0x2187,0x2187,0x21A7,0x1945,0x29E8,0x1124,0xF81F,0x28EE,0x1004,0xF81F,0xF81F,0xF81F,0xF81F,0x0000,0x1945,0x29E8,
  0x2187,0x3229,0x3AAB,0x2166,0x3249,0x3229,0x2166,0x2186,0x1946,0x1925,0x1925,0x0000,0xF81F,0xF81F,0xF81F,0xF81F,0xF81F,0xF81F,0x1904,0x1924,0x3209,0x2187,0x2187,0x21C7,
  0x21A7,0x324A,0x21A7,0x21A7,0x2166,0x1945,0x1966,0x1925,0x2185,0xF81F,0xF81F,0xF81F,0xF81F,0xF81F,0xF81F,0x18C4,0x1925,0x1104,0x1925,0x29C8,0x1925,0x3249,0x3249,0x1905,
  0x42AB,0x29C7,0x1905,0x21A7,0x2166,0x10A2,0xF81F,0xF81F,0xF81F,0xF81F,0xF81F,0xF81F,0x2987,0x1925,0x10E3,0x1925,0x1966,0x3208,0x4B6E,0x432D,0x29E8,0x324A,0x3ACB,0x2187,
  0x1925,0x1945,0x1965,0x0000,0xF81F,0xF81F,0xF81F,0x0001,0x29A7,0x4AEB,0x2186,0x1945,0x2186,0x3AAB,0x29C8,0x42CC,0x3AAB,0x3269,0x29A7,0x1945,0x2A08,0x1925,0x10A3,0x29A7,
  0x2186,0x0802,0xF81F,0xF81F,0x0000,0x3228,0x2186,0x2146,0x0020,0x1968,0x29C7,0x3229,0x2187,0x29E8,0x2166,0x29C7,0x2187,0x1925,0x0021,0x0043,0x21E7,0x29C6,0x0000,0xF81F,
  0xF81F,0x426A,0x3208,0x10E4,0x655B,0x0888,0x6DDF,0x0842,0x1925,0x21A7,0x432D,0x2166,0x29C7,0x10C4,0x326E,0x092D,0x2AD4,0x0041,0x4B2C,0x3A89,0xF81F,0xF81F,0x3209,0x3A49,
  0x0841,0x2A52,0x21CE,0x0825,0x10E9,0x2A29,0x3AAC,0x3AEC,0x328A,0x1966,0x0000,0x086A,0x222F,0x32D4,0x0021,0x3229,0x3249,0xF81F,0x1002,0x3A49,0x18E4,0x1924,0x2A94,0x21EE,
  0x0002,0x4BF6,0x3AED,0x3ACC,0x2A08,0x430C,0x432D,0x21E9,0x1088,0x21AD,0x3292,0x0000,0x0000,0x29E8,0x0800,0x0821,0x31A7,0x3208,0x2986,0x4B95,0x114C,0x10C5,0x324A,0x2A29,
  0x3229,0x21A7,0x324A,0x21E8,0x2A49,0x10E3,0x19CD,0x32F4,0x0841,0x31E7,0x2145,0x0861,0x0001,0x2145,0x3A49,0x2124,0x1082,0x4397,0x1946,0x1124,0x2A49,0x3AAC,0x1945,0x326A,
  0x32AB,0x1966,0x21A6,0x2AF5,0x0863,0x1925,0x42CA,0x29C7,0x10A2,0xF81F,0x2986,0x10E3,0x3A69,0x1904,0x10E4,0x21A7,0x2A09,0x324A,0x0883,0x1966,0x3ACB,0x0082,0x324A,0x1966,
  0x29C7,0x10C4,0x1945,0x21C7,0x21C6,0xF81F,0xF81F,0x2166,0x29E7,0x10A3,0x0000,0x21A7,0x29E8,0x18E4,0x53F0,0x324A,0x21A7,0x3A8A,0x430C,0x10A4,0x1925,0x21A7,0x0000,0x1925,
  0x0062,0x1964,0xF81F,0xF81F,0x2145,0x31E7,0x10E4,0x0000,0x29E7,0x434E,0x2BDA,0x0822,0x2A09,0x29E9,0x29E9,0x326B,0x77FF,0x1925,0x3A49,0x0862,0x1965,0x21E7,0x1966,0xF81F,
  0xF81F,0x0822,0x18A3,0x2186,0x32CC,0x1966,0x53F1,0x1909,0x0843,0x29E9,0x328B,0x32AB,0x08C3,0x0827,0x3AAB,0x2186,0x4AED,0x08C3,0x1986,0x0000,0xF81F,0xF81F,0x0000,0x2986,
  0x1904,0x0842,0x2A29,0x1946,0x328B,0x2187,0x432F,0x4B6F,0x3ACC,0x21C8,0x3A8B,0x31E8,0x0021,0x0882,0x1965,0x1104,0x0000,0xF81F,0xF81F,0xF81F,0x0000,0x1103,0x1084,0x0001,
  0x1946,0x2187,0x3B0F,0x3AAD,0x432E,0x328B,0x10C5,0x1105,0x1926,0x1904,0x0000,0x08C3,0x08C2,0xF81F,0xF81F,0xF81F,0xF81F,0xF81F,0x3A8A,0x2189,0x21C9,0x328C,0x10E4,0x3BB3,
  0x10E6,0x430E,0x42CD,0x21C9,0x1967,0x2167,0x29E9,0x1987,0x438F,0xF81F,0xF81F,0xF81F,0xF81F,0xF81F,0xF81F,0x1125,0x1947,0x0021,0x1126,0x42EF,0x2ACF,0x18E7,0x320D,0x29EC,
  0x330F,0x0884,0x6C74,0x10C5,0x1908,0x0842,0xF81F,0xF81F,0xF81F,0xF81F,0xF81F,0xF81F,0x0802,0x2189,0x4350,0x0000,0x0021,0x21AD,0x29AD,0x759E,0x3AF4,0x220C,0x2969,0x0000,
  0x0021,0x198A,0x2A0B,0xF81F,0xF81F,0xF81F,0xF81F,0xF81F,0xF81F,0x0001,0x3A31,0x2109,0x0000,0xF81F,0x0000,0x21AE,0x0001,0x2149,0x292E,0xF81F,0x0801,0x0947,0x3231,0x0000,
  0xF81F,0xF81F,0xF81F,0xF81F,0xF81F,0xF81F,0xAE7F,0x4295,0x63FB,0x220C,0x1003,0xF81F,0x0000,0x2989,0x296A,0x0802,0xF81F,0xF81F,0x196A,0x0001,0x5B34,0xF81F,0xF81F,0xF81F,
  0xF81F,0xF81F,0x0000,0x0001,0x0806,0x3190,0x0022,0x1087,0xF81F,0xF81F,0xF81F,0xF81F,0xF81F,0x0801,0x210C,0x08A5,0x0000,0x0001,0x0000,0xF81F,0xF81F,0xF81F,0xF81F,0xF81F,
  0xF81F,0x0001,0x1869,0xF81F,0xF81F,0xF81F,0xF81F,0xF81F,0xF81F,0xF81F,0xF81F,0xF81F,0xF81F,0x0000,0xF81F,0xF81F,0xF81F,0xF81F
};
static const uint16_t M6[] = {
  0xF81F,0xF81F,0xF81F,0xF81F,0xF81F,0xF81F,0xF81F,0xF81F,0xF81F,0xF81F,0xF81F,0xF81F,0x0801,0x0802,0xF81F,0xF81F,0xF81F,0xF81F,0xF81F,0xF81F,0xF81F,0xF81F,0xF81F,0xF81F,
  0xF81F,0xF81F,0xF81F,0xF81F,0xF81F,0xF81F,0xF81F,0xF81F,0xF81F,0xF81F,0xF81F,0xF81F,0x0000,0xF81F,0x18C4,0x0841,0xF81F,0x1041,0xF81F,0xF81F,0xF81F,0xF81F,0xF81F,0xF81F,
  0xF81F,0xF81F,0xF81F,0xF81F,0xF81F,0xF81F,0xF81F,0xF81F,0xF81F,0xF81F,0xF81F,0xF81F,0xF81F,0x0000,0x31C6,0x0000,0x20C4,0x18A3,0x1062,0x2965,0x0801,0xF81F,0xF81F,0xF81F,
  0xF81F,0xF81F,0xF81F,0xF81F,0xF81F,0xF81F,0xF81F,0xF81F,0xF81F,0xF81F,0xF81F,0xF81F,0xF81F,0x1002,0x1904,0x2985,0x3A27,0x2985,0x18C3,0x20E3,0x1904,0x2145,0x1903,0x2143,
  0x0000,0xF81F,0xF81F,0xF81F,0xF81F,0xF81F,0xF81F,0xF81F,0xF81F,0xF81F,0xF81F,0xF81F,0xF81F,0xF81F,0x18E4,0x2925,0x39E7,0x20E3,0x4A48,0x0821,0x39C7,0x39E7,0x1082,0x31A6,
  0x2124,0x31A6,0x1902,0x28E5,0x0000,0xF81F,0xF81F,0xF81F,0xF81F,0xF81F,0xF81F,0xF81F,0xF81F,0xF81F,0x0801,0x20A5,0x2104,0x2945,0x2945,0x2104,0x2965,0x4A89,0x18C3,0x2924,
  0x528A,0x2945,0x2965,0x18C3,0x2965,0x1903,0x0000,0xF81F,0xF81F,0xF81F,0xF81F,0xF81F,0xF81F,0xF81F,0xF81F,0xF81F,0x2104,0x2104,0x1082,0x2965,0x1082,0x39E7,0x2104,0x4A49,
  0x18C3,0x2104,0x4A69,0x18E3,0x4228,0x18E3,0x0841,0x18C3,0x10A2,0x1083,0xF81F,0xF81F,0xF81F,0xF81F,0xF81F,0xF81F,0xF81F,0x1043,0x18E3,0x18C3,0x18E3,0x2104,0x18E3,0x4248,
  0x2965,0x39A7,0x2104,0x31A6,0x528A,0x2103,0x0841,0x1082,0x528A,0x18C3,0x2965,0x2124,0x1001,0xF81F,0xF81F,0xF81F,0xF81F,0xF81F,0xF81F,0x1041,0x5AEB,0x18C3,0x18C3,0x4A69,
  0x18E3,0x31A6,0x10A3,0x2945,0x2925,0x2945,0x31A6,0x18E3,0x4A69,0x1062,0x18E3,0x2945,0x18C3,0x18E3,0x0821,0xF81F,0xF81F,0xF81F,0xF81F,0xF81F,0x0000,0x3145,0x10A2,0x39E7,
  0x18E3,0x2104,0x0862,0x18C3,0x41E8,0x18C3,0x2945,0x20E4,0x1083,0x31A6,0x0000,0x18A3,0x2104,0x18E4,0x31C6,0x31A6,0x2143,0x0000,0xF81F,0xF81F,0xF81F,0xF81F,0x0000,0x18A3,
  0x39C6,0x2104,0x1061,0x18C3,0x3186,0x20E4,0x2965,0x18C3,0x2104,0x20E4,0x2104,0x18E4,0x2945,0x2104,0x1082,0x0841,0x2124,0x18E3,0x1903,0x0000,0xF81F,0xF81F,0xF81F,0x0801,
  0x18C2,0x4208,0x2965,0x18C3,0x0841,0x18C3,0x2965,0x528A,0x20E4,0x4208,0x18C3,0x20E3,0x4A69,0x18C3,0x4A29,0x2104,0x3186,0x1082,0x10C3,0x2965,0x2103,0x0861,0xF81F,0xF81F,
  0xF81F,0x0801,0x3986,0x1883,0x39C6,0x18C3,0x18C3,0x4228,0x18C3,0x5269,0x2104,0x41E7,0x4228,0x4208,0x4A29,0x4208,0x4228,0x39C7,0x1062,0x2945,0x0882,0x2965,0x18C3,0x2123,
  0xF81F,0xF81F,0xF81F,0x0000,0x3186,0x18A3,0x18A3,0x0841,0x2104,0x2965,0x39A7,0x2945,0x2945,0x39C7,0x10A3,0x41E7,0x20E4,0x4A49,0x1082,0x2965,0x3186,0x2965,0x10A3,0x18E3,
  0x4A49,0x2924,0xF81F,0xF81F,0xF81F,0x0000,0x20E4,0x39A7,0x18A3,0x1082,0x20E3,0x3186,0x41E8,0x2966,0x630C,0x2925,0x4A69,0x4208,0x0861,0x20E4,0x39C6,0x18C3,0x2965,0x0000,
  0x0862,0x10A2,0x2104,0x2104,0xF81F,0xF81F,0xF81F,0x0000,0x20C4,0x18A2,0x0000,0x9CD3,0x4229,0x20E4,0x39C7,0x2124,0x41E8,0x18E3,0x41E7,0x4208,0x1082,0x2124,0x2104,0x2104,
  0x0000,0x39E8,0x0000,0x0861,0x2104,0x2944,0xF81F,0xF81F,0xF81F,0x0000,0x18C2,0x18A2,0x0000,0x20E4,0x0000,0xA514,0x1082,0x2104,0x2945,0x18E3,0x10A2,0x18A3,0x18C3,0x2104,
  0x10A2,0x0841,0xBE59,0x0862,0x6B6D,0x0000,0x10A2,0x2103,0xF81F,0xF81F,0xF81F,0xF81F,0x0000,0x2104,0x0000,0x2966,0x0861,0x2945,0x4A69,0x18C3,0x0020,0x3A07,0x4A49,0x2104,
  0x4208,0x18C3,0x0000,0x4229,0x10A2,0x2104,0x6BAE,0x0000,0x2124,0x0000,0xF81F,0xF81F,0xF81F,0xF81F,0x1062,0x2945,0x0020,0x3186,0x18C3,0x0000,0x632C,0x0000,0x39E7,0x39A7,
  0x4A49,0x4208,0x39A6,0x0021,0x5ACB,0x4228,0x0861,0x2945,0x73CE,0x0000,0x1081,0x0000,0xF81F,0xF81F,0xF81F,0xF81F,0x2965,0x2965,0x0000,0x39C7,0x18A3,0x0020,0x18C3,0x2104,
  0x39A7,0x39C7,0x2104,0x2104,0x39C7,0x3185,0x2104,0x0841,0x0861,0x4229,0x8430,0x0020,0x3165,0x1041,0xF81F,0xF81F,0xF81F,0x1823,0x2103,0x2104,0x0000,0x4A69,0x10A2,0x0000,
  0x1082,0x3186,0x39E7,0x18A3,0x39E7,0x39E7,0x18A3,0x39C7,0x31A6,0x1062,0x0821,0x1062,0x94B2,0x0000,0x2124,0x10A2,0x2001,0xF81F,0xF81F,0x0000,0x4A68,0x2925,0x18C3,0x2945,
  0x2986,0x2965,0x3166,0x3986,0x31A6,0x4A28,0x41E7,0x31A6,0x4A69,0x4A28,0x2924,0x39C7,0x3A07,0x0841,0x0862,0x1082,0x31C6,0x39E7,0xF81F,0xF81F,0xF81F,0x18A4,0x39C7,0x20E4,
  0x18C3,0x0841,0x3186,0x39C7,0x39E7,0x39A7,0x528A,0x4A28,0x41E7,0x39C7,0x2965,0x4208,0x31A6,0x2124,0x2945,0x2985,0x2945,0x1082,0x2945,0x18E3,0x1061,0xF81F,0xF81F,0x18C3,
  0x2965,0x2945,0x0841,0x41E7,0x41E8,0x39C7,0x4207,0x4A28,0x4208,0x3186,0x39C7,0x3166,0x2925,0x31A6,0x4208,0x2925,0x39E7,0x2965,0x31A6,0x2945,0x1082,0x39E7,0x1061,0xF81F,
  0x0000,0x3186,0x3186,0x0000,0x31A6,0x4207,0x2945,0x39A6,0x2945,0x3186,0x18A3,0x39E7,0x2965,0x2104,0x4A49,0x3186,0x3186,0x2965,0x2985,0x2104,0x4208,0x2125,0x0021,0x18E4,
  0x3A07,0x0000,0x0821,0x2945,0x0821,0x3A28,0x20E4,0x2124,0x2104,0x39C7,0x6B6D,0x738D,0x526A,0x2104,0x3165,0x31A6,0x1082,0x526A,0x6B6D,0x6B4C,0x0821,0x3186,0x1082,0x3186,
  0x39E7,0x0882,0x2124,0x0000,0x0841,0x20E4,0x31A6,0x0000,0x18E3,0x20E3,0x1061,0x1082,0x0862,0x18C4,0x736D,0x2925,0x2104,0x18E4,0x18C3,0x5ACB,0x1883,0x0821,0x18A2,0x10A2,
  0x18C2,0x18C3,0x0000,0x18E3,0x2104,0x0800,0x0821,0x41E8,0x1082,0x2965,0x2945,0x2104,0x1082,0x4A49,0x018A,0x0002,0x430C,0x20E4,0x20E4,0x18E4,0x0841,0x0021,0x0000,0x0002,
  0x530B,0x10A2,0x3165,0x4A89,0x18E3,0x10A3,0x2124,0x0000,0x0821,0x20E3,0x1061,0x0821,0x1062,0x2925,0x1904,0x6B4D,0x10C3,0x0189,0x0000,0x2124,0x2144,0x2925,0x2944,0x0821,
  0x0436,0x18C3,0x4AAA,0x2144,0x3166,0x18C3,0x0841,0x0841,0x2124,0x0000,0x0000,0x18A3,0x20E4,0x6B2C,0x2965,0x526A,0x2986,0x2924,0x49E7,0x41E7,0x18C3,0x2104,0x31A6,0x4208,
  0x2104,0x10A3,0x4249,0x41E7,0x10A2,0x39C7,0x3146,0x4228,0x2104,0x2144,0x10A2,0x0000,0xF81F,0x20C3,0x18C3,0x0000,0x2104,0x3186,0x2124,0x4208,0x18A2,0x1062,0x7BAF,0x39A7,
  0x39E7,0x4228,0x18C3,0x5AEB,0x31A7,0x39E7,0x2945,0x31A6,0x1903,0x18C3,0x0020,0x10A3,0x0860,0xF81F,0xF81F,0x2944,0x2965,0x10A2,0x0000,0x2945,0x18C3,0x1082,0x52CA,0x738E,
  0x9492,0x20E4,0x4208,0x4A28,0x0020,0x7BCF,0x39A7,0x3146,0x2124,0x0861,0x3186,0x0000,0x18C3,0x10A2,0x1061,0xF81F,0xF81F,0x1021,0x2124,0x18C3,0x0841,0x0000,0x2925,0x18E4,
  0x2945,0x738E,0x8C72,0x0841,0x4A29,0x39E7,0x0000,0x736E,0x39E7,0x0021,0x2124,0x0861,0x0000,0x10A2,0x2104,0x0840,0x1001,0xF81F,0xF81F,0x0800,0x18C3,0x18C3,0x10A3,0x10C3,
  0x0841,0x0021,0x2104,0x6B4D,0x7C10,0x39C7,0x39A6,0x2965,0x738E,0x6B6D,0x3A08,0x0862,0x0000,0x1082,0x18E3,0x18E3,0x2985,0x20E3,0xF81F,0xF81F,0xF81F,0x0000,0x18C3,0x2104,
  0x1082,0x18C3,0x18E4,0x10A3,0x0000,0x2945,0x6B8F,0x0000,0x31A6,0x31A7,0x0000,0x6B4D,0x0021,0x0842,0x18E4,0x31A6,0x18C3,0x2985,0x0840,0x18A2,0xF81F,0xF81F,0xF81F,0xF81F,
  0x1883,0x2104,0x18E3,0x18C3,0x0821,0x18C3,0x0861,0x0000,0x5B0C,0x0000,0x0020,0x0020,0x1062,0x31A7,0x0000,0x0882,0x0842,0x0020,0x10A2,0x2965,0x18E3,0x0000,0xF81F,0xF81F,
  0xF81F,0xF81F,0x0801,0x20C4,0x39C7,0x1082,0x1082,0x0000,0x0840,0x0000,0x0821,0x5B0B,0x0841,0x18C3,0x6B8E,0x0000,0x0000,0x0000,0x0000,0x10A2,0x18E3,0x3186,0x1903,0x0000,
  0xF81F,0xF81F,0xF81F,0xF81F,0x0801,0x3125,0x4A49,0x2924,0x10A2,0x0000,0xF81F,0x0000,0x0001,0x18C4,0x5B4D,0x530C,0x0000,0x0821,0x0000,0x0800,0x0841,0x1061,0x2104,0x3186,
  0x20E3,0x0000,0xF81F,0xF81F,0xF81F,0xF81F,0x0000,0x20E4,0x4A08,0x18A2,0x1082,0x0000,0xF81F,0x0000,0x1884,0x1062,0x1041,0x1061,0x1062,0x1062,0xF81F,0x1001,0x2125,0x18E3,
  0x2104,0x3165,0x18C2,0x0000,0xF81F,0xF81F,0xF81F,0xF81F,0xF81F,0x0861,0x2104,0x31A6,0x18A2,0x0000,0xF81F,0xF81F,0xF81F,0x1082,0x1062,0x1062,0x0802,0xF81F,0xF81F,0x2926,
  0x3186,0x18E3,0x4A48,0x2944,0x18A2,0xF81F,0xF81F,0xF81F,0xF81F,0xF81F,0xF81F,0x0821,0x3166,0x2924,0x3185,0x0000,0xF81F,0xF81F,0xF81F,0xF81F,0x0000,0xF81F,0xF81F,0xF81F,
  0xF81F,0x39A8,0x0000,0x2104,0x4249,0x2965,0x18A2,0xF81F,0xF81F,0xF81F,0xF81F,0xF81F,0xF81F,0x0001,0x2945,0x4A69,0x3185,0x0000,0xF81F,0xF81F,0xF81F,0xF81F,0xF81F,0xF81F,
  0xF81F,0xF81F,0x1022,0x4188,0x0000,0x2945,0x2104,0x31A6,0x0000,0xF81F,0xF81F,0xF81F,0xF81F,0xF81F,0xF81F,0x0801,0x3165,0x0862,0x2965,0x2924,0xF81F,0xF81F,0xF81F,0xF81F,
  0xF81F,0xF81F,0xF81F,0xF81F,0xF81F,0x0801,0x10A2,0x39E7,0x4249,0x18C3,0x0000,0xF81F,0xF81F,0xF81F,0xF81F,0xF81F,0xF81F,0x0000,0x2925,0x4A49,0x31A6,0x2965,0xF81F,0xF81F,
  0xF81F,0xF81F,0xF81F,0xF81F,0xF81F,0xF81F,0xF81F,0xF81F,0x2165,0x39E8,0x2945,0x39C7,0x0000,0xF81F,0xF81F,0xF81F,0xF81F,0xF81F,0xF81F,0x0000,0x39A7,0x4228,0x52AA,0x31C6,
  0xF81F,0xF81F,0xF81F,0xF81F,0xF81F,0xF81F,0xF81F,0xF81F,0xF81F,0xF81F,0x2145,0x4A69,0x4208,0x31A6,0x0000,0xF81F,0xF81F,0xF81F,0xF81F,0xF81F,0xF81F,0x0001,0x3A07,0x2965,
  0x2945,0x2985,0x1021,0xF81F,0xF81F,0xF81F,0xF81F,0xF81F,0xF81F,0xF81F,0xF81F,0x0000,0x2104,0x2965,0x4228,0x31A6,0x4A8A,0xF81F,0xF81F,0xF81F,0xF81F,0xF81F,0x10A3,0x52CB,
  0x0882,0x73AF,0x0000,0xBDF8,0x530B,0xF81F,0xF81F,0xF81F,0xF81F,0xF81F,0xF81F,0xF81F,0xF81F,0x52AB,0xBDF8,0x0000,0xA515,0x0000,0xB5B7,0x4A49,0xF81F,0xF81F,0xF81F,0xF81F,
  0x0841,0x0000,0x7C30,0x7BF0,0x0000,0x8430,0x4AAB,0xF81F,0xF81F,0xF81F,0xF81F,0xF81F,0xF81F,0xF81F,0xF81F,0x31A6,0x8492,0x0000,0x9493,0x0000,0x94F4,0x1082,0xF81F,0xF81F,
  0xF81F,0xF81F,0x0000,0x18E4,0x4229,0x29C6,0x0021,0x52EB,0x0821,0xF81F,0xF81F,0xF81F,0xF81F,0xF81F,0xF81F,0xF81F,0xF81F,0x0000,0x638D,0x0000,0x2146,0x0000,0x0000,0x418A,
  0xF81F,0xF81F,0xF81F,0xF81F,0xF81F,0xF81F,0x3127,0x1925,0x0001,0x0802,0xF81F,0xF81F,0xF81F,0xF81F,0xF81F,0xF81F,0xF81F,0xF81F,0xF81F,0xF81F,0x0802,0x0001,0x20A5,0x0000,
  0xF81F,0xF81F,0xF81F,0xF81F
};
static const uint16_t M7[] = {
  0xF81F,0xF81F,0xF81F,0xF81F,0xF81F,0xF81F,0xF81F,0xF81F,0xF81F,0xF81F,0xF81F,0xF81F,0xF81F,0x0000,0x0000,0xF81F,0xF81F,0xF81F,0xF81F,0xF81F,0xF81F,0xF81F,0xF81F,0xF81F,
  0xF81F,0xF81F,0xF81F,0xF81F,0xF81F,0xF81F,0xF81F,0xF81F,0xF81F,0xF81F,0xF81F,0xF81F,0xF81F,0xF81F,0xF81F,0xF81F,0xF81F,0xF81F,0xF81F,0xF81F,0xF81F,0x0000,0x0000,0xF81F,
  0xF81F,0xF81F,0xF81F,0xF81F,0xF81F,0xF81F,0xF81F,0xF81F,0xF81F,0xF81F,0xF81F,0xF81F,0xF81F,0xF81F,0xF81F,0xF81F,0xF81F,0xF81F,0xF81F,0xF81F,0xF81F,0xF81F,0xF81F,0x0821,
  0x2906,0x7C10,0x7C50,0xF81F,0xF81F,0xF81F,0xF81F,0xF81F,0xF81F,0xF81F,0xF81F,0xF81F,0xF81F,0xF81F,0xF81F,0xF81F,0xF81F,0xF81F,0xF81F,0xF81F,0xF81F,0xF81F,0xF81F,0xF81F,
  0xF81F,0xF81F,0xF81F,0xF81F,0xF81F,0xF81F,0xF81F,0xF81F,0xF81F,0x842F,0x7BED,0x1082,0xF81F,0xF81F,0xF81F,0xF81F,0xF81F,0xF81F,0xF81F,0xF81F,0xF81F,0xF81F,0xF81F,0xF81F,
  0xF81F,0xF81F,0xF81F,0xF81F,0xF81F,0xF81F,0xF81F,0xF81F,0xF81F,0xF81F,0xF81F,0x8470,0x41E7,0x632C,0x83F0,0x2904,0xF81F,0xF81F,0xF81F,0xF81F,0xF81F,0xF81F,0xF81F,0xF81F,
  0xF81F,0xF81F,0xF81F,0xF81F,0x20E4,0x2904,0x2103,0x2124,0xF81F,0xF81F,0xF81F,0xF81F,0xF81F,0xF81F,0xF81F,0xF81F,0xF81F,0xF81F,0xF81F,0xF81F,0xF81F,0x6B6C,0x9CF2,0x4227,
  0x9472,0xF81F,0xF81F,0xF81F,0xF81F,0xF81F,0xF81F,0xF81F,0xF81F,0xF81F,0xF81F,0xF81F,0xF81F,0xF81F,0xF81F,0xF81F,0xF81F,0xF81F,0xF81F,0xF81F,0xF81F,0xF81F,0x732D,0x632B,
  0x3145,0x4208,0x94F3,0x20C4,0xF81F,0xF81F,0xF81F,0xF81F,0xF81F,0xF81F,0xF81F,0xF81F,0xF81F,0xF81F,0x52AC,0x4A4A,0x5ACB,0x8C30,0x8C30,0x62EB,0x4A29,0x528A,0xF81F,0xF81F,
  0xF81F,0xF81F,0xF81F,0xF81F,0xF81F,0xF81F,0xF81F,0xF81F,0x83F1,0x7BEF,0x41C7,0x39E8,0x738E,0x83D0,0x1021,0xF81F,0xF81F,0xF81F,0xF81F,0xF81F,0xF81F,0xF81F,0xF81F,0xF81F,
  0xF81F,0xF81F,0xF81F,0xF81F,0xF81F,0xF81F,0xF81F,0xF81F,0xF81F,0x6B2D,0x632C,0x5248,0x20C4,0x3166,0x5ACC,0x734D,0x0801,0xF81F,0xF81F,0xF81F,0xF81F,0xF81F,0xF81F,0xF81F,
  0x0000,0x5ACB,0x5AAB,0x5AAB,0x738E,0x6B4D,0x8C31,0x62EB,0x522A,0x5AAB,0x5AAB,0x1843,0xF81F,0xF81F,0xF81F,0xF81F,0xF81F,0xF81F,0xF81F,0x0821,0x732D,0x6B2C,0x4208,0x3166,
  0x4229,0x52AA,0x7BEF,0x0800,0xF81F,0xF81F,0xF81F,0xF81F,0xF81F,0xF81F,0xF81F,0xF81F,0xF81F,0xF81F,0xF81F,0xF81F,0xF81F,0xF81F,0xF81F,0x49AA,0x5A8B,0x526A,0x41C7,0x41A6,
  0x1042,0x3987,0x5AAB,0x83F0,0x0821,0xF81F,0xF81F,0xF81F,0xF81F,0xF81F,0xF81F,0x41A8,0x5269,0x5269,0x630B,0x6B4D,0x6B2C,0x6B2C,0x9CB3,0x83F0,0x8411,0x4A49,0x526A,0x4228,
  0x41E8,0xF81F,0xF81F,0xF81F,0xF81F,0xF81F,0xF81F,0x1864,0x7B6F,0x5269,0x39A7,0x2905,0x39A7,0x41E8,0x632C,0x6B8D,0x7B4F,0xF81F,0xF81F,0xF81F,0xF81F,0xF81F,0xF81F,0xF81F,
  0xF81F,0xF81F,0xF81F,0xF81F,0xF81F,0xF81F,0x1001,0x6B2D,0x3966,0x41A7,0x41A7,0x0000,0xF81F,0x3145,0x4229,0x736E,0x1862,0xF81F,0xF81F,0xF81F,0xF81F,0xF81F,0x4189,0x630C,
  0x738E,0x7BAF,0x526A,0x8C10,0x7BEF,0x7B8F,0x9492,0x5AAA,0x41C7,0x94B2,0x9492,0x4A08,0x41E7,0x4A27,0xF81F,0xF81F,0xF81F,0xF81F,0xF81F,0x28A5,0x734D,0x49E8,0x18A2,0xF81F,
  0x0000,0x41C7,0x5269,0x632C,0x740F,0x30C5,0xF81F,0xF81F,0xF81F,0xF81F,0xF81F,0xF81F,0xF81F,0xF81F,0xF81F,0xF81F,0xF81F,0x0801,0x8C92,0x4A49,0x4187,0x3926,0x0000,0xF81F,
  0xF81F,0x2064,0x39C7,0x8410,0x6B0C,0x0800,0xF81F,0xF81F,0xF81F,0x2045,0x41E9,0x7BCF,0x4A29,0x52AA,0x8C51,0x83F0,0x5ACB,0x9CD3,0x9CD3,0x840F,0xAD75,0x734D,0x73AE,0x7BEF,
  0x5AAB,0x628A,0x38C5,0xF81F,0xF81F,0xF81F,0x0000,0x6B0D,0x734D,0x4208,0x2904,0xF81F,0xF81F,0x0001,0x4208,0x4A29,0x52AA,0xA514,0x1001,0xF81F,0xF81F,0xF81F,0xF81F,0xF81F,
  0xF81F,0xF81F,0xF81F,0xF81F,0x1002,0x8BB1,0x7BAE,0x41E8,0x5A0A,0x0000,0xF81F,0xF81F,0xF81F,0x0000,0x39C7,0x3186,0x7C10,0x0000,0xF81F,0xF81F,0xF81F,0x3126,0x41C8,0x4A49,
  0x6B4D,0x62EC,0x94B2,0x528A,0x7B8E,0xAD75,0xAD35,0xB5B6,0x6B2C,0x73AE,0x7BEF,0x8C71,0x8410,0x5229,0x5208,0xF81F,0xF81F,0xF81F,0x0000,0x738E,0x41C7,0x4A28,0xF81F,0xF81F,
  0xF81F,0xF81F,0x0000,0x4A49,0x4A49,0x62EC,0x94F5,0xF81F,0xF81F,0xF81F,0xF81F,0xF81F,0xF81F,0xF81F,0xF81F,0xF81F,0x8432,0x734E,0x4A48,0x39C7,0xF81F,0xF81F,0xF81F,0xF81F,
  0xF81F,0xF81F,0x1063,0x41E8,0x5B0C,0x41E8,0xF81F,0xF81F,0x1041,0x49E8,0x5AAB,0x5AAA,0x632C,0x7BEF,0x62EB,0x7BCF,0x736E,0x73AE,0xA4F3,0x83EF,0xB575,0x4A28,0x6B2C,0x39A7,
  0x5AAB,0x4208,0x526A,0x0000,0xF81F,0xF81F,0x6AED,0x634C,0x4A08,0x5228,0xF81F,0xF81F,0xF81F,0xF81F,0xF81F,0x1003,0x41C7,0x5249,0x636D,0x634D,0xF81F,0xF81F,0xF81F,0xF81F,
  0xF81F,0xF81F,0xF81F,0x0801,0x18A3,0x49E8,0x41E7,0x1041,0xF81F,0xF81F,0xF81F,0xF81F,0xF81F,0xF81F,0x0000,0x5269,0x528A,0x73AE,0xF81F,0xF81F,0x4A28,0x4208,0x4A69,0x5ACB,
  0x52AA,0x632C,0x94B2,0x6B4D,0x6B2C,0x736D,0x9CB3,0x736D,0x8410,0x83EF,0x4A29,0x4A29,0x7BAF,0x41E8,0x39E7,0x3165,0xF81F,0xF81F,0x7BAF,0x634C,0x4A49,0x1021,0xF81F,0xF81F,
  0xF81F,0xF81F,0xF81F,0xF81F,0x3965,0x3125,0x4A89,0x18C3,0x0800,0xF81F,0xF81F,0xF81F,0xF81F,0xF81F,0xF81F,0xF81F,0x52CB,0x1842,0x4167,0x1022,0xF81F,0xF81F,0xF81F,0xF81F,
  0xF81F,0xF81F,0x0801,0x4A09,0x526A,0x7BCF,0xF81F,0xF81F,0x41E8,0x5ACB,0x4208,0x5ACB,0x4A29,0x5249,0x5ACB,0x5249,0x62EC,0x6B6D,0x8430,0x630C,0x5269,0x6B4D,0x7BEF,0x4A49,
  0x4A49,0x528A,0x39C7,0x49E7,0xF81F,0xF81F,0x83D0,0x5269,0x41C8,0x0000,0xF81F,0xF81F,0xF81F,0xF81F,0xF81F,0xF81F,0xF81F,0x28C4,0x20C4,0x39E8,0x28E5,0xF81F,0xF81F,0xF81F,
  0xF81F,0xF81F,0x0000,0x7C0F,0x4A8A,0x1001,0xF81F,0xF81F,0xF81F,0xF81F,0x0000,0x0000,0xF81F,0xF81F,0xF81F,0x3947,0x41C8,0x630C,0xF81F,0x0802,0x41E7,0x39A7,0x5269,0x528A,
  0x41E7,0x4A49,0x4A49,0x4A49,0x8C71,0x528A,0x8430,0x4A08,0x4208,0x736E,0x4A29,0x4A49,0x5ACB,0x736E,0x39E7,0x39C6,0xF81F,0xF81F,0x5AEA,0x4A69,0x3966,0x0000,0xF81F,0xF81F,
  0x0000,0x0000,0x0000,0xF81F,0xF81F,0xF81F,0x0800,0x4A4A,0x8C71,0x0800,0xF81F,0xF81F,0xF81F,0xF81F,0x83F0,0x7C6F,0x31E8,0xF81F,0xF81F,0xF81F,0xF81F,0x31C7,0x836F,0x7B6F,
  0x1040,0xF81F,0xF81F,0x3125,0x49E8,0x5AAA,0x626C,0x0020,0x39E7,0x4208,0x3986,0x4A49,0x3145,0x5ACB,0x8C51,0x5ACB,0x7BCF,0x5AEB,0x7BAF,0x62EB,0x4A69,0x5269,0x8410,0x41E8,
  0x7BCE,0x3186,0x39C6,0x39C6,0x0821,0x4A0A,0x5269,0x4A08,0x0821,0xF81F,0xF81F,0x0000,0x730E,0x838F,0x4A09,0x2002,0xF81F,0xF81F,0x1001,0x49EA,0x7BAF,0x7C0F,0xF81F,0xF81F,
  0xF81F,0x0802,0x738D,0x31E6,0x2947,0xF81F,0xF81F,0xF81F,0x8BF1,0x94B3,0x6B2D,0x7BF0,0x49C9,0xF81F,0xF81F,0xF81F,0x41C7,0x52AA,0x6AEB,0x0820,0x39C7,0x4208,0x3186,0x41E7,
  0x4A49,0x5AEB,0x5AAA,0x5AAA,0x5A8A,0x528A,0x41E7,0x528A,0x4A29,0x6B6D,0x39A6,0x736D,0x39A6,0x31A6,0x3185,0x2945,0x0001,0x524A,0x4A49,0x4228,0x2084,0xF81F,0xF81F,0x4A0B,
  0x732E,0x526A,0x2925,0x628B,0xF81F,0xF81F,0xF81F,0x3187,0x5A8B,0x7BAE,0xF81F,0xF81F,0xF81F,0xF81F,0x6B6C,0x31A7,0x0000,0xF81F,0xF81F,0x31C9,0x9471,0x630C,0x3186,0x52AA,
  0x6BCE,0x5ACD,0x1001,0x0802,0x4207,0x4A08,0x7C0F,0x5AAB,0x18C3,0x2925,0x39C7,0x3186,0x5ACB,0x4A08,0x5269,0x528A,0x528A,0x5ACB,0x4A28,0x528A,0x5AAA,0x528A,0x39A7,0x31A6,
  0x31A6,0x3186,0x39A7,0x2925,0x20E5,0x5AAB,0x4A29,0x39C6,0x0000,0xF81F,0x7390,0x83D0,0x6B0D,0x1062,0x7BEF,0x94D3,0xF81F,0xF81F,0xF81F,0x18A3,0x41A8,0x6B4D,0xF81F,0xF81F,
  0xF81F,0xAC33,0x5209,0x20A5,0xF81F,0xF81F,0xF81F,0x94D2,0x5AAA,0x4208,0x0821,0x41E8,0x4A29,0x736F,0x9CF4,0x2044,0x3986,0x41E7,0x630C,0x2924,0x0000,0x3165,0x526A,0x39A6,
  0x41C7,0x5269,0x4A49,0x4A28,0x0000,0x0000,0x0000,0x0000,0x630C,0x41E7,0x4A49,0x39A6,0x4228,0x528A,0x3165,0x2104,0x18A3,0x630C,0x4228,0x39A6,0x0000,0xAD36,0x7C2F,0x5289,
  0x5289,0x1041,0x39E8,0x6B6E,0x9CF3,0x0000,0xF81F,0xF81F,0x18E4,0x41A7,0x62E9,0xF81F,0xF81F,0x62EA,0x3986,0x0801,0xF81F,0xF81F,0x8BF2,0x738D,0x4A08,0x39C7,0x0000,0x39C7,
  0x4208,0x524A,0x8450,0x4208,0x1862,0x39A7,0x20E4,0x7BCF,0x18E4,0x2104,0x41E8,0x4208,0x39C7,0x39A7,0x0000,0x0000,0x4208,0x52AA,0x4A49,0x52AA,0x0821,0x1062,0x4208,0x39C6,
  0x5269,0x2104,0x2965,0x1062,0x5ACB,0x39A7,0x2945,0x1082,0x4A29,0x7C0F,0x6B6C,0x4A28,0x3946,0x0000,0x3986,0x5ACB,0x6B4D,0x20E3,0xF81F,0xF81F,0x0000,0x39A7,0x5287,0xF81F,
  0xF81F,0x5A69,0x3104,0x0802,0xF81F,0xF81F,0x8C31,0x6B6D,0x5AAB,0x3126,0xF81F,0xF81F,0x39A8,0x4A09,0x62EC,0x6B2D,0x0020,0x2924,0x3186,0x526A,0x1062,0x20E4,0x4228,0x39C7,
  0x2945,0x0841,0x5ACA,0x5AAA,0x62EB,0x62EC,0x94B2,0x630C,0x528A,0x4208,0x1061,0x4228,0x2945,0x2945,0x1082,0x18A3,0x630C,0x39C7,0x2945,0x3185,0x9CD3,0x62EB,0x4A68,0x41A8,
  0xF81F,0xF81F,0x2905,0x5A6B,0x52AA,0x842F,0xF81F,0xF81F,0xF81F,0x2944,0x4A68,0xF81F,0xF81F,0x5248,0x0000,0xF81F,0xF81F,0xF81F,0x7BCE,0x5B0B,0x49EA,0x2045,0xF81F,0xF81F,
  0x1883,0x3987,0x5249,0x5ACB,0x8C72,0x0020,0x3186,0x4A28,0x5AAB,0x0000,0x0000,0x1082,0x0821,0x62EB,0x5269,0x6B4C,0x5AAB,0x6B0C,0x9CD3,0x6B0D,0x4A49,0x4A29,0x3166,0x1082,
  0x2124,0x0020,0x1883,0x4A29,0x5269,0x39A6,0x18A2,0x520A,0x7B4E,0x5AAA,0x41E7,0x4167,0xF81F,0xF81F,0xF81F,0x5A4B,0x5249,0x736D,0x1002,0xF81F,0xF81F,0x1060,0x4A88,0xF81F,
  0x0801,0x622A,0x0001,0xF81F,0xF81F,0x5A4A,0x39A6,0x3146,0x1002,0xF81F,0xF81F,0xF81F,0xF81F,0x4208,0x4208,0x4208,0x5269,0xAD35,0x18A3,0x2925,0x41C7,0x5ACA,0x18A2,0x5AEB,
  0x39C7,0x7BEF,0x8C51,0x738E,0x62EC,0xA513,0x94B2,0x4A29,0x5AAB,0x7BCE,0x526A,0x842F,0x2104,0x0821,0x4A29,0x6B4D,0x3986,0x1882,0x738E,0x62AC,0x4A09,0x41C7,0x1042,0xF81F,
  0xF81F,0xF81F,0xF81F,0x0821,0x3966,0x5249,0x6AEC,0x3987,0xF81F,0xF81F,0x5289,0x1062,0x0821,0x5A4A,0x0801,0xF81F,0x73AE,0x5AAA,0x39C7,0x0800,0xF81F,0xF81F,0xF81F,0xF81F,
  0xF81F,0x0801,0x4266,0x41E7,0x4208,0x5AEB,0x18C3,0x20E3,0x4207,0x4A69,0x31A6,0x73AE,0x8430,0x5249,0x8430,0x8C92,0xAD95,0xA514,0x9CB2,0x9CF3,0xB596,0x4A08,0x738E,0x526A,
  0x4A69,0x31A6,0x4A48,0x39E7,0x20E4,0x3185,0x5AAB,0x62CB,0x49E8,0x3986,0xF81F,0xF81F,0xF81F,0xF81F,0xF81F,0xF81F,0x20C4,0x41C8,0x8C92,0x6B6D,0xF81F,0xF81F,0x5229,0x1062,
  0x0000,0x520A,0xF81F,0x0821,0x7BCF,0x41E8,0x41A8,0x0000,0xF81F,0xF81F,0xF81F,0xF81F,0xF81F,0xF81F,0x0000,0x3166,0x39C7,0x4A28,0x634D,0x7BCE,0x0820,0x0821,0x632C,0x4A49,
  0x526A,0x738D,0x94B2,0xA514,0x4A49,0x6B2D,0x5AAB,0x5ACB,0x8C31,0x9CD3,0x62CB,0x62EB,0x4A69,0x18E4,0x2965,0x0020,0x20E4,0x734D,0x4A08,0x49E8,0x41E8,0xF81F,0xF81F,0xF81F,
  0xF81F,0xF81F,0xF81F,0xF81F,0xF81F,0x41C8,0x51E9,0x8431,0xF81F,0xF81F,0x49A8,0x0040,0x0001,0xF81F,0xF81F,0x8C13,0x62EC,0x41A7,0x0801,0xF81F,0xF81F,0xF81F,0xF81F,0xF81F,
  0xF81F,0xF81F,0xF81F,0x2104,0x3166,0x3186,0x4A29,0x630C,0x8410,0x0000,0x5AAA,0x526A,0x630C,0x6B0C,0x5AAB,0x62EC,0x6B0C,0x6B6D,0x6B4D,0x7BAE,0x7BCF,0x4208,0x7BCF,0x3987,
  0x8410,0x4A49,0x0000,0x526A,0x4A08,0x5269,0x4208,0x20E3,0x0820,0xF81F,0xF81F,0xF81F,0xF81F,0xF81F,0xF81F,0xF81F,0xF81F,0x1043,0x5209,0x528B,0x8BD2,0x1002,0xF81F,0x0000,
  0xF81F,0xF81F,0x0000,0x0000,0x4A89,0x28C4,0xF81F,0xF81F,0xF81F,0xF81F,0xF81F,0xF81F,0xF81F,0x4A2A,0x738E,0x8C31,0x7BCF,0x0020,0x4A49,0x4208,0x52AA,0x0000,0x5ACB,0x39C7,
  0x4A29,0x5AEC,0x5ACB,0x630C,0x5ACB,0x2104,0x2945,0x3186,0x8410,0x4A49,0x6B4D,0x4208,0x39A7,0x4A69,0x0000,0x52AA,0x41E7,0x4208,0x0820,0x9491,0x4A28,0x5B0B,0xF81F,0xF81F,
  0xF81F,0xF81F,0xF81F,0xF81F,0xF81F,0xF81F,0x31A5,0x5AED,0x1022,0x0821,0xF81F,0x1805,0xF81F,0xF81F,0x30E6,0x5AEA,0x20C3,0xF81F,0xF81F,0xF81F,0xF81F,0xF81F,0xF81F,0xF81F,
  0x2906,0x9491,0x8C31,0x62AB,0x9472,0x9492,0x1062,0x20E4,0x2124,0x0000,0x31A6,0x39C7,0x4A08,0x52AA,0x4208,0x1082,0x2925,0x8C71,0x73AE,0x5AEB,0x0020,0x630C,0x528A,0x39C7,
  0x39A7,0x2104,0x0000,0x2965,0x2904,0x20E4,0xA534,0x8C51,0x3986,0x7BCF,0x94D3,0x0801,0xF81F,0xF81F,0xF81F,0xF81F,0xF81F,0xF81F,0x0800,0x0800,0x39A6,0x39C7,0xF81F,0xF81F,
  0xF81F,0xF81F,0x9CD2,0x638B,0x39C6,0xF81F,0xF81F,0xF81F,0xF81F,0xF81F,0xF81F,0x0000,0x6AED,0x5229,0x526A,0x39C7,0x4A08,0x73AE,0x7BCF,0x0020,0x0861,0x0000,0x62EB,0x4208,
  0x4208,0x0000,0x4A49,0x6B2C,0x73CF,0x7BEF,0x9CD3,0x6B4D,0x526A,0x41E8,0x1041,0x39C7,0x5A8A,0x4A29,0x0000,0x3185,0x18E3,0x630C,0x734D,0x5AAA,0x2924,0x8470,0x2945,0x73EF,
  0x1863,0xF81F,0xF81F,0xF81F,0xF81F,0xF81F,0xF81F,0x28E5,0x5AC9,0x9D11,0xF81F,0xF81F,0xF81F,0xF81F,0x9CB2,0x3A06,0x4A28,0xF81F,0xF81F,0xF81F,0xF81F,0xF81F,0xF81F,0xF81F,
  0xAD55,0xBE17,0x4208,0x1883,0x41C7,0x5269,0x5AAB,0x62EC,0x73EE,0x0841,0x4208,0x41E7,0x2945,0x526A,0x6B6D,0x5AAB,0x94D2,0x6B4D,0x94B2,0x9471,0x4A09,0x62EB,0x526A,0x3186,
  0x41E8,0x630B,0x0000,0x6B6D,0x6B0C,0x5A6A,0x4A48,0x41E7,0x1082,0x4207,0x7C0E,0x8C10,0x0000,0xF81F,0xF81F,0xF81F,0xF81F,0xF81F,0xF81F,0x3147,0x5AC9,0xAD53,0xF81F,0xF81F,
  0xF81F,0xF81F,0x7B8E,0x4207,0x626A,0xF81F,0xF81F,0xF81F,0xF81F,0xF81F,0xF81F,0x6A8C,0x8C10,0x526A,0x4228,0x0000,0x3125,0x39C8,0x4A09,0x4208,0x632C,0x8C91,0x1042,0x1041,
  0x5ACB,0x522A,0x8410,0x7BAF,0x630C,0x9492,0x83F0,0x62EC,0x734D,0x6B0C,0x5ACB,0x3166,0x4A29,0x18C3,0xAD74,0x39A7,0x5249,0x49E8,0x41C7,0x39C7,0x0000,0x4208,0x62EB,0x73AE,
  0x0821,0xF81F,0xF81F,0xF81F,0xF81F,0xF81F,0xF81F,0x2066,0x39A6,0x7C4F,0xF81F,0xF81F,0xF81F,0x41C9,0x4A48,0x5289,0x0000,0xF81F,0xF81F,0xF81F,0xF81F,0xF81F,0xF81F,0x9492,
  0x6B2D,0x41E7,0x39A6,0xF81F,0x0000,0x4A4A,0x41A7,0x39A6,0x528A,0x3186,0x0821,0x28E4,0x634D,0x6B4F,0x0000,0x3165,0x8C50,0x9472,0x7BAF,0x8C91,0x0841,0x0000,0x630C,0x5289,
  0x1063,0x18C4,0x41E8,0x4A69,0x2924,0x39C7,0x49E9,0x0000,0xF81F,0x3125,0x52CA,0x6BAD,0x6B2D,0x0801,0xF81F,0xF81F,0xF81F,0xF81F,0xF81F,0xF81F,0x2925,0x5B4B,0x62AA,0xF81F,
  0xF81F,0x520A,0x2924,0x5A4A,0x1003,0xF81F,0xF81F,0xF81F,0xF81F,0xF81F,0x2885,0x9472,0x6B2D,0x5249,0x41A7,0xF81F,0xF81F,0xF81F,0x3126,0x41C8,0x41C7,0x39E7,0x0841,0x4209,
  0x6B8E,0x0000,0x1254,0x32AF,0x52AA,0x7BEF,0x6B8D,0x73CE,0xD7BF,0x0003,0x0000,0x5AAA,0x0000,0x1062,0x4207,0x4208,0x39A6,0x3966,0x0802,0xF81F,0xF81F,0x1864,0x41C8,0x52C9,
  0x846F,0x0801,0xF81F,0xF81F,0xF81F,0xF81F,0xF81F,0xF81F,0x3967,0x4208,0x4A48,0xF81F,0xF81F,0x5A4B,0x39A6,0x4987,0x0000,0xF81F,0xF81F,0xF81F,0xF81F,0x0802,0x4147,0xA514,
  0x5AAA,0x522A,0xF81F,0xF81F,0xF81F,0xF81F,0xF81F,0x0821,0x39A5,0x0000,0x20C4,0x3166,0x5ACB,0x7C11,0x0021,0x0021,0x0842,0x842F,0x8C70,0x0021,0x0001,0x0000,0x73CD,0x20E4,
  0x0821,0x2945,0x2965,0x2925,0x2924,0xF81F,0xF81F,0xF81F,0xF81F,0xF81F,0x39C7,0x52AA,0x7BCE,0x51EA,0xF81F,0xF81F,0xF81F,0xF81F,0xF81F,0xF81F,0x38E6,0x3186,0x4A47,0xF81F,
  0xF81F,0x5A6B,0x522A,0x0801,0xF81F,0xF81F,0xF81F,0xF81F,0xF81F,0x0000,0x8C10,0x8C31,0x526A,0x5A0A,0xF81F,0xF81F,0xF81F,0xF81F,0xF81F,0xF81F,0x0000,0x73AF,0x6B4E,0x4228,
  0x52EA,0x94B4,0x0000,0x233A,0x0001,0x7C0F,0x9490,0x0021,0x090D,0x4B0B,0x6B4C,0x20E4,0x4209,0x7BAE,0x7C2F,0x0000,0xF81F,0xF81F,0xF81F,0xF81F,0xF81F,0xF81F,0x41A8,0x5269,
  0x94D1,0x9472,0x0000,0xF81F,0xF81F,0xF81F,0xF81F,0xF81F,0x0801,0x39E7,0x5288,0xF81F,0xF81F,0x4A09,0x624C,0x0801,0xF81F,0xF81F,0xF81F,0xF81F,0xF81F,0x1805,0x732D,0x41C7,
  0x4A29,0xF81F,0xF81F,0xF81F,0xF81F,0xF81F,0xF81F,0xF81F,0x7B6F,0x738F,0x4A09,0x39A7,0x1862,0x5269,0x5BF0,0x1083,0x29C8,0x4A8A,0x4208,0x7432,0x1084,0x7BCF,0x630B,0x18C3,
  0x526A,0x5ACB,0xA4F3,0xF81F,0xF81F,0xF81F,0xF81F,0xF81F,0xF81F,0xF81F,0xF81F,0x4A08,0x4208,0x738E,0x0000,0xF81F,0xF81F,0xF81F,0xF81F,0xF81F,0xF81F,0x3A07,0x52A9,0xF81F,
  0xF81F,0x39A7,0x0000,0xF81F,0xF81F,0xF81F,0xF81F,0xF81F,0x0000,0x8BF3,0x83B1,0x41E8,0x5A2A,0xF81F,0xF81F,0xF81F,0xF81F,0xF81F,0xF81F,0x2085,0x9CF4,0x52AB,0x39C8,0x3146,
  0x0000,0x20C4,0x0820,0x39C7,0x7B8F,0x2966,0x1082,0x738E,0x5AEB,0x0020,0x4A28,0x0821,0x20A3,0x526A,0x6B0C,0xA4B3,0x20C4,0xF81F,0xF81F,0xF81F,0xF81F,0xF81F,0x0801,0x522A,
  0x41E8,0x83F0,0xAD55,0x0000,0xF81F,0xF81F,0xF81F,0xF81F,0x1802,0x628F,0x4A29,0xF81F,0xF81F,0x39A7,0x0000,0xF81F,0xF81F,0xF81F,0xF81F,0xF81F,0x0000,0x8C52,0x9452,0x41E8,
  0x0000,0xF81F,0xF81F,0xF81F,0xF81F,0xF81F,0xF81F,0x5A2B,0x8410,0x638D,0x20A4,0x0000,0xF81F,0x1021,0x522A,0x3146,0x0821,0x39A7,0x18A3,0x1062,0x2925,0x5B0B,0x0020,0x3126,
  0x0801,0x4228,0x630C,0x628A,0x4248,0xF81F,0xF81F,0xF81F,0xF81F,0xF81F,0xF81F,0x0000,0x41C8,0x842F,0xAD75,0x0000,0xF81F,0xF81F,0xF81F,0xF81F,0xF81F,0x0801,0x4A29,0xF81F,
  0xF81F,0x41E8,0x0000,0xF81F,0xF81F,0xF81F,0xF81F,0xF81F,0xF81F,0x0821,0x3146,0x5249,0x0000,0xF81F,0xF81F,0xF81F,0xF81F,0xF81F,0xF81F,0x49A9,0x94B1,0x18A3,0x0000,0xF81F,
  0x1003,0x0800,0x524A,0x9472,0x3146,0x0000,0x0000,0x41C7,0x8C30,0x4228,0x0800,0x0000,0xF81F,0x0000,0x3125,0x732C,0x41C8,0xF81F,0xF81F,0xF81F,0xF81F,0xF81F,0xF81F,0x0000,
  0x3166,0x20C3,0x18A2,0x0801,0xF81F,0xF81F,0xF81F,0xF81F,0xF81F,0x0000,0x41E7,0xF81F,0xF81F,0xF81F,0xF81F,0xF81F,0xF81F,0xF81F,0xF81F,0xF81F,0x0000,0x83F0,0x41E8,0x0000,
  0xF81F,0xF81F,0xF81F,0xF81F,0xF81F,0xF81F,0xF81F,0xF81F,0x84AE,0x840F,0xF81F,0xF81F,0xF81F,0x0000,0x41E8,0x528A,0x4A28,0x3165,0x2904,0x52AA,0x630C,0x3965,0x0000,0xF81F,
  0xF81F,0x0842,0x736D,0x8C10,0x2084,0xF81F,0xF81F,0xF81F,0xF81F,0xF81F,0xF81F,0xF81F,0x1042,0x4208,0xA534,0x0801,0xF81F,0xF81F,0xF81F,0xF81F,0xF81F,0xF81F,0x0802,0xF81F,
  0xF81F,0xF81F,0xF81F,0xF81F,0xF81F,0xF81F,0xF81F,0xF81F,0x0020,0xAD15,0x4A29,0x0800,0xF81F,0xF81F,0xF81F,0xF81F,0xF81F,0xF81F,0xF81F,0xF81F,0x4A69,0x7BAE,0xF81F,0xF81F,
  0xF81F,0xF81F,0x2904,0x6BAD,0x29A5,0x39C6,0x2104,0x31E6,0x738F,0x28C4,0xF81F,0xF81F,0xF81F,0x526A,0x83F0,0x62CC,0xF81F,0xF81F,0xF81F,0xF81F,0xF81F,0xF81F,0xF81F,0xF81F,
  0x1022,0x5249,0xA513,0x0801,0xF81F,0xF81F,0xF81F,0xF81F,0xF81F,0xF81F,0xF81F,0xF81F,0xF81F,0xF81F,0xF81F,0xF81F,0xF81F,0xF81F,0xF81F,0xF81F,0x0821,0x738E,0x4A29,0x0801,
  0xF81F,0xF81F,0xF81F,0xF81F,0xF81F,0xF81F,0xF81F,0xF81F,0x0801,0x4A89,0xF81F,0xF81F,0xF81F,0xF81F,0x1003,0x4A48,0x1022,0x0000,0x0001,0x1865,0x732F,0x1843,0xF81F,0x1803,
  0x2125,0x52AB,0x62AC,0x1003,0xF81F,0xF81F,0xF81F,0xF81F,0xF81F,0xF81F,0xF81F,0xF81F,0x0801,0x4A08,0x94B2,0x0000,0xF81F,0xF81F,0xF81F,0xF81F,0xF81F,0xF81F,0xF81F,0xF81F,
  0xF81F,0xF81F,0xF81F,0xF81F,0xF81F,0xF81F,0xF81F,0xF81F,0xA4B4,0x7BCF,0x4A09,0x0800,0xF81F,0xF81F,0xF81F,0xF81F,0xF81F,0xF81F,0xF81F,0xF81F,0xF81F,0x0000,0x524A,0x732E,
  0x0000,0xF81F,0xF81F,0x3186,0xF81F,0xF81F,0xF81F,0xF81F,0x5AAB,0xF81F,0xF81F,0x2925,0x4ACA,0x5A4B,0x1803,0xF81F,0xF81F,0xF81F,0xF81F,0xF81F,0xF81F,0xF81F,0xF81F,0xF81F,
  0x0001,0x4A08,0x4A48,0x8C50,0xF81F,0xF81F,0xF81F,0xF81F,0xF81F,0xF81F,0xF81F,0xF81F,0xF81F,0xF81F,0xF81F,0xF81F,0xF81F,0xF81F,0xF81F,0xF81F,0x736E,0x4A49,0x20C3,0xF81F,
  0xF81F,0xF81F,0xF81F,0xF81F,0xF81F,0xF81F,0xF81F,0xF81F,0xF81F,0xF81F,0xF81F,0x1843,0x0820,0x0801,0xF81F,0xF81F,0xF81F,0xF81F,0xF81F,0xF81F,0xF81F,0xF81F,0x0802,0x1042,
  0x0000,0xF81F,0xF81F,0xF81F,0xF81F,0xF81F,0xF81F,0xF81F,0xF81F,0xF81F,0xF81F,0xF81F,0xF81F,0x3965,0x634C,0x7BCE,0xF81F,0xF81F,0xF81F,0xF81F,0xF81F,0xF81F,0xF81F,0xF81F,
  0xF81F,0xF81F,0xF81F,0xF81F,0xF81F,0xF81F,0xF81F,0xF81F,0x7B6E,0x4A09,0x0000,0xF81F,0xF81F,0xF81F,0xF81F,0xF81F,0xF81F,0xF81F,0xF81F,0xF81F,0xF81F,0xF81F,0xF81F,0xF81F,
  0xF81F,0xF81F,0xF81F,0xF81F,0xF81F,0xF81F,0xF81F,0xF81F,0xF81F,0xF81F,0xF81F,0xF81F,0xF81F,0xF81F,0xF81F,0xF81F,0xF81F,0xF81F,0xF81F,0xF81F,0xF81F,0xF81F,0xF81F,0xF81F,
  0xF81F,0x0000,0x39C6,0x7BCE,0xF81F,0xF81F,0xF81F,0xF81F,0xF81F,0xF81F,0xF81F,0xF81F,0xF81F,0xF81F,0xF81F,0xF81F,0xF81F,0xF81F,0xF81F,0xF81F,0x734D,0x41C7,0x0000,0xF81F,
  0xF81F,0xF81F,0xF81F,0xF81F,0xF81F,0xF81F,0xF81F,0xF81F,0xF81F,0xF81F,0xF81F,0xF81F,0xF81F,0xF81F,0xF81F,0xF81F,0xF81F,0xF81F,0xF81F,0xF81F,0xF81F,0xF81F,0xF81F,0xF81F,
  0xF81F,0xF81F,0xF81F,0xF81F,0xF81F,0xF81F,0xF81F,0xF81F,0xF81F,0xF81F,0xF81F,0xF81F,0xF81F,0x0000,0x3A27,0x7BEE,0xF81F,0xF81F,0xF81F,0xF81F,0xF81F,0xF81F,0xF81F,0xF81F,
  0xF81F,0xF81F,0xF81F,0xF81F,0xF81F,0xF81F,0xF81F,0xF81F,0x736D,0x4A08,0x0000,0xF81F,0xF81F,0xF81F,0xF81F,0xF81F,0xF81F,0xF81F,0xF81F,0xF81F,0xF81F,0xF81F,0xF81F,0xF81F,
  0xF81F,0xF81F,0xF81F,0xF81F,0xF81F,0xF81F,0xF81F,0xF81F,0xF81F,0xF81F,0xF81F,0xF81F,0xF81F,0xF81F,0xF81F,0xF81F,0xF81F,0xF81F,0xF81F,0xF81F,0xF81F,0xF81F,0xF81F,0xF81F,
  0xF81F,0x0020,0x4AA9,0x7BEE,0xF81F,0xF81F,0xF81F,0xF81F,0xF81F,0xF81F,0xF81F,0xF81F,0xF81F,0xF81F,0xF81F,0xF81F,0xF81F,0xF81F,0xF81F,0xF81F,0x7B8D,0x5AEA,0x20E5,0xF81F,
  0xF81F,0xF81F,0xF81F,0xF81F,0xF81F,0xF81F,0xF81F,0xF81F,0xF81F,0xF81F,0xF81F,0xF81F,0xF81F,0xF81F,0xF81F,0xF81F,0xF81F,0xF81F,0xF81F,0xF81F,0xF81F,0xF81F,0xF81F,0xF81F,
  0xF81F,0xF81F,0xF81F,0xF81F,0xF81F,0xF81F,0xF81F,0xF81F,0xF81F,0xF81F,0xF81F,0xF81F,0xF81F,0x0800,0x0841,0x736E,0xF81F,0xF81F,0xF81F,0xF81F,0xF81F,0xF81F,0xF81F,0xF81F,
  0xF81F,0xF81F,0xF81F,0xF81F,0xF81F,0xF81F,0xF81F,0xF81F,0xF81F,0x5B8B,0x0801,0xF81F,0xF81F,0xF81F,0xF81F,0xF81F,0xF81F,0xF81F,0xF81F,0xF81F,0xF81F,0xF81F,0xF81F,0xF81F,
  0xF81F,0xF81F,0xF81F,0xF81F,0xF81F,0xF81F,0xF81F,0xF81F,0xF81F,0xF81F,0xF81F,0xF81F,0xF81F,0xF81F,0xF81F,0xF81F,0xF81F,0xF81F,0xF81F,0xF81F,0xF81F,0xF81F,0xF81F,0xF81F,
  0xF81F,0x0000,0x5B0A,0x0801,0xF81F,0xF81F,0xF81F,0xF81F,0xF81F,0xF81F,0xF81F,0xF81F,0xF81F,0xF81F,0xF81F,0xF81F,0xF81F,0xF81F,0xF81F,0xF81F,0x0000,0x4B29,0x0000,0xF81F,
  0xF81F,0xF81F,0xF81F,0xF81F,0xF81F,0xF81F,0xF81F,0xF81F,0xF81F,0xF81F,0xF81F,0xF81F,0xF81F,0xF81F,0xF81F,0xF81F,0xF81F,0xF81F,0xF81F,0xF81F,0xF81F,0xF81F,0xF81F,0xF81F,
  0xF81F,0xF81F,0xF81F,0xF81F,0xF81F,0xF81F,0xF81F,0xF81F,0xF81F,0xF81F,0xF81F,0xF81F,0xF81F,0x0000,0x5B0A,0x0000,0xF81F,0xF81F,0xF81F,0xF81F,0xF81F,0xF81F,0xF81F,0xF81F,
  0xF81F,0xF81F,0xF81F,0xF81F,0xF81F,0xF81F,0xF81F,0xF81F,0x0000,0x4269,0x0000,0xF81F,0xF81F,0xF81F,0xF81F,0xF81F,0xF81F,0xF81F,0xF81F,0xF81F,0xF81F,0xF81F,0xF81F,0xF81F,
  0xF81F,0xF81F,0xF81F,0xF81F,0xF81F,0xF81F,0xF81F,0xF81F,0xF81F,0xF81F,0xF81F,0xF81F,0xF81F,0xF81F,0xF81F,0xF81F,0xF81F,0xF81F,0xF81F,0xF81F,0xF81F,0xF81F,0xF81F,0xF81F,
  0xF81F,0x0000,0x52AA,0x0000,0xF81F,0xF81F,0xF81F,0xF81F,0xF81F,0xF81F,0xF81F,0xF81F,0xF81F,0xF81F,0xF81F,0xF81F,0xF81F,0xF81F,0xF81F,0xF81F,0xF81F,0x0000,0xF81F,0xF81F,
  0xF81F,0xF81F,0xF81F,0xF81F,0xF81F,0xF81F,0xF81F,0xF81F,0xF81F,0xF81F,0xF81F,0xF81F,0xF81F,0xF81F,0xF81F,0xF81F,0xF81F,0xF81F,0xF81F,0xF81F,0xF81F,0xF81F,0xF81F,0xF81F,
  0xF81F,0xF81F,0xF81F,0xF81F,0xF81F,0xF81F,0xF81F,0xF81F,0xF81F,0xF81F,0xF81F,0xF81F,0xF81F,0xF81F,0x0000,0xF81F,0xF81F,0xF81F,0xF81F,0xF81F,0xF81F,0xF81F,0xF81F,0xF81F
};
static const uint16_t M8[] = {
  0xF81F,0xF81F,0xF81F,0xF81F,0xF81F,0xF81F,0xF81F,0xF81F,0xF81F,0xF81F,0xF81F,0xF81F,0xF81F,0xF81F,0xF81F,0xF81F,0xF81F,0xF81F,0xF81F,0xF81F,0xF81F,0xF81F,0xF81F,0xF81F,
  0xF81F,0xF81F,0xF81F,0xF81F,0xF81F,0xF81F,0xF81F,0xF81F,0xF81F,0xF81F,0xF81F,0xF81F,0xF81F,0xF81F,0xF81F,0xF81F,0xF81F,0xF81F,0xF81F,0xF81F,0xF81F,0xF81F,0xF81F,0x28A5,
  0x10A3,0xF81F,0xF81F,0xF81F,0xF81F,0xF81F,0xF81F,0xF81F,0xF81F,0xF81F,0xF81F,0xF81F,0xF81F,0xF81F,0xF81F,0xF81F,0xF81F,0xF81F,0xF81F,0xF81F,0xF81F,0xF81F,0xF81F,0xF81F,
  0xF81F,0xF81F,0xF81F,0xF81F,0xF81F,0x29C8,0x0000,0x422C,0x3A2B,0x0821,0x0842,0xF81F,0xF81F,0xF81F,0xF81F,0xF81F,0xF81F,0xF81F,0xF81F,0xF81F,0xF81F,0xF81F,0xF81F,0xF81F,
  0xF81F,0xF81F,0xF81F,0xF81F,0xF81F,0xF81F,0xF81F,0xF81F,0xF81F,0xF81F,0x0801,0x1044,0x3187,0x31E8,0x2987,0x426B,0x39E9,0x426A,0x2145,0x2106,0x0000,0xF81F,0xF81F,0xF81F,
  0xF81F,0xF81F,0xF81F,0xF81F,0xF81F,0xF81F,0xF81F,0xF81F,0xF81F,0xF81F,0xF81F,0xF81F,0xF81F,0xF81F,0xF81F,0xF81F,0xF81F,0xF81F,0x2146,0x3189,0x4A8C,0x31A8,0x31A8,0x4AED,
  0x3187,0x5B6E,0x2125,0x31C9,0x2166,0x31C7,0x1003,0xF81F,0xF81F,0xF81F,0xF81F,0xF81F,0xF81F,0xF81F,0xF81F,0xF81F,0xF81F,0xF81F,0xF81F,0xF81F,0xF81F,0xF81F,0xF81F,0xF81F,
  0x3167,0x2146,0x428C,0x2987,0x4A6B,0x31C8,0x9578,0x4AAB,0x31A8,0x5B8F,0x424A,0x5B2F,0x4ACD,0x426B,0x2966,0x2084,0xF81F,0xF81F,0xF81F,0xF81F,0xF81F,0xF81F,0xF81F,0xF81F,
  0xF81F,0xF81F,0xF81F,0xF81F,0xF81F,0xF81F,0x1804,0x2167,0x2967,0x31A8,0x63B0,0x31C8,0x6BF1,0x39E9,0x4ACD,0x63B0,0x52ED,0x7C73,0x5B2E,0x6390,0x2946,0x42AC,0x29A7,0x2166,
  0x2986,0x0000,0xF81F,0xF81F,0xF81F,0xF81F,0xF81F,0xF81F,0xF81F,0xF81F,0xF81F,0xF81F,0xF81F,0xF81F,0x29A8,0x31C8,0x426B,0x29A8,0x2988,0x31C9,0x52CC,0x2987,0x7453,0x52ED,
  0x52EC,0x4AAC,0x6390,0x31C8,0x636F,0x2126,0x31E8,0x2166,0x29A7,0x2186,0x1002,0xF81F,0xF81F,0xF81F,0xF81F,0xF81F,0xF81F,0xF81F,0xF81F,0xF81F,0xF81F,0x1906,0x2967,0x2126,
  0x3A0A,0x39E9,0x5B4F,0x426B,0x52CD,0x4A4B,0x6BD1,0x4A6B,0x3A0A,0x424B,0x52ED,0x31C8,0x63D1,0x426B,0x31A8,0x31A8,0x3A6A,0x31E9,0x1063,0xF81F,0xF81F,0xF81F,0xF81F,0xF81F,
  0xF81F,0xF81F,0xF81F,0xF81F,0xF81F,0x18E5,0x2967,0x31A8,0x424A,0x4AAC,0x3A09,0x52ED,0x422A,0x3A2A,0x638F,0x424B,0x2146,0x4ACD,0x3188,0x5B2E,0x2126,0x5B2E,0x3A4A,0x424B,
  0x31A8,0x3208,0x2166,0x0000,0xF81F,0xF81F,0xF81F,0xF81F,0xF81F,0xF81F,0xF81F,0x1802,0x2106,0x31E9,0x3A29,0x29C8,0x1925,0x52ED,0x29A8,0x7412,0x3188,0x52EE,0x2967,0x5B2F,
  0x2967,0x52EE,0x3A0A,0x63B0,0x4A8C,0x5B2E,0x31E9,0x31A8,0x3209,0x31E9,0x2187,0x1904,0xF81F,0xF81F,0xF81F,0xF81F,0xF81F,0xF81F,0xF81F,0x1023,0x3208,0x29A8,0x2146,0x426B,
  0x428B,0x3A4A,0x2126,0x4A8C,0x2105,0x8495,0x3A09,0x6BB1,0x4AAC,0x52CD,0x3A2A,0x4ACC,0x84F4,0x2987,0x4ACD,0x31C8,0x3A09,0x1083,0x2146,0x29A7,0x0822,0xF81F,0xF81F,0xF81F,
  0xF81F,0xF81F,0xF81F,0x2148,0x29A7,0x2126,0x428B,0x2987,0x3A29,0x2106,0x2987,0x52ED,0x3A0A,0x6BB2,0x424A,0x6BB1,0x426B,0x4AAC,0x426B,0x2967,0x31C9,0x2146,0x84F5,0x3A09,
  0x426B,0x3A4A,0x4AAB,0x2187,0x18E4,0xF81F,0xF81F,0xF81F,0xF81F,0xF81F,0xF81F,0x1905,0x2146,0x1905,0x1905,0x3A29,0x3A2A,0x3A0A,0x5B4F,0x2988,0x428C,0x5B4F,0x31C8,0x6BB1,
  0x3A2A,0x63B0,0x31A8,0x39E9,0x31C9,0x4AED,0x2126,0x426B,0x2146,0x3A4A,0x1925,0x2166,0x1904,0x0000,0xF81F,0xF81F,0xF81F,0xF81F,0x0821,0x2126,0x1945,0x29A8,0x3A2A,0x29A8,
  0x532E,0x3A4A,0x7432,0x3A09,0x4A8C,0x4AAC,0x29A7,0x6390,0x31E9,0x6BD1,0x31A8,0x4A6C,0x3A0A,0x52EE,0x2967,0x4AAC,0x2126,0x2987,0x31E9,0x2166,0x1925,0x0000,0xF81F,0xF81F,
  0xF81F,0xF81F,0x0821,0x2146,0x4AAC,0x3A4A,0x2187,0x2125,0x7C94,0x3A09,0x428B,0x4A8C,0x6390,0x424A,0x422A,0x52EE,0x31C8,0x6BD1,0x2146,0x7453,0x63D0,0x4AAC,0x2106,0x31C8,
  0x1946,0x3A2A,0x5B6F,0x426B,0x2146,0x0801,0xF81F,0xF81F,0xF81F,0x2003,0x0883,0x2987,0x2988,0x3A29,0x29A7,0x428B,0x42AC,0x2966,0x31E9,0x7453,0x424B,0x31A8,0x530E,0x4ACD,
  0x31C8,0x6C12,0x63B0,0x31A8,0x5B6F,0x31E9,0x1905,0x3209,0x2146,0x29A8,0x322A,0x3A4A,0x1966,0x10E3,0xF81F,0xF81F,0xF81F,0x0800,0x0862,0x5BAF,0x2146,0x0841,0x2147,0x3A0A,
  0x3209,0x18E4,0x426B,0x4AEC,0x31C8,0x3A09,0x4A8C,0x3A09,0x31C8,0x52ED,0x424B,0x3A2A,0x3A08,0x532E,0x1925,0x2146,0x2145,0x10C4,0x0883,0x4AED,0x532D,0x1062,0xF81F,0xF81F,
  0xF81F,0x0800,0x2187,0x3209,0x2146,0x532F,0x9599,0x532F,0x1062,0x10A3,0x29C8,0x2105,0x10C4,0x3A4A,0x2146,0x3A09,0x29A8,0x29A8,0x3A09,0x426B,0x29A7,0x29A8,0x0842,0x29C8,
  0x63D0,0x5B4E,0x0001,0x424B,0x3209,0x29A7,0xF81F,0xF81F,0xF81F,0x0801,0x29A8,0x2147,0x2166,0x530E,0x2126,0x530D,0x63B2,0x0821,0x18E4,0x2125,0x2147,0x3A4B,0x31A7,0x424A,
  0x4ACC,0x31C8,0x2966,0x2987,0x2146,0x1082,0x63D2,0x5B92,0x29C9,0x2146,0x0001,0x2146,0x3A4A,0x2187,0x1002,0xF81F,0xF81F,0x2044,0x424B,0x42AC,0x2987,0x532E,0x29A7,0x0862,
  0x29C7,0x6BD2,0x3A4A,0x4A8C,0x5B2F,0x428C,0x532E,0x4AED,0x5B6E,0x5B6F,0x7452,0x4AAC,0x10A3,0x5B8F,0x5B70,0x0884,0x21A7,0x29A8,0x0000,0x3A6A,0x1966,0x3209,0x0821,0xF81F,
  0xF81F,0x2968,0x532E,0x322A,0x2987,0x532F,0x320A,0x2146,0x0841,0x42AC,0x6C32,0x6390,0x5B2F,0x530E,0x63B0,0x4AED,0x6390,0x6390,0x3209,0x5B2F,0x1905,0x5B4F,0x0000,0x0883,
  0x2986,0x42AC,0x0000,0x29C8,0x29E8,0x426B,0x29A7,0xF81F,0xF81F,0x29A8,0x29A7,0x42CD,0x31E9,0x0000,0x3A4A,0x2146,0x0882,0x1083,0x3A6B,0x5B70,0x530F,0x5B70,0x3A0A,0x424B,
  0x52ED,0x530E,0x428C,0x5B6F,0x52ED,0x3209,0x0000,0x10A3,0x29A6,0x3208,0x0863,0x428B,0x2146,0x3A29,0x2146,0xF81F,0x0800,0x2987,0x42AB,0x1905,0x320A,0x0000,0x3A4B,0x2146,
  0x10C3,0x4AEC,0x4ACD,0x63D1,0x426B,0x4AAC,0x7432,0x532E,0x4ACC,0x5B0E,0x31C9,0x3A4B,0x63B0,0x4ACD,0x0021,0x0883,0x2166,0x63B0,0x29C8,0x4AAC,0x10A4,0x31C8,0x2166,0x0000,
  0x0862,0x3209,0x1904,0x4ACD,0x29A8,0x3209,0x4ACC,0x29A9,0x29A7,0x320A,0x426B,0x3A4A,0x530E,0x7453,0x3A4A,0x5B4E,0x530D,0x6BF1,0x4AAC,0x5B4F,0x3A0A,0x3A2A,0x3229,0x0042,
  0x31EA,0x0021,0x2988,0x428C,0x428B,0x1926,0x29A8,0x0040,0x0862,0x29A8,0x0021,0x3A0A,0x29A8,0x3209,0x18E4,0x10A4,0x31C9,0x3209,0x426B,0x2967,0x530E,0x29A8,0x52EE,0x4ACD,
  0x426B,0x31E9,0x5B2E,0x31C9,0x532E,0x3A0A,0x2987,0x18E5,0x0021,0x2166,0x4ACC,0x3A09,0x3A0A,0x0883,0x29E8,0x0041,0x0863,0x1905,0x31E8,0x320A,0x426B,0x2987,0x2146,0x0000,
  0x29A8,0x3A29,0x532F,0x5B0F,0x2988,0x5B70,0x3A2A,0x5B4F,0x4AAD,0x3A2B,0x530E,0x3A4B,0x63B1,0x4AAD,0x2167,0x31C8,0x0000,0x1925,0x1926,0x5B70,0x29A8,0x0000,0x29A7,0x0020,
  0x0021,0x1904,0x1105,0x428C,0x3A2A,0x2146,0x2145,0x0000,0x2987,0x1905,0x29A8,0x52EE,0x63B1,0x422B,0x4ACD,0x6390,0x5B2E,0x5B2E,0x31C9,0x7CB5,0x31E9,0x2126,0x08A3,0x31E9,
  0x0021,0x1905,0x31C8,0x2988,0x1946,0x31E8,0x2165,0x0000,0x0021,0x10C4,0x3A29,0x536F,0x31E9,0x29A8,0x0841,0x3A6A,0x29A7,0x0041,0x18E5,0x428B,0x6C33,0x3A2A,0x5B70,0x4ACD,
  0x426B,0x428C,0x428C,0x426C,0x2987,0x1083,0x0862,0x29A8,0x3229,0x1904,0x2166,0x1926,0x428B,0x2146,0x1945,0x0000,0xF81F,0x10C4,0x428B,0x2187,0x31E9,0x2166,0x0041,0x31E9,
  0x31C8,0x2146,0x0021,0x194D,0x42EE,0x3A2B,0x530D,0x4AAC,0x3A4B,0x426B,0x530D,0x20C6,0x2B14,0x0800,0x3A2A,0x3A6B,0x1905,0x0021,0x1925,0x2167,0x426B,0x29A8,0x0882,0xF81F,
  0xF81F,0x18C4,0x08A3,0x3209,0x2126,0x0882,0x0000,0x424B,0x29C8,0x532F,0x18C5,0x0001,0x10A4,0x2147,0x31E9,0x3A4B,0x426B,0x2188,0x3A2A,0x0065,0x0000,0x1086,0x426B,0x1926,
  0x2166,0x0000,0x2146,0x2167,0x5B50,0x1905,0x1082,0xF81F,0xF81F,0x18A4,0x1946,0x1905,0x31E8,0x0882,0x31C8,0x3209,0x18C4,0x532F,0x320A,0x29A9,0x10E5,0x31E9,0x1105,0x5B90,
  0x6BD1,0x42CD,0x2167,0x1906,0x2126,0x2968,0x5B2F,0x29A8,0x4A8C,0x29C8,0x10C4,0x29A9,0x1106,0x1945,0x18C4,0xF81F,0xF81F,0x0000,0x10A3,0x4AED,0x1925,0x0883,0x3A4A,0x42AC,
  0x2987,0x2987,0x5350,0x4ACD,0x31E9,0x31E9,0x4ACD,0x6370,0x5B6F,0x3A6C,0x426C,0x2967,0x6390,0x530E,0x1905,0x29C8,0x4AED,0x31E9,0x0042,0x31CA,0x1105,0x2146,0x0000,0xF81F,
  0xF81F,0x0801,0x10C4,0x1906,0x29C8,0x0862,0x0842,0x29E8,0x42AB,0x31C9,0x2167,0x2167,0x428C,0x29C9,0x84F5,0x428C,0x426B,0x6BB1,0x29A9,0x3A2B,0x0883,0x1906,0x10A4,0x31E9,
  0x1083,0x0000,0x0021,0x2126,0x1925,0x10E4,0x0000,0xF81F,0xF81F,0x1803,0x0000,0x2166,0x29E8,0x0042,0xD77F,0x0000,0x31E9,0x2167,0x3209,0x29C8,0x426B,0x31C9,0x52CE,0x7C74,
  0x7C94,0x3A2B,0x2167,0x530E,0x29A8,0x29A8,0x428C,0x31C9,0x0000,0xEF9E,0x0000,0x10C4,0x1925,0x0000,0xF81F,0xF81F,0xF81F,0x1002,0x10A4,0x21A8,0x2166,0xE7DF,0x18C7,0x1105,
  0x2167,0x2146,0x10A4,0x31C9,0x428C,0x52EE,0x31A9,0x5B90,0x4ACD,0x424B,0x6390,0x3A0A,0x4AAC,0x1906,0x21A8,0x1967,0x10E4,0x0044,0x5B91,0x1926,0x2186,0x10E3,0xF81F,0xF81F,
  0xF81F,0x1002,0x2167,0x10A4,0x0041,0xAE5D,0x1927,0x0862,0x1925,0x1905,0x0000,0x2987,0x4AAC,0x5B70,0x5B4F,0x84D6,0x63B1,0x424B,0x2967,0x426B,0x530E,0x0000,0x29E9,0x1947,
  0x0883,0x2168,0xBF3F,0x0862,0x0041,0x2125,0xF81F,0xF81F,0xF81F,0x1824,0x2167,0x0021,0x0021,0xBEBE,0x21AA,0x0020,0x1925,0x0863,0x3A0B,0x4AAC,0x2167,0x31EA,0x426D,0x8D17,
  0x84D6,0x426C,0x3A2A,0x3A4B,0x4ACD,0x2147,0x0862,0x1906,0x0842,0x2148,0xA61D,0x0041,0x0862,0x2946,0xF81F,0xF81F,0xF81F,0x18E5,0x2146,0x10C4,0x0000,0xBEFF,0x9E3C,0x0021,
  0x0041,0x0021,0x530E,0x532F,0x2988,0x4AEF,0x2988,0x3A0B,0x31E9,0x31E9,0x3A0A,0x2168,0x4ACD,0x428C,0x0000,0x08A3,0x0021,0xA63C,0x8D9A,0x0862,0x2166,0x29A7,0x0000,0xF81F,
  0x0801,0x4A8C,0x0883,0x31C7,0x0000,0x74F9,0xA63D,0x6496,0x0000,0x95BB,0x0862,0x3A2A,0x4ACD,0x3A6C,0x4B0F,0x63D3,0x6BF3,0x42AE,0x42AD,0x3A8C,0x2166,0x0000,0xB69E,0x0000,
  0x5BB2,0xA63D,0x320B,0x1063,0x21A8,0x18E5,0x3A2A,0x1002,0x0000,0x31C9,0x0020,0x52ED,0x0821,0x1907,0x6435,0x9E1D,0xBEFE,0x8538,0x10E5,0x2988,0x3A2A,0x2988,0x5BD2,0x7478,
  0x7457,0x5B92,0x3A2B,0x320A,0x10E4,0x2147,0xAE9D,0xCF7F,0xA67D,0x6CB7,0x1925,0x29E8,0x5B50,0x0000,0x428C,0x0001,0xF81F,0x2987,0x0000,0xF81F,0xF81F,0x1064,0x0843,0x5BD4,
  0x5C14,0x5BD3,0x0863,0x21A7,0x10C5,0x216A,0x298B,0x2149,0x2169,0x4291,0x4AB0,0x2168,0x1105,0x10E5,0x5C35,0x5C14,0x53B2,0x0042,0x10C3,0x0000,0x5A0E,0x1003,0x0022,0xF81F,
  0xF81F,0xF81F,0xF81F,0xF81F,0xF81F,0x0822,0x2987,0x0000,0x4AEE,0x20E6,0x0000,0x10A4,0xA69E,0x18C7,0x2169,0x2989,0x29A9,0x2169,0x2107,0x84FA,0x10C4,0x0000,0x29A9,0x18C5,
  0x0000,0x1925,0x2967,0x1001,0xF81F,0xF81F,0xF81F,0xF81F,0xF81F,0xF81F,0xF81F,0xF81F,0xF81F,0xF81F,0x3A29,0x2146,0x10A3,0x0000,0x292A,0x0001,0x42B0,0x1085,0x0002,0x29CA,
  0x29C9,0x0020,0x2127,0x3A2D,0x0001,0x1883,0x0000,0x18E5,0x1926,0x3A29,0x0020,0xF81F,0xF81F,0xF81F,0xF81F,0xF81F,0xF81F,0xF81F,0xF81F,0xF81F,0xF81F,0xF81F,0x3A29,0x2967,
  0x1905,0x1002,0xF81F,0x0803,0x216A,0x2169,0x8EDF,0x29A9,0x2189,0x6CB8,0x2949,0x2107,0xF81F,0xF81F,0x0000,0x1926,0x2167,0x3A09,0x0000,0xF81F,0xF81F,0xF81F,0xF81F,0xF81F,
  0xF81F,0xF81F,0xF81F,0xF81F,0xF81F,0x0002,0x3A29,0x31C8,0x29A7,0x0001,0xF81F,0xF81F,0xF81F,0x2169,0x2148,0x2147,0x2127,0x1906,0x10E5,0xF81F,0xF81F,0xF81F,0x0001,0x2988,
  0x3A6B,0x31C8,0x0021,0xF81F,0xF81F,0xF81F,0xF81F,0xF81F,0xF81F,0xF81F,0xF81F,0xF81F,0xF81F,0x42AD,0x2967,0x10E5,0x42CB,0x10A3,0xF81F,0xF81F,0xF81F,0xF81F,0xF81F,0xF81F,
  0xF81F,0xF81F,0xF81F,0xF81F,0xF81F,0xF81F,0x10A4,0x3A0A,0x0863,0x29A8,0x3A2A,0xF81F,0xF81F,0xF81F,0xF81F,0xF81F,0xF81F,0xF81F,0xF81F,0xF81F,0x0822,0x532E,0x2186,0x4ACC,
  0x42AB,0x18E4,0xF81F,0xF81F,0xF81F,0xF81F,0xF81F,0xF81F,0xF81F,0xF81F,0xF81F,0xF81F,0xF81F,0xF81F,0x10A4,0x428B,0x0021,0x1906,0x5B6F,0x1063,0xF81F,0xF81F,0xF81F,0xF81F,
  0xF81F,0xF81F,0xF81F,0xF81F,0x1885,0x6BF2,0x0841,0x7C52,0x2A08,0x0821,0xF81F,0xF81F,0xF81F,0xF81F,0xF81F,0xF81F,0xF81F,0xF81F,0xF81F,0xF81F,0xF81F,0xF81F,0x0001,0x29C8,
  0x7CF3,0x0021,0x7472,0x1062,0xF81F,0xF81F,0xF81F,0xF81F,0xF81F,0xF81F,0xF81F,0xF81F,0xF81F,0x0803,0xF81F,0x0000,0x0000,0xF81F,0xF81F,0xF81F,0xF81F,0xF81F,0xF81F,0xF81F,
  0xF81F,0xF81F,0xF81F,0xF81F,0xF81F,0xF81F,0xF81F,0xF81F,0x0001,0xF81F,0x18A5,0xF81F,0xF81F,0xF81F,0xF81F,0xF81F
};
static const uint16_t M9[] = {
  0xF81F,0xF81F,0xF81F,0xF81F,0xF81F,0xF81F,0xF81F,0xF81F,0xF81F,0xF81F,0xF81F,0xF81F,0xF81F,0xF81F,0xF81F,0xF81F,0xF81F,0xF81F,0xF81F,0xF81F,0xF81F,0xF81F,0xF81F,0xF81F,
  0xF81F,0xF81F,0xF81F,0xF81F,0xF81F,0xF81F,0xF81F,0x3208,0x434B,0x436B,0x436B,0x4B6C,0x1043,0xF81F,0xF81F,0xF81F,0xF81F,0xF81F,0xF81F,0xF81F,0xF81F,0xF81F,0xF81F,0xF81F,
  0xF81F,0xF81F,0xF81F,0xF81F,0xF81F,0xF81F,0xF81F,0xF81F,0xF81F,0xF81F,0xF81F,0xF81F,0xF81F,0xF81F,0xF81F,0xF81F,0xF81F,0xF81F,0xF81F,0xF81F,0xF81F,0xF81F,0xF81F,0xF81F,
  0xF81F,0xF81F,0xF81F,0xF81F,0xF81F,0xF81F,0xF81F,0xF81F,0xF81F,0xF81F,0xF81F,0xF81F,0xF81F,0xF81F,0xF81F,0xF81F,0xF81F,0xF81F,0xF81F,0xF81F,0xF81F,0xF81F,0xF81F,0xF81F,
  0x29C7,0x4C4E,0x7594,0x6593,0x6594,0x5D53,0x5D32,0x4C6F,0x4BCD,0x29A7,0xF81F,0xF81F,0xF81F,0xF81F,0xF81F,0xF81F,0xF81F,0xF81F,0xF81F,0xF81F,0xF81F,0xF81F,0xF81F,0xF81F,
  0xF81F,0xF81F,0xF81F,0xF81F,0xF81F,0xF81F,0xF81F,0xF81F,0xF81F,0xF81F,0xF81F,0xF81F,0xF81F,0xF81F,0xF81F,0xF81F,0xF81F,0xF81F,0xF81F,0xF81F,0xF81F,0xF81F,0xF81F,0xF81F,
  0xF81F,0xF81F,0xF81F,0xF81F,0xF81F,0xF81F,0xF81F,0xF81F,0xF81F,0xF81F,0x28E6,0x74F1,0x1084,0xF81F,0xF81F,0xF81F,0xF81F,0xF81F,0x3A69,0x4BEE,0x4C6F,0x6512,0x6DB4,0x6DB4,
  0x6DB4,0x5D32,0x54B0,0x4C2E,0x438C,0x29A7,0xF81F,0xF81F,0xF81F,0xF81F,0xF81F,0x5B8E,0x53EE,0x0002,0xF81F,0xF81F,0xF81F,0xF81F,0xF81F,0xF81F,0xF81F,0xF81F,0xF81F,0xF81F,
  0xF81F,0xF81F,0xF81F,0xF81F,0xF81F,0xF81F,0xF81F,0xF81F,0xF81F,0xF81F,0xF81F,0xF81F,0xF81F,0xF81F,0xF81F,0xF81F,0xF81F,0xF81F,0xF81F,0xF81F,0xF81F,0xF81F,0xF81F,0xF81F,
  0xF81F,0x5A6B,0xF81F,0xF81F,0xF81F,0xF81F,0x434B,0x54AF,0x5C90,0xF81F,0xF81F,0xF81F,0x1023,0x3B0A,0x4BEE,0x546F,0x546F,0x54B0,0x5511,0x54F1,0x54B0,0x54B0,0x4C2E,0x43AD,
  0x3268,0xF81F,0xF81F,0xF81F,0x1986,0x7533,0x43AD,0x0904,0xF81F,0xF81F,0xF81F,0xF81F,0xF81F,0xF81F,0xF81F,0xF81F,0xF81F,0xF81F,0xF81F,0xF81F,0xF81F,0xF81F,0xF81F,0xF81F,
  0xF81F,0xF81F,0xF81F,0xF81F,0xF81F,0xF81F,0xF81F,0xF81F,0xF81F,0xF81F,0xF81F,0xF81F,0xF81F,0xF81F,0xF81F,0xF81F,0xF81F,0xF81F,0xF81F,0x3186,0x7C0F,0xF81F,0xF81F,0xF81F,
  0xF81F,0xF81F,0x1964,0x2247,0x54D0,0x43AD,0x29C6,0x21A5,0x3AEA,0x32C9,0x43AC,0x43AD,0x43AC,0x5490,0x5490,0x3B8C,0x438C,0x3B6C,0x32C9,0x21C6,0x3A48,0x3268,0x544F,0x4C0E,
  0x1143,0x42CA,0xF81F,0xF81F,0xF81F,0xF81F,0xF81F,0xF81F,0xF81F,0xF81F,0xF81F,0xF81F,0xF81F,0xF81F,0xF81F,0xF81F,0xF81F,0xF81F,0xF81F,0xF81F,0xF81F,0xF81F,0xF81F,0xF81F,
  0xF81F,0xF81F,0xF81F,0xF81F,0xF81F,0xF81F,0xF81F,0xF81F,0xF81F,0x634D,0xF81F,0xF81F,0xF81F,0xF81F,0x3166,0x9CF3,0xF81F,0x1003,0x2926,0x28E5,0xF81F,0x42CA,0x432B,0x1164,
  0x542E,0x3A89,0x3268,0x4BED,0x4C70,0x5490,0x540F,0x540E,0x5C4F,0x53EE,0x436C,0x4BEE,0x4C4F,0x546F,0x3B4B,0x3248,0x4BEE,0x5470,0x2185,0x42CA,0x1082,0xF81F,0xF81F,0x1803,
  0xF81F,0xF81F,0xF81F,0xF81F,0xF81F,0xF81F,0xF81F,0xF81F,0xF81F,0xF81F,0xF81F,0xF81F,0xF81F,0xF81F,0xF81F,0xF81F,0xF81F,0xF81F,0xF81F,0xF81F,0xF81F,0xF81F,0xF81F,0xF81F,
  0xF81F,0xF81F,0xF81F,0xF81F,0x5B2D,0x7C92,0xF81F,0xF81F,0xF81F,0x18C4,0x10A2,0x4249,0x4229,0x6B6F,0x3986,0x18E3,0x0000,0x32A9,0x08E3,0x1A27,0x4B4C,0x4B0B,0x43CD,0x6D94,
  0x6573,0x5CB1,0x4B8D,0x4B8D,0x6D12,0x4C0F,0x64F2,0x5D33,0x5CF1,0x4BEE,0x3248,0x4B6C,0x19A5,0x2A07,0x4AEB,0x0861,0x1924,0x1082,0x528A,0x31A7,0xF81F,0xF81F,0xF81F,0xF81F,
  0xF81F,0x94F4,0xF81F,0xF81F,0xF81F,0xF81F,0xF81F,0xF81F,0xF81F,0xF81F,0xF81F,0xF81F,0xF81F,0xF81F,0xF81F,0xF81F,0xF81F,0xF81F,0xF81F,0xF81F,0xF81F,0xF81F,0xF81F,0x2906,
  0x6BF0,0x7C31,0x520B,0xF81F,0x31A7,0x52CC,0x52ED,0x5AED,0x8CD3,0x4208,0x31E7,0x2165,0x2986,0x3A68,0x2165,0x2986,0x3A48,0x2145,0x19A5,0x4C4F,0x6512,0x2A68,0x32C9,0x2227,
  0x43CD,0x6512,0x436C,0x21E7,0x1924,0x2165,0x31C7,0x2165,0x3289,0x1924,0x2167,0x29C9,0x10A2,0xA514,0x4A8C,0x4A8C,0x2126,0xF81F,0x0001,0xAD97,0x8C72,0xF81F,0xF81F,0xF81F,
  0xF81F,0xF81F,0xF81F,0xF81F,0xF81F,0xF81F,0xF81F,0xF81F,0xF81F,0xF81F,0xF81F,0xF81F,0xF81F,0xF81F,0xF81F,0xF81F,0xF81F,0xF81F,0xF81F,0x31E8,0x4A8A,0x52CB,0x424A,0x530E,
  0x6370,0x6BB1,0x7BB0,0x8C72,0x8410,0x31E7,0x3207,0x2145,0x21C6,0x3A48,0x2144,0x21C6,0x0000,0x3B72,0x1924,0x42EA,0x2186,0x21E6,0x21C6,0x1144,0x4B6C,0x0083,0x963E,0x10E2,
  0x3AA9,0x0882,0x21A6,0x1924,0x1082,0x2188,0x322B,0x10A3,0xC639,0x5B0D,0x52AC,0x4AAC,0x3A09,0x634E,0x94B2,0x52AB,0xF81F,0xF81F,0xF81F,0xF81F,0xF81F,0xF81F,0xF81F,0xF81F,
  0xF81F,0xF81F,0xF81F,0xF81F,0xF81F,0xF81F,0xF81F,0xF81F,0xF81F,0xF81F,0xF81F,0xF81F,0xF81F,0xF81F,0x2125,0x4A8A,0x426B,0x52EE,0x530E,0x31A7,0x2146,0xB5D7,0xA534,0x632C,
  0x2986,0x3A48,0x2145,0x31E7,0x3A69,0x1104,0x4BED,0x0104,0x226D,0x7C10,0x10C3,0x21C6,0x544F,0x3B6C,0x08C3,0x0882,0x21EB,0x4B70,0x3AEA,0x544F,0x0861,0x4B0B,0x0000,0x0882,
  0x320A,0x3A4C,0x1082,0xD69A,0x6B4D,0x6B4E,0x5B0D,0x4A8C,0x5B0C,0x9CF3,0x4229,0xF81F,0xF81F,0xF81F,0xF81F,0xF81F,0xF81F,0xF81F,0xF81F,0xF81F,0xF81F,0xF81F,0xF81F,0xF81F,
  0xF81F,0xF81F,0xF81F,0xF81F,0xF81F,0xF81F,0xF81F,0xF81F,0xF81F,0x4229,0x426B,0x428E,0x6BD1,0x7BAE,0xAD96,0xB5B6,0x7BCF,0x7BAF,0x94B3,0x3186,0x31E7,0x2985,0xA535,0x2104,
  0x08A2,0x3B8C,0x546F,0x542E,0x21E6,0x4B6C,0x3B2A,0x5D12,0x440E,0x434B,0x3289,0x430A,0x4BEE,0x6D33,0x2AC9,0x0861,0x3A48,0x73CF,0x10C3,0x31EA,0x0062,0x2966,0x6B8E,0x6B4C,
  0x94B2,0x8C50,0x52CC,0x7411,0x4229,0x39E8,0xF81F,0xF81F,0xF81F,0xF81F,0xF81F,0xF81F,0xF81F,0xF81F,0xF81F,0xF81F,0xF81F,0xF81F,0xF81F,0xF81F,0xF81F,0xF81F,0xF81F,0xF81F,
  0xF81F,0xF81F,0xF81F,0x2966,0x4229,0x5330,0x530F,0x9CF3,0xCE79,0xA555,0x73CF,0x94B2,0x7C11,0x73AF,0x6B8E,0x1082,0x2145,0x94D3,0x4228,0x0000,0x3AEA,0x43ED,0x3B6B,0x00C2,
  0x2A07,0x4BAD,0x5CD1,0x3BAC,0x53CD,0x7450,0x2A06,0x2AC9,0x43CD,0x19A5,0x1082,0x73CF,0x4A69,0x10A3,0x29EA,0x0000,0x7C53,0x73D1,0x8451,0x9CD3,0x8430,0x52CC,0x6BD0,0x39E8,
  0x3A2A,0x3187,0xF81F,0xF81F,0xF81F,0xF81F,0xF81F,0xF81F,0xF81F,0xF81F,0xF81F,0xF81F,0xF81F,0xF81F,0xF81F,0xF81F,0xF81F,0xF81F,0xF81F,0xF81F,0xF81F,0x31A7,0x31A7,0x10C3,
  0x8431,0xAD76,0xC618,0xAD75,0x738E,0x73CF,0x73AF,0x636E,0x5B4F,0x6BB0,0x18C4,0x2986,0x0882,0x2104,0x2924,0x3288,0x3B2A,0x2227,0x4BAD,0x08E3,0x1965,0x5CD1,0x43CD,0x4ACB,
  0x08C2,0x3B0A,0x3268,0x3AEA,0x2165,0x2124,0x18E3,0x2124,0x1905,0x2988,0x738E,0x4ACE,0x4ACF,0x424B,0x7BEF,0x8430,0x736E,0x39E8,0x428B,0x426B,0x3A2A,0x2166,0xF81F,0x5A4C,
  0xF81F,0xF81F,0xF81F,0xF81F,0xF81F,0xF81F,0xF81F,0xF81F,0xF81F,0xF81F,0xF81F,0xF81F,0xF81F,0xF81F,0xF81F,0x2145,0x6BAF,0x52ED,0x29A9,0x4A69,0xB5B6,0x6B4D,0x4229,0x94B3,
  0x73CF,0x73B0,0x6370,0x322C,0x3A4B,0x94B3,0x10C2,0x3227,0x2A07,0x29A6,0x3AA9,0x3289,0xD79F,0x2A27,0x53CE,0x3228,0x42CA,0x00A2,0x4B2B,0x3B4B,0x00A1,0xBEDC,0x3207,0x1944,
  0x2165,0x29E7,0x0041,0x1926,0x10C3,0x73AE,0xB5B7,0x94B3,0xB5D7,0x4A69,0x39C7,0x8C92,0x630C,0x8451,0x9491,0x4AAC,0x4ACC,0x4AAB,0xF81F,0xF81F,0xF81F,0xF81F,0xF81F,0xF81F,
  0xF81F,0xF81F,0xF81F,0xF81F,0xF81F,0xF81F,0xF81F,0xF81F,0xF81F,0xF81F,0x20A6,0x8C92,0x638F,0x530E,0x10A3,0x5AEB,0x7BF0,0x8C92,0x6B8E,0x6BAF,0x632E,0x530F,0x320B,0x320A,
  0x424A,0x18A3,0x3227,0x3247,0x3207,0x3AA9,0x21C6,0x85DA,0x08E4,0x2A4A,0x4269,0x31A6,0x3A07,0x3A68,0x3ACC,0x3229,0xA69C,0x3207,0x1104,0x29E7,0x432C,0x0882,0x2988,0x2104,
  0x6B2D,0x52CC,0x5B2E,0x73F0,0x8430,0x0041,0x2966,0xA534,0x9CF3,0x9CB2,0x636F,0x5B2E,0x5AEC,0x1002,0xF81F,0xF81F,0xF81F,0xF81F,0xF81F,0xF81F,0xF81F,0xF81F,0xF81F,0xF81F,
  0xF81F,0xF81F,0xF81F,0xF81F,0xF81F,0xF81F,0xBDF8,0x94D4,0x5B2F,0x428C,0x0000,0xA555,0x5B0C,0x6B8E,0x630D,0x52EE,0x5B71,0x4B11,0x52CD,0x7411,0x632D,0x3207,0x2A06,0x3A07,
  0x3248,0x1945,0x95F9,0x0041,0x0945,0x29E7,0x3227,0x29E7,0x2A07,0x1166,0x5BAF,0xA69B,0x1944,0x10C2,0x21A5,0x3B0B,0x10A3,0x18E5,0x4A6A,0x4A69,0x52CD,0x4AAD,0x530E,0x428C,
  0x5B0E,0x73D0,0x94D3,0x9CD3,0x4ACD,0x6BF2,0x5B4E,0x7C10,0x1062,0xF81F,0xF81F,0xF81F,0xF81F,0xF81F,0xF81F,0xF81F,0xF81F,0xF81F,0xF81F,0xF81F,0xF81F,0xF81F,0xF81F,0xF81F,
  0xF81F,0x1002,0x4A8A,0x634E,0x4ACD,0x4ACD,0x630C,0x73CF,0x6B8E,0x632D,0x4ACE,0x29CB,0x426D,0x73D1,0x10A2,0x39C7,0x3227,0x3248,0x29C6,0x0000,0x3248,0x430B,0x5C2F,0x1185,
  0x11A5,0x11A5,0x1985,0x2206,0x436C,0x53AD,0x4B4C,0x2A07,0x2144,0x3A48,0x3A48,0x29A8,0x0861,0x7BEF,0x7BF1,0x29A9,0x39E9,0x52EF,0x3A6D,0x4ACF,0x52EE,0x8430,0x7C10,0x5B2F,
  0x8CB4,0x8410,0x18C3,0xF81F,0xF81F,0xF81F,0xF81F,0xF81F,0xF81F,0xF81F,0xF81F,0xF81F,0xF81F,0xF81F,0xF81F,0xF81F,0xF81F,0xF81F,0xF81F,0xF81F,0x10E3,0x10C3,0x528A,0x5B2F,
  0x426D,0x18A3,0x73D0,0x632D,0x52AB,0x4AAE,0x3A4D,0x52ED,0x0862,0x3186,0x0841,0x1924,0x3AC9,0x2A27,0x1904,0x10C2,0x21A6,0x3AC9,0x53EE,0x4C2F,0x5CB0,0x5490,0x3B4B,0x2A47,
  0x3227,0x31E7,0x0061,0x29C6,0x3268,0x1103,0x2189,0x0862,0x0882,0x52CC,0x5B0F,0x2145,0x42AE,0x3A6E,0x4AEF,0x638F,0x6B4C,0x73CF,0x5AEC,0x738E,0x2104,0x39E8,0xF81F,0xF81F,
  0xF81F,0xF81F,0xF81F,0xF81F,0xF81F,0xF81F,0xF81F,0xF81F,0xF81F,0xF81F,0xF81F,0xF81F,0xF81F,0xF81F,0x1002,0x3288,0x3AEA,0x0000,0x5B2E,0x4AAE,0x0882,0x6B6E,0x4A6A,0xA535,
  0x422A,0x73D1,0x0020,0x18E4,0x52AA,0x0041,0x6B6D,0x2965,0x2A27,0x29E7,0x2986,0x0040,0x3268,0x2A88,0x5490,0x54D1,0x5CF1,0x3B6B,0x42EB,0x2986,0x08A2,0x29A6,0x3288,0x434B,
  0x0882,0x0022,0x94D5,0x0000,0x0842,0x10A3,0x29A7,0x3A4D,0x4ACF,0x6B6F,0x7BEF,0x7C10,0x8451,0x4A69,0x0000,0x3A09,0x3A2A,0x1002,0xF81F,0xF81F,0xF81F,0xF81F,0xF81F,0xF81F,
  0xF81F,0xF81F,0xF81F,0xF81F,0xF81F,0xF81F,0xF81F,0xF81F,0xF81F,0x0801,0x3B2A,0x4C6F,0x4B2C,0x2965,0x630C,0x4AAB,0x0861,0x3A08,0x5B0C,0x5AEC,0x2165,0x31E7,0x3227,0x10E3,
  0x94B3,0x0000,0x9D14,0x2A07,0x4C0E,0x3268,0x3A68,0x1924,0x1904,0x1945,0x1965,0x1965,0x1924,0x0882,0x29A6,0x29E7,0x434B,0x440F,0x3ACA,0x0020,0x634F,0x0862,0x2147,0x2148,
  0x0041,0x1924,0x52EC,0x5B0D,0x528A,0x52AA,0x634D,0x632C,0x18E4,0x4AEE,0x4AEE,0x532D,0x5ACB,0xF81F,0xF81F,0xF81F,0xF81F,0xF81F,0xF81F,0xF81F,0xF81F,0xF81F,0xF81F,0xF81F,
  0xF81F,0xF81F,0xF81F,0xF81F,0x3A49,0x32EA,0x4CD0,0x3BAD,0x432B,0x3186,0x52AB,0x424A,0x0862,0x18C3,0x1904,0x31E7,0x3248,0x3288,0x2A07,0x0041,0x2986,0x3186,0x2945,0x5C0F,
  0x544F,0x3B2B,0x3228,0x31C7,0x31A6,0x2165,0x2965,0x29A6,0x29A6,0x3A8A,0x42EA,0x3288,0x3248,0x1944,0x10A2,0x0000,0x1061,0x0062,0x1926,0x10C2,0x3A08,0x0000,0x1904,0x528A,
  0x4A6A,0xA4D3,0x0862,0x31C9,0x4ACF,0x5B71,0x638F,0x630C,0x49A9,0xF81F,0xF81F,0xF81F,0xF81F,0xF81F,0xF81F,0xF81F,0xF81F,0xF81F,0xF81F,0xF81F,0xF81F,0xF81F,0xF81F,0x2A48,
  0x2AC9,0x54F1,0x4C6F,0x3B4C,0x2A07,0x31A6,0x1904,0x2165,0x2165,0x21A6,0x2185,0x1964,0x4B8C,0x3B4B,0x21A6,0x6B8E,0x4A6A,0x6B6E,0x4228,0x6C91,0x5CD1,0x434B,0x21C6,0x3208,
  0x31E7,0x31E7,0x29C7,0x3248,0x0000,0x0861,0xA534,0xB596,0xA555,0xAD75,0xA536,0x9CF5,0x94D4,0x1082,0x31E8,0x08A2,0x1924,0x2145,0x10A2,0x4A48,0x0021,0x3A2B,0x4AD0,0x5B51,
  0x636F,0xA534,0x2124,0xF81F,0xF81F,0xF81F,0xF81F,0xF81F,0xF81F,0xF81F,0xF81F,0xF81F,0xF81F,0xF81F,0xF81F,0xF81F,0xF81F,0x4B6C,0x4C0D,0x332A,0x338B,0x32C9,0x3288,0x3288,
  0x29E7,0x21C6,0x3228,0x3248,0x1924,0x0861,0x3227,0x440E,0x5CD1,0x5490,0x4B2B,0x0020,0x39E8,0x39C7,0x73AE,0x74B1,0x5490,0x4C2F,0x438C,0x29E6,0x3AA9,0x438C,0x546F,0x0000,
  0x9492,0x39C8,0x39E8,0x73F2,0x3A0B,0x634E,0x52CD,0x632D,0x8430,0x0000,0x0841,0x3227,0x32A9,0x19C6,0x29C7,0x2147,0x0021,0x5B0F,0x7C32,0xA534,0x0882,0x4289,0x29A6,0xF81F,
  0xF81F,0xF81F,0xF81F,0xF81F,0xF81F,0xF81F,0xF81F,0xF81F,0xF81F,0xF81F,0xF81F,0x1803,0x434B,0x4C6F,0x5D12,0x4C0E,0x43AC,0x43AC,0x43CD,0x4C0E,0x434C,0x436C,0x3269,0x10E3,
  0x0862,0x2A47,0x5470,0x54D1,0x54B1,0x64F2,0x536D,0x0861,0x4228,0x0000,0x10C3,0x538D,0x5490,0x4C0F,0x2A48,0x436C,0x4C90,0x4C70,0x0021,0x9472,0x5AEC,0x8451,0x73AF,0x6B8E,
  0x5AED,0x52CE,0x31C8,0x7BEF,0x0000,0x1082,0x2A27,0x3289,0x4B4C,0x2145,0x31EA,0x2147,0x2125,0x6B6E,0x18C3,0x3207,0x4B6C,0x29A6,0xF81F,0xF81F,0xF81F,0xF81F,0xF81F,0xF81F,
  0xF81F,0xF81F,0xF81F,0xF81F,0xF81F,0xF81F,0x0802,0x32C9,0x5490,0x4C90,0x3B6C,0x4C2E,0x4C6F,0x5490,0x54D1,0x5490,0x4BED,0x3AA9,0x10A2,0x1904,0x2A27,0x43CD,0x54B0,0x5490,
  0x5490,0x5CB1,0x2186,0x634D,0x0021,0x10A3,0x8C92,0x432C,0x43CE,0x3288,0x438C,0x4C90,0x4C70,0x1082,0x5AAB,0x630C,0x8430,0x7BAE,0x634D,0x322C,0x5B0F,0x630D,0x736E,0x0000,
  0x2125,0x1904,0x2146,0x3A09,0x18C4,0x2148,0x10A3,0x2986,0x10C2,0x536C,0x43AC,0x542F,0x3A48,0xF81F,0xF81F,0xF81F,0xF81F,0xF81F,0xF81F,0xF81F,0xF81F,0xF81F,0xF81F,0xF81F,
  0xF81F,0x0020,0x32CA,0x4C2F,0x5470,0x434B,0x4C2E,0x54B0,0x64F2,0x54D1,0x5490,0x3B6C,0x3268,0x0841,0x1903,0x29E6,0x434B,0x5470,0x5490,0x5470,0x5490,0x3B4B,0x1904,0x39C7,
  0x39C7,0x0861,0x8C92,0x29A6,0x3AC9,0x3B2A,0x4C0E,0x3B2A,0x5AEC,0x31A7,0x5AEB,0x7BCE,0x6B6D,0x424B,0x426D,0x738F,0x630C,0x5A8A,0x0000,0x18C3,0x0862,0x0002,0x2989,0x2967,
  0x2965,0x1965,0x4BAD,0x4BCD,0x434B,0x4C0E,0x544F,0x3AA9,0x2905,0xF81F,0xF81F,0xF81F,0xF81F,0xF81F,0xF81F,0xF81F,0xF81F,0xF81F,0xF81F,0x1103,0x2228,0x544F,0x5CB1,0x330A,
  0x436B,0x4C4F,0x4C6F,0x54D1,0x4CB0,0x4C4F,0x32A9,0x20E5,0x0862,0x29E7,0x1904,0x3228,0x3ACA,0x42EA,0x542F,0x544F,0x544F,0x436C,0x2185,0x10C3,0x8431,0x0882,0x4208,0x10A2,
  0x3207,0x0061,0x1904,0x4A49,0x39C7,0x5269,0x6B6E,0x31EA,0x3A4C,0x7C11,0x632D,0x31A8,0x526A,0x0000,0x18C4,0x0021,0x18C4,0x0061,0x1123,0x4C0E,0x54B1,0x4C90,0x5490,0x3B4B,
  0x438C,0x4C0E,0x53EE,0x3268,0xF81F,0xF81F,0xF81F,0xF81F,0xF81F,0xF81F,0xF81F,0xF81F,0xF81F,0xF81F,0x2207,0x334B,0x4C90,0x54B1,0x542F,0x3B0B,0x4C4F,0x4C6F,0x4C6F,0x4C2F,
  0x32EA,0x3A49,0xF81F,0xF81F,0x21A6,0x29E7,0x08A2,0x1945,0x3A48,0x32A9,0x32EA,0x32E9,0x3ACA,0x42A9,0x3A28,0x0020,0x52EB,0x1904,0x10C3,0x2965,0x6B4D,0x0000,0x3186,0x18A3,
  0x5ACB,0x3A0A,0x52AD,0x5ACB,0x632D,0x3A0B,0x4229,0x5AAA,0x0841,0x18C3,0xF81F,0xF81F,0x3228,0x3AA9,0x43ED,0x4C50,0x4C50,0x4C0E,0x2AA9,0x4C0E,0x4C4F,0x4C0E,0x436C,0x2965,
  0x0861,0x83F0,0xF81F,0xF81F,0xF81F,0xF81F,0xF81F,0xF81F,0xF81F,0x1A07,0x43EE,0x54B1,0x5491,0x4C0E,0x2A47,0x436C,0x4BCD,0x4BAC,0x3289,0x3A48,0xF81F,0xF81F,0xF81F,0x10E3,
  0x29E6,0x29C6,0x10C3,0x08A2,0x1924,0x1944,0x1965,0x29E6,0x2A07,0x32A9,0x3AC9,0x0881,0xA535,0x94D3,0x31A6,0x0841,0x2986,0x2124,0x0000,0x62EB,0x2124,0x73AE,0x5ACB,0x31C9,
  0x2988,0x4A28,0x1082,0x1904,0x18C3,0xF81F,0xF81F,0x2105,0x29E6,0x32C9,0x438C,0x4BAD,0x3AA9,0x21E6,0x544F,0x5490,0x4C4F,0x5C0E,0x0000,0x5ACB,0x738E,0xF81F,0xF81F,0xF81F,
  0xF81F,0x20A4,0x5B4D,0x73CF,0x1924,0x08C3,0x430B,0x5CF2,0x5CB1,0x4B8D,0x2165,0x2165,0x29C6,0x1083,0xF81F,0xF81F,0xF81F,0x0000,0x2186,0x29C7,0x2A07,0x3AA9,0x434C,0x4BCD,
  0x4C2E,0x5470,0x5CB1,0x54D1,0x4BCE,0x29C7,0x2145,0x0861,0x0841,0x0000,0x39C7,0x18C3,0x7C10,0x0882,0x0882,0x0000,0x0862,0x2945,0x8C31,0x630C,0x7BAE,0x4269,0x3A49,0x2165,
  0xF81F,0xF81F,0xF81F,0xF81F,0x1945,0x2185,0x3A48,0x3A68,0x53ED,0x4BEE,0x10E3,0x1903,0x4A6A,0xBDF7,0x4A8A,0x4228,0xF81F,0xF81F,0xF81F,0xF81F,0x1042,0x5B2D,0x4AAB,0x5AEC,
  0x83F0,0x6B2D,0x0882,0x1123,0x3207,0x3A89,0x3A68,0x2144,0x0802,0xF81F,0xF81F,0xF81F,0x10E3,0x2186,0x29E7,0x3AC9,0x436C,0x544F,0x4C90,0x5490,0x5490,0x1185,0x0061,0x8C71,
  0x634C,0x0000,0x7C10,0x4249,0x10C3,0x2966,0x4208,0x0841,0x7C10,0x3249,0x4289,0x19A5,0x2185,0x0061,0x0061,0x0881,0x42CA,0x2A07,0x1924,0xF81F,0xF81F,0xF81F,0xF81F,0x2986,
  0x29C7,0x3A89,0x3B6C,0x0040,0x31A6,0x9CF3,0xBDF7,0x9CB2,0x5ACB,0x39E8,0x4A69,0xF81F,0xF81F,0xF81F,0xF81F,0x18A3,0x52EC,0x52CB,0x7411,0x6B8F,0x7C10,0x94D3,0xCE59,0x9CD3,
  0x4289,0x3AEA,0x2A68,0x1002,0xF81F,0xF81F,0xF81F,0x0000,0x10A2,0x29A6,0x4B6C,0x4BCD,0x1985,0x21E6,0x08E3,0x1924,0x8430,0x31A7,0x0862,0x10A3,0x630C,0x0040,0x2A27,0x2A88,
  0x1165,0x1904,0x6B6D,0x0000,0x0862,0x39E8,0x29C6,0x3A89,0x3AA9,0x3AEA,0x4B8C,0x430B,0x10C2,0x0020,0x0801,0xF81F,0xF81F,0xF81F,0x2A28,0x430B,0x3B4B,0x4C50,0x0861,0x9CD3,
  0x8430,0x2904,0xA4F3,0x630C,0x2146,0x73CF,0x732E,0x8B91,0xF81F,0xF81F,0xF81F,0x52AB,0x4ACC,0x5B2F,0x8432,0xC5D7,0xA513,0x52AA,0x9471,0x2985,0x3A68,0x3247,0x0001,0xF81F,
  0xF81F,0xF81F,0x0020,0x73AE,0x0041,0x0000,0x1903,0x7BEF,0x4A69,0x1082,0x39E7,0x0041,0x634D,0x4228,0x3288,0x22A8,0x336B,0x5491,0x4C90,0x5470,0x5C4F,0x1124,0x0000,0x3186,
  0x4A6A,0x2145,0x0862,0x6B4D,0x1904,0x1924,0x0020,0x18E3,0x1082,0x0841,0xF81F,0xF81F,0xF81F,0x2124,0x1903,0x430B,0x334B,0x0861,0x9493,0x7C31,0xBDD8,0xA514,0x5AEB,0x31E9,
  0x2166,0x3166,0xF81F,0xF81F,0xF81F,0xF81F,0x5AEC,0x4ACC,0x5B0E,0x634E,0x83EF,0xB575,0x41E7,0x8430,0x31C8,0x39E9,0x5B0E,0x0001,0xF81F,0xF81F,0x1905,0x31C7,0x31A6,0x6B6D,
  0x0000,0x0862,0x0020,0x8431,0x94B2,0x18E3,0x10E3,0x3A68,0x32C9,0x5490,0x5490,0x5490,0x4C90,0x4C90,0x4C70,0x5450,0x5450,0x432B,0x4289,0x10C3,0x4229,0x738F,0x0821,0x2145,
  0x0041,0x4208,0x3A08,0x5B0C,0x1062,0xF81F,0xF81F,0xF81F,0x2145,0x426A,0x0862,0x0082,0x0842,0x9473,0x634E,0xA534,0xAD76,0x632E,0x31EA,0x3A09,0xF81F,0xF81F,0xF81F,0xF81F,
  0xF81F,0x52CB,0x5B0C,0x3186,0x2966,0xB595,0x8C31,0x39C7,0x4208,0x52AC,0x29A8,0x2188,0x1884,0xF81F,0xF81F,0x2125,0x0000,0x0000,0x1061,0x4A49,0x3A08,0x2986,0x0020,0x08A1,
  0x21A5,0x434B,0x43ED,0x5490,0x4C90,0x5470,0x4C70,0x4C4F,0x5470,0x4C70,0x4C70,0x5490,0x5490,0x3B4A,0x42EA,0x3207,0x10C2,0x1082,0x31A7,0x2986,0x2145,0x1904,0x0000,0x2987,
  0xF81F,0xF81F,0xF81F,0x0021,0x10A4,0x10C4,0x1926,0x18E4,0x5ACC,0x632F,0xA514,0x426D,0x4ACE,0x426C,0x3A29,0xF81F,0xF81F,0xF81F,0xF81F,0x8BF1,0x2104,0x5ACB,0x426B,0x7BF0,
  0xA513,0x738E,0x73CF,0x18E3,0x29C8,0x29C8,0x2987,0xF81F,0xF81F,0xF81F,0xF81F,0x2167,0x29E9,0x29C9,0x2187,0x1986,0x1125,0x2985,0x3A88,0x3289,0x5C0E,0x6CF2,0x5490,0x5490,
  0x5470,0x4C50,0x2AC9,0x4C6F,0x5490,0x5470,0x5490,0x4C2E,0x4C0E,0x53EE,0x42EA,0x3AA9,0x3207,0x3A08,0x2166,0x322A,0x29E9,0x29A8,0x0021,0xF81F,0xF81F,0xF81F,0x1044,0x3A0B,
  0x6BB1,0x6BD2,0x10A4,0x39C8,0x4AAE,0xA556,0x3A2B,0x4209,0x0841,0x10C3,0xF81F,0xF81F,0xF81F,0xF81F,0xF81F,0x18C3,0x39E7,0x52EC,0x73CF,0x9CB1,0x6B4D,0x5B0C,0x0020,0x3A4B,
  0x322B,0x1043,0xF81F,0xF81F,0xF81F,0xF81F,0x1082,0x10E4,0x1927,0x2189,0x21CA,0x29CA,0x3A2A,0x31A7,0x0041,0x52CC,0x0862,0x5BCE,0x432B,0x3AEA,0x32CA,0x3AEB,0x3B6C,0x3B6C,
  0x3B6C,0x436C,0x434C,0x430B,0x1924,0x0862,0x2146,0x4ACD,0x4AEE,0x3A4C,0x2188,0x2146,0x0000,0x28C5,0xF81F,0xF81F,0xF81F,0xF81F,0x18C4,0x10E3,0x08C2,0x10E3,0x1904,0x422A,
  0x9CD3,0x8431,0x31A7,0x5AEC,0x52AA,0xF81F,0xF81F,0xF81F,0xF81F,0xF81F,0xF81F,0x3186,0x4AAB,0x73B0,0x8C50,0x632C,0x5B0C,0x0021,0x29E9,0x3A4A,0xF81F,0xF81F,0xF81F,0xF81F,
  0xF81F,0x2987,0x10C4,0x08A3,0x29CA,0x2A0B,0x322C,0x324C,0x0021,0x530E,0x3A0B,0x4AAC,0x10C4,0x532E,0x6BB0,0x0000,0x0021,0x0041,0x0021,0x0042,0x0062,0x1925,0x1926,0x7C53,
  0x0062,0x29EA,0x3A6C,0x21AA,0x2168,0x10C4,0x0000,0x632D,0x0801,0xF81F,0xF81F,0xF81F,0xF81F,0xF81F,0x29E7,0x436C,0x32A9,0x0882,0x4228,0x4A6A,0x5ACB,0x7BF0,0x2967,0x8452,
  0x9C93,0x20A5,0xF81F,0xF81F,0xF81F,0xF81F,0x2965,0x4AAB,0x634F,0x5B2E,0x630C,0x73CF,0x0000,0x31C9,0x2987,0xF81F,0xF81F,0xF81F,0xF81F,0x1003,0x0021,0x424A,0x3209,0x0021,
  0x1925,0x322B,0x3A6E,0x0042,0x3A4C,0x322C,0x2147,0x4ACE,0x320C,0x29EB,0x322D,0x326D,0x324C,0x3A8D,0x1947,0x52EF,0x10E4,0x3A6C,0x3A8E,0x0002,0x0884,0x1083,0x2168,0x10E4,
  0x6B8F,0x632D,0x0000,0x0863,0xF81F,0xF81F,0xF81F,0xF81F,0xF81F,0x1904,0x3ACA,0x432C,0x0862,0x7BEF,0x7BD0,0x5B0C,0x3A0A,0x3A2B,0x31A7,0xF81F,0xF81F,0xF81F,0xF81F,0xF81F,
  0x738E,0x0000,0x4249,0x52ED,0x94D3,0x5AAA,0x7BCF,0x0000,0x1906,0x31A9,0xF81F,0xF81F,0xF81F,0xF81F,0x18E5,0x2167,0x0021,0x0041,0x6B6E,0x2125,0x0021,0x29C9,0x10A3,0x21A8,
  0x324C,0x29EA,0x1948,0x320C,0x21CA,0x3A8D,0x1967,0x324D,0x31E9,0x1947,0x29A9,0x630C,0x0001,0x2189,0x0001,0x10C4,0x7BCF,0x0021,0x1925,0x10E4,0x0021,0x2167,0x1946,0xF81F,
  0xF81F,0xF81F,0xF81F,0xF81F,0x10A3,0x0000,0x0021,0x10C3,0x2924,0x9D14,0x5B2D,0x636F,0x6390,0x18C3,0xF81F,0xF81F,0xF81F,0xF81F,0xF81F,0xF81F,0x0000,0x4A6A,0x4AAB,0x4A8B,
  0x3A08,0x83F0,0x0000,0x2967,0x2105,0xF81F,0xF81F,0xF81F,0x1003,0x1106,0x1947,0x1905,0x0882,0x0020,0x636E,0x52AB,0x2125,0x18C3,0x0021,0x29C9,0x320B,0x2A0B,0x21AA,0x320B,
  0x2188,0x10A3,0x2188,0x320B,0x322C,0x0042,0x83F0,0x0021,0x1905,0x0000,0x0000,0x83F0,0x31A7,0x2125,0x0883,0x1948,0x1968,0x1925,0x1063,0xF81F,0xF81F,0xF81F,0xF81F,0x0883,
  0x1107,0x29CB,0x18E5,0x9D14,0x636F,0x6B8E,0x7BEF,0x3209,0x18C3,0xF81F,0xF81F,0xF81F,0xF81F,0xF81F,0xF81F,0xF81F,0x52AA,0x52AB,0x4A6B,0x632D,0x738E,0x0000,0x3228,0x3248,
  0x1064,0xF81F,0xF81F,0x1926,0x1927,0x2987,0x0061,0x31E9,0x08C5,0x0882,0x0021,0x10A3,0x39C8,0x18E4,0x31C8,0x0862,0x0042,0x0042,0x0882,0x0041,0x840F,0x0861,0x0041,0x0862,
  0x0000,0x0862,0x0862,0x10E5,0x1925,0x528A,0x73AF,0x7BCF,0x10C4,0x08E5,0x08A4,0x21A8,0x29C9,0x2188,0xF81F,0xF81F,0xF81F,0xF81F,0x10E3,0x0000,0x0000,0x18E4,0x7BF0,0x428D,
  0x73D0,0x5B0D,0x4A6B,0x7BCF,0x8390,0xF81F,0xF81F,0xF81F,0xF81F,0xF81F,0xF81F,0x2104,0x1903,0x2965,0x3186,0x0861,0x538C,0x3B6C,0x43CD,0x432C,0x3908,0x1804,0x1926,0x1925,
  0x0041,0x31E9,0x3A4B,0x320B,0x0000,0x29A9,0x1906,0x1905,0x0862,0x1905,0x10C5,0x10E5,0x08A3,0x10E4,0x10A3,0x2125,0x31C8,0x2A0A,0x0000,0x528A,0x738E,0x0863,0x326E,0x3A8D,
  0x736E,0x630C,0xA514,0x1947,0x42CF,0x29CA,0x0862,0x1926,0x2147,0x1003,0xF81F,0xF81F,0x3268,0x4BAD,0x3AEA,0x0041,0x0020,0x4A8B,0x3A4C,0x6370,0x4A8C,0x1905,0x0801,0xF81F,
  0xF81F,0xF81F,0xF81F,0xF81F,0xF81F,0xF81F,0x2144,0x3227,0x3207,0x3247,0x3AC9,0x64B1,0x54D1,0x5CD2,0x5470,0x3268,0x0041,0x18E4,0x0021,0x29A8,0x320A,0x320A,0x29C9,0x0000,
  0x10C4,0x08A4,0x0021,0x10E4,0x08A4,0x42EE,0x3AEF,0x3AEF,0x3AEF,0x4311,0x42F0,0x42F0,0x5BD3,0x0042,0x8C30,0xAD14,0x0863,0x29EB,0x29EA,0x6B6D,0x9C92,0xA4F4,0x1926,0x2A4C,
  0x324C,0x08A4,0x0021,0x2146,0xF81F,0xF81F,0x42CB,0x4C2F,0x5490,0x438D,0x0041,0x5ACC,0x0841,0x0862,0x1082,0x0862,0x0841,0x1803,0xF81F,0xF81F,0xF81F,0xF81F,0xF81F,0xF81F,
  0xF81F,0x3288,0x3B2A,0x5490,0x54B1,0x5CD1,0x54D1,0x54D1,0x4C2E,0x434B,0x536B,0x4AAA,0x0000,0x0883,0x0062,0x08A4,0x08E5,0x326B,0x328D,0x432F,0x4330,0x3B51,0x3B31,0x4371,
  0x32AE,0x118A,0x19AB,0x324E,0x29A9,0x10E5,0x5393,0x4331,0x10C4,0x9492,0x9CB3,0x08A4,0x4B31,0x63B2,0x7BCF,0x3166,0x6B4E,0x10A4,0x1128,0x29EA,0x29E9,0x0020,0x0020,0x0862,
  0x0001,0x3B6B,0x5470,0x54B0,0x2AA9,0x18C3,0x632D,0x634D,0x52CC,0x42AD,0x322B,0x320A,0x1002,0xF81F,0xF81F,0xF81F,0x31E9,0x1825,0xF81F,0xF81F,0x3B0A,0x3B8C,0x54D1,0x54B1,
  0x54B1,0x54B1,0x54B0,0x4BED,0x08A2,0x1925,0x31E9,0x320A,0x428C,0x4330,0x4330,0x3ACF,0x19AA,0x19AA,0x198A,0x324D,0x29EB,0x218A,0x322C,0x42AE,0x4B10,0x4B31,0x2189,0x632D,
  0xA514,0x2188,0x3AAF,0x0042,0x5ACB,0x8C31,0x10C5,0x2A2D,0x3A4C,0x4208,0x5AEC,0x6B4D,0x0042,0x322C,0x2A0B,0x10C4,0x10C3,0x10C2,0x0001,0x0861,0x3B09,0x32C9,0x32C9,0x3B0A,
  0x10A2,0x6B6E,0x94B2,0x9492,0x42AC,0x3A6D,0x31EA,0x1002,0xF81F,0xF81F,0x1128,0x6415,0x4311,0x19CB,0x1967,0x3B2A,0x5CB1,0x54D1,0x5CD1,0x54B1,0x4C4F,0x5490,0x4BCD,0x0061,
  0x1928,0x1969,0x21AB,0x2A0C,0x320C,0x322C,0x322C,0x3A4D,0x324D,0x324D,0x322C,0x322D,0x324C,0x29EB,0x21EB,0x1969,0x1107,0x1947,0x2146,0x10C3,0x29C9,0x3A6D,0x0883,0x4209,
  0x4208,0x10A3,0x1927,0x2188,0x18C4,0x4A08,0x4A29,0x0862,0x1106,0x1968,0x1946,0x42A9,0x1943,0xF81F,0xF81F,0x19A5,0x2144,0x10C3,0x430B,0x10A2,0x73AF,0xA554,0x94B2,0x52AA,
  0x7BF0,0x3187,0xF81F,0xF81F,0xF81F,0x08A5,0x21EB,0x1989,0x21EB,0x1926,0x3B2A,0x43ED,0x5CF2,0x5CD1,0x54D1,0x3B8C,0x5490,0x43AD,0x0061,0x1906,0x1948,0x1127,0x1948,0x1127,
  0x1947,0x1107,0x08C6,0x08E6,0x08C6,0x08E6,0x1107,0x1947,0x1127,0x322C,0x2A0B,0x320B,0x2A0B,0x320B,0x2189,0x29EB,0x29CA,0x0884,0x41E8,0x5A6B,0x0883,0x2A0C,0x322D,0x0862,
  0x4209,0x39E8,0x0042,0x21CA,0x29C9,0x10A3,0x3AE9,0x2A07,0xF81F,0xF81F,0x0821,0x08A2,0x08A2,0x53AD,0x0882,0x2104,0x94B3,0x94B3,0x8410,0x5ACB,0xF81F,0xF81F,0xF81F,0xF81F,
  0x1063,0x1988,0x21A9,0x1967,0x10E4,0x3A89,0x3B0A,0x5CB1,0x5C90,0x5D12,0x434B,0x5CD1,0x542E,0x3268,0x0061,0x0862,0x0020,0x0020,0x0020,0x0000,0x0000,0x2166,0x2147,0x1926,
  0x2167,0x2167,0x1946,0x2147,0x1947,0x1105,0x1906,0x10E5,0x1106,0x1926,0x10E5,0x1948,0x2989,0x3186,0x3166,0x10A3,0x1948,0x2169,0x10A4,0x3187,0x3187,0x10A3,0x2147,0x0021,
  0x3227,0x3B6B,0x432B,0xF81F,0xF81F,0xF81F,0x3207,0x42EA,0x4C0F,0x32CA,0x1964,0x2165,0x10E3,0x2985,0x1083,0xF81F,0xF81F,0xF81F,0xF81F,0xF81F,0xF81F,0xF81F,0xF81F,0xF81F,
  0xF81F,0x2186,0x2A68,0x29E6,0x2206,0x2A47,0x21A5,0x2A27,0x3AC9,0x1083,0x0001,0x2A68,0x5C4F,0x540F,0x3B0A,0x3268,0x2A07,0x3227,0x29C6,0x10A2,0x0020,0x0841,0x2124,0x0861,
  0x0841,0x0020,0x0841,0x0000,0x2104,0x2104,0x0000,0x0000,0x0021,0x0020,0x5ACB,0x0021,0x0021,0x0020,0x0040,0x3186,0x2965,0x1964,0x3B2B,0x4C2F,0x4C2F,0x2AA9,0x20A4,0xF81F,
  0xF81F,0x3A28,0x434B,0x53EE,0x21E6,0x1964,0x21A5,0x29A6,0x1003,0xF81F,0xF81F,0xF81F,0xF81F,0xF81F,0xF81F,0xF81F,0xF81F,0xF81F,0xF81F,0xF81F,0xF81F,0x0842,0x0021,0x29E7,
  0x2185,0x1904,0x2185,0x1905,0xF81F,0x1003,0x2A47,0x542F,0x4C0F,0x4C4F,0x4C0E,0x330A,0x32A9,0x3268,0x29E7,0x08A2,0x0882,0x31C7,0x426A,0x0861,0x4249,0x2945,0x4229,0x1082,
  0x0020,0x0882,0x18E4,0x39E8,0x0861,0x632C,0x10A2,0x0020,0x1103,0x0020,0x4A8B,0x2986,0x432B,0x4C0F,0x440F,0x4C0F,0x432B,0x20E5,0xF81F,0xF81F,0xF81F,0x2125,0x1944,0x2144,
  0x31E7,0xF81F,0xF81F,0xF81F,0xF81F,0xF81F,0xF81F,0xF81F,0xF81F,0xF81F,0xF81F,0xF81F,0xF81F,0xF81F,0xF81F,0xF81F,0xF81F,0xF81F,0xF81F,0xF81F,0xF81F,0xF81F,0xF81F,0xF81F,
  0x1042,0x29E7,0x2A88,0x4C0F,0x4C2F,0x4BEE,0x436C,0x2A89,0x3289,0x21A6,0x0862,0xF81F,0x2946,0x2987,0x4229,0x1904,0x52AB,0x52CB,0x0821,0x0841,0x52CB,0x39E8,0x2965,0x1082,
  0x8410,0xF81F,0x18A3,0x21A5,0x21E7,0x1924,0x39E8,0x2247,0x4C2F,0x43CD,0x434B,0x21A5,0x10A3,0xF81F,0xF81F,0xF81F,0xF81F,0xF81F,0xF81F,0xF81F,0xF81F,0xF81F,0xF81F,0xF81F,
  0xF81F,0xF81F,0xF81F,0xF81F,0xF81F,0xF81F,0xF81F,0xF81F,0xF81F,0xF81F,0xF81F,0xF81F,0xF81F,0xF81F,0xF81F,0xF81F,0xF81F,0xF81F,0xF81F,0x18E5,0x0061,0x21C6,0x3A89,0x3289,
  0x2A47,0x3268,0x3AEA,0x3248,0x10C3,0x18C5,0xF81F,0xF81F,0x52AB,0x2145,0x0021,0x2145,0x1082,0x39E7,0x10C3,0x18E3,0x39E8,0x0882,0x31C7,0x0841,0xF81F,0x1063,0x0020,0x3247,
  0x3227,0x29E6,0x3247,0x2A26,0x2A27,0x3227,0x10E4,0x2146,0xF81F,0xF81F,0xF81F,0xF81F,0xF81F,0xF81F,0xF81F,0xF81F,0xF81F,0xF81F,0xF81F,0xF81F,0xF81F,0xF81F,0xF81F,0xF81F,
  0xF81F,0xF81F,0xF81F,0xF81F,0xF81F,0xF81F,0xF81F,0xF81F,0xF81F,0xF81F,0xF81F,0xF81F,0xF81F,0xF81F,0x10E5,0x3A6C,0x1926,0x29A6,0x21A6,0x21A6,0x21A6,0x2185,0x08A3,0x29C9,
  0x1906,0xF81F,0xF81F,0x528A,0x0000,0x4249,0x4A69,0x73AF,0x18E4,0x31A7,0x52CB,0x2965,0x2986,0x31A7,0x0822,0xF81F,0x10A4,0x2167,0x08C4,0x08C3,0x29C6,0x29A6,0x29A5,0x2165,
  0x0083,0x322B,0x320A,0xF81F,0xF81F,0xF81F,0xF81F,0xF81F,0xF81F,0xF81F,0xF81F,0xF81F,0xF81F,0xF81F,0xF81F,0xF81F,0xF81F,0xF81F,0xF81F,0xF81F,0xF81F,0xF81F,0xF81F,0xF81F,
  0xF81F,0xF81F,0xF81F,0xF81F,0xF81F,0xF81F,0xF81F,0xF81F,0xF81F,0x0803,0x29CA,0x29EA,0x3A2A,0x1947,0x29A8,0x31EA,0x29EA,0x21A9,0x08C4,0x10A3,0xF81F,0xF81F,0xF81F,0xF81F,
  0xF81F,0x4208,0x0882,0x6B8E,0x634D,0x18E4,0x6B6E,0x0801,0x39E8,0xF81F,0xF81F,0x1083,0x08A4,0x1106,0x320A,0x428C,0x31E9,0x31E9,0x31E9,0x3A6D,0x2189,0x0803,0xF81F,0xF81F,
  0xF81F,0xF81F,0xF81F,0xF81F,0xF81F,0xF81F,0xF81F,0xF81F,0xF81F,0xF81F,0xF81F,0xF81F,0xF81F,0xF81F,0xF81F,0xF81F,0xF81F,0xF81F,0xF81F,0xF81F,0xF81F,0xF81F,0xF81F,0xF81F,
  0xF81F,0xF81F,0xF81F,0xF81F,0xF81F,0x10E5,0x2188,0x21EB,0x21CA,0x2A2C,0x08A5,0x10C4,0x0882,0x2987,0xF81F,0xF81F,0xF81F,0xF81F,0xF81F,0xF81F,0xF81F,0x528B,0x20E4,0x31C7,
  0x4A49,0xF81F,0xF81F,0xF81F,0xF81F,0xF81F,0xF81F,0x2125,0x2147,0x08A4,0x0883,0x428C,0x29EB,0x29EA,0x1906,0x2968,0xF81F,0xF81F,0xF81F,0xF81F,0xF81F,0xF81F,0xF81F,0xF81F,
  0xF81F,0xF81F,0xF81F,0xF81F,0xF81F,0xF81F,0xF81F,0xF81F,0xF81F,0xF81F,0xF81F,0xF81F,0xF81F,0xF81F,0xF81F,0xF81F,0xF81F,0xF81F,0xF81F,0xF81F,0xF81F,0xF81F,0xF81F,0xF81F,
  0x1884,0x1905,0x2188,0x2189,0x1989,0x31EA,0x29E9,0x2146,0x0801,0xF81F,0xF81F,0xF81F,0xF81F,0xF81F,0xF81F,0xF81F,0xF81F,0x52AB,0x2987,0x1824,0xF81F,0xF81F,0xF81F,0xF81F,
  0xF81F,0xF81F,0x1002,0x2146,0x1926,0x2188,0x21CA,0x29CA,0x1947,0x1925,0x0041,0xF81F,0xF81F,0xF81F,0xF81F,0xF81F,0xF81F,0xF81F,0xF81F,0xF81F,0xF81F,0xF81F,0xF81F,0xF81F,
  0xF81F,0xF81F,0xF81F,0xF81F,0xF81F,0xF81F,0xF81F,0xF81F,0xF81F,0xF81F,0xF81F,0xF81F,0xF81F,0xF81F,0xF81F,0xF81F,0xF81F,0xF81F,0xF81F,0x1845,0x0842,0x0041,0x1946,0x2147,
  0x1927,0x1947,0x0883,0x0801,0xF81F,0xF81F,0xF81F,0xF81F,0xF81F,0xF81F,0xF81F,0xF81F,0x1823,0x3106,0xF81F,0xF81F,0xF81F,0xF81F,0xF81F,0xF81F,0xF81F,0xF81F,0x0041,0x0883,
  0x08C4,0x2147,0x10C4,0x0042,0x10E4,0x0883,0xF81F,0xF81F,0xF81F,0xF81F,0xF81F,0xF81F,0xF81F,0xF81F,0xF81F,0xF81F,0xF81F,0xF81F,0xF81F,0xF81F,0xF81F,0xF81F,0xF81F,0xF81F,
  0xF81F,0xF81F,0xF81F,0xF81F,0xF81F,0xF81F,0xF81F,0xF81F,0xF81F,0xF81F,0xF81F,0xF81F,0xF81F,0x0843,0x31EA,0x2A0B,0x2A0C,0x2A0B,0x29A8,0x1926,0x1926,0x10E4,0x0001,0xF81F,
  0xF81F,0xF81F,0xF81F,0xF81F,0xF81F,0xF81F,0xF81F,0xF81F,0xF81F,0xF81F,0xF81F,0xF81F,0xF81F,0xF81F,0xF81F,0xF81F,0x1043,0x1105,0x1926,0x29A9,0x2188,0x320A,0x2A0B,0x320B,
  0x29CA,0x0803,0xF81F,0xF81F,0xF81F,0xF81F,0xF81F,0xF81F,0xF81F,0xF81F,0xF81F,0xF81F,0xF81F,0xF81F,0xF81F,0xF81F,0xF81F,0xF81F,0xF81F,0xF81F,0xF81F,0xF81F,0xF81F,0xF81F,
  0xF81F,0xF81F,0xF81F,0xF81F,0xF81F,0xF81F,0xF81F,0xF81F,0x1925,0x10C4,0x4A8C,0x29C9,0x322C,0x29EB,0x42AD,0x0042,0x0041,0x31E8,0xF81F,0xF81F,0xF81F,0xF81F,0xF81F,0xF81F,
  0xF81F,0xF81F,0xF81F,0xF81F,0xF81F,0xF81F,0xF81F,0xF81F,0xF81F,0xF81F,0xF81F,0x2988,0x0883,0x10C3,0x2188,0x3A4D,0x326D,0x42AD,0x0883,0x10C4,0x1905,0xF81F,0xF81F,0xF81F,
  0xF81F,0xF81F,0xF81F,0xF81F,0xF81F,0xF81F,0xF81F,0xF81F,0xF81F,0xF81F,0xF81F,0xF81F,0xF81F,0xF81F,0xF81F,0xF81F,0xF81F,0xF81F,0xF81F,0xF81F,0xF81F,0xF81F,0xF81F,0xF81F,
  0xF81F,0xF81F,0x29C6,0x3AA9,0x53AC,0x430A,0x1945,0x1147,0x326D,0x322C,0x320A,0x2186,0x31C7,0xF81F,0xF81F,0xF81F,0xF81F,0xF81F,0xF81F,0xF81F,0xF81F,0xF81F,0xF81F,0xF81F,
  0xF81F,0xF81F,0xF81F,0xF81F,0xF81F,0xF81F,0x2167,0x1926,0x1926,0x29EA,0x3A8D,0x10E5,0x00A3,0x430B,0x432B,0x3AA9,0x3A28,0xF81F,0xF81F,0xF81F,0xF81F,0xF81F,0xF81F,0xF81F,
  0xF81F,0xF81F,0xF81F,0xF81F,0xF81F,0xF81F,0xF81F,0xF81F,0xF81F,0xF81F,0xF81F,0xF81F,0xF81F,0xF81F,0xF81F,0xF81F,0xF81F,0xF81F,0xF81F,0x18C5,0x4B4C,0x546F,0x4C4F,0x5490,
  0x5490,0x544F,0x2AA9,0x21A6,0x29EA,0x21A8,0x2145,0xF81F,0xF81F,0xF81F,0xF81F,0xF81F,0xF81F,0xF81F,0xF81F,0xF81F,0xF81F,0xF81F,0xF81F,0xF81F,0xF81F,0xF81F,0xF81F,0xF81F,
  0xF81F,0xF81F,0x1904,0x08A3,0x29C9,0x0021,0x3B0A,0x4C2E,0x5C91,0x4C2F,0x4C2F,0x43AD,0x4B2B,0x1044,0xF81F,0xF81F,0xF81F,0xF81F,0xF81F,0xF81F,0xF81F,0xF81F,0xF81F,0xF81F,
  0xF81F,0xF81F,0xF81F,0xF81F,0xF81F,0xF81F,0xF81F,0xF81F,0xF81F,0xF81F,0xF81F,0xF81F,0xF81F,0x1063,0x432B,0x4B6D,0x3B0A,0x2AA9,0x5470,0x2A88,0x43CD,0x5470,0x4BCD,0x08A3,
  0x10C4,0xF81F,0xF81F,0xF81F,0xF81F,0xF81F,0xF81F,0xF81F,0xF81F,0xF81F,0xF81F,0xF81F,0xF81F,0xF81F,0xF81F,0xF81F,0xF81F,0xF81F,0xF81F,0xF81F,0xF81F,0xF81F,0x0020,0x0062,
  0x5C2F,0x4C70,0x5C91,0x3AA9,0x4C0E,0x4BCE,0x2227,0x3B2B,0x2A27,0x2105,0xF81F,0xF81F,0xF81F,0xF81F,0xF81F,0xF81F,0xF81F,0xF81F,0xF81F,0xF81F,0xF81F,0xF81F,0xF81F,0xF81F,
  0xF81F,0xF81F,0xF81F,0xF81F,0xF81F,0xF81F,0xF81F,0xF81F,0x428A,0x3A89,0x4B6C,0x19C5,0x5C50,0x21C6,0x2AA9,0x4C90,0x43ED,0x3B0A,0x1083,0xF81F,0xF81F,0xF81F,0xF81F,0xF81F,
  0xF81F,0xF81F,0xF81F,0xF81F,0xF81F,0xF81F,0xF81F,0xF81F,0xF81F,0xF81F,0xF81F,0xF81F,0xF81F,0xF81F,0xF81F,0xF81F,0xF81F,0xF81F,0x0822,0x2A88,0x5450,0x5470,0x5C2F,0x11A5,
  0x4C0E,0x2A47,0x436C,0x2185,0x4269,0xF81F,0xF81F,0xF81F,0xF81F,0xF81F,0xF81F,0xF81F,0xF81F,0xF81F,0xF81F,0xF81F,0xF81F,0xF81F,0xF81F,0xF81F,0xF81F,0xF81F,0xF81F,0xF81F,
  0xF81F,0xF81F,0xF81F,0xF81F,0xF81F,0x0802,0x2165,0x21A5,0x29C6,0x2A68,0x2A47,0x3228,0x1084,0xF81F,0xF81F,0xF81F,0xF81F,0xF81F,0xF81F,0xF81F,0xF81F,0xF81F,0xF81F,0xF81F,
  0xF81F,0xF81F,0xF81F,0xF81F,0xF81F,0xF81F,0xF81F,0xF81F,0xF81F,0xF81F,0xF81F,0xF81F,0xF81F,0xF81F,0x1063,0x21C6,0x434B,0x3AE9,0x21A5,0x21C6,0x3A89,0x1865,0xF81F,0xF81F,
  0xF81F,0xF81F,0xF81F,0xF81F,0xF81F,0xF81F,0xF81F,0xF81F,0xF81F,0xF81F,0xF81F,0xF81F,0xF81F,0xF81F,0xF81F,0xF81F,0xF81F,0xF81F,0xF81F,0xF81F,0xF81F,0xF81F,0xF81F,0xF81F,
  0xF81F,0xF81F,0xF81F,0xF81F,0x29A6,0x29A6,0x1804,0xF81F,0xF81F,0xF81F,0xF81F,0xF81F,0xF81F,0xF81F,0xF81F,0xF81F,0xF81F,0xF81F,0xF81F,0xF81F,0xF81F,0xF81F,0xF81F,0xF81F,
  0xF81F,0xF81F,0xF81F,0xF81F,0xF81F,0xF81F,0xF81F,0xF81F,0xF81F,0xF81F,0xF81F,0x29C6,0x2986,0xF81F,0xF81F,0xF81F,0xF81F,0xF81F,0xF81F,0xF81F,0xF81F,0xF81F,0xF81F,0xF81F,
  0xF81F,0xF81F,0xF81F,0xF81F,0xF81F,0xF81F
};
static const uint16_t M10[] = {
  0xF81F,0xF81F,0xF81F,0xF81F,0xF81F,0xF81F,0xF81F,0xF81F,0xF81F,0xF81F,0xF81F,0xF81F,0xF81F,0xF81F,0x0802,0x29CA,0x29EB,0x29EB,0x29EB,0x0023,0xF81F,0xF81F,0xF81F,0xF81F,
  0xF81F,0xF81F,0xF81F,0xF81F,0xF81F,0xF81F,0xF81F,0xF81F,0xF81F,0xF81F,0xF81F,0xF81F,0xF81F,0xF81F,0xF81F,0xF81F,0xF81F,0xF81F,0x0823,0x29AA,0x1989,0x326E,0x32AF,0x328E,
  0x326E,0x31EA,0xF81F,0xF81F,0xF81F,0xF81F,0xF81F,0xF81F,0xF81F,0xF81F,0xF81F,0xF81F,0xF81F,0xF81F,0xF81F,0xF81F,0xF81F,0xF81F,0xF81F,0xF81F,0xF81F,0xF81F,0xF81F,0x1969,
  0x1128,0x29EB,0x198A,0x21AB,0x198A,0x3ACF,0x42D0,0x0003,0xF81F,0xF81F,0xF81F,0xF81F,0xF81F,0xF81F,0xF81F,0xF81F,0xF81F,0xF81F,0xF81F,0xF81F,0xF81F,0xF81F,0xF81F,0xF81F,
  0xF81F,0xF81F,0xF81F,0x08A4,0x322D,0x10E7,0x08C6,0x1989,0x196A,0x19AA,0x29CA,0x2A0D,0x218A,0xF81F,0xF81F,0xF81F,0xF81F,0xF81F,0xF81F,0xF81F,0xF81F,0xF81F,0xF81F,0xF81F,
  0xF81F,0xF81F,0xF81F,0xF81F,0xF81F,0xF81F,0xF81F,0xF81F,0x0884,0x08E6,0x6437,0x853C,0x322D,0x0085,0x0024,0x4AF1,0x0064,0x1948,0xF81F,0xF81F,0xF81F,0xF81F,0xF81F,0xF81F,
  0xF81F,0xF81F,0xF81F,0xF81F,0xF81F,0xF81F,0xF81F,0xF81F,0xF81F,0xF81F,0xF81F,0xF81F,0xF81F,0x0041,0x0002,0x6438,0x853C,0x855C,0x853C,0x7CFC,0x5C18,0x428D,0x1906,0xF81F,
  0xF81F,0xF81F,0xF81F,0xF81F,0xF81F,0xF81F,0xF81F,0xF81F,0xF81F,0xF81F,0xF81F,0xF81F,0xF81F,0xF81F,0xF81F,0xF81F,0xF81F,0xF81F,0x8C95,0x0063,0x1083,0x1128,0x7D1B,0x7CFB,
  0x218A,0x18E5,0x3A0A,0x1928,0xF81F,0xF81F,0xF81F,0xF81F,0xF81F,0xF81F,0xF81F,0xF81F,0xF81F,0xF81F,0xF81F,0xF81F,0xF81F,0xF81F,0xF81F,0xF81F,0xF81F,0xF81F,0xF81F,0x63B3,
  0x10E6,0x8C94,0x0043,0x7497,0x7CB9,0x2188,0xF7BF,0x5B71,0x110A,0xF81F,0xF81F,0xF81F,0xF81F,0xF81F,0xF81F,0xF81F,0xF81F,0xF81F,0xF81F,0xF81F,0xF81F,0xF81F,0xF81F,0xF81F,
  0xF81F,0xF81F,0xF81F,0xF81F,0xF81F,0x0882,0x7457,0x3A6D,0x2144,0x31C5,0x324B,0x8D1A,0x320B,0x0862,0xF81F,0xF81F,0xF81F,0xF81F,0xF81F,0xF81F,0xF81F,0xF81F,0xF81F,0xF81F,
  0xF81F,0xF81F,0xF81F,0xF81F,0xF81F,0xF81F,0xF81F,0xF81F,0xF81F,0x18A3,0x0881,0x2164,0x3A46,0x4246,0x4287,0x4267,0x2164,0x2143,0x1082,0xF81F,0xF81F,0xF81F,0xF81F,0xF81F,
  0xF81F,0xF81F,0xF81F,0xF81F,0xF81F,0xF81F,0xF81F,0xF81F,0xF81F,0xF81F,0xF81F,0xF81F,0xF81F,0xF81F,0x31C4,0x0860,0x2163,0x2163,0x31E5,0x3205,0x1923,0x1902,0x0040,0x2984,
  0x1884,0xF81F,0xF81F,0xF81F,0xF81F,0xF81F,0xF81F,0xF81F,0xF81F,0xF81F,0xF81F,0xF81F,0xF81F,0xF81F,0xF81F,0xF81F,0xF81F,0x0801,0x2964,0x2183,0x1922,0x10E2,0x29A4,0x29C4,
  0x4267,0x2164,0x2143,0x0881,0x29C4,0x10C2,0x2123,0xF81F,0xF81F,0xF81F,0xF81F,0xF81F,0xF81F,0xF81F,0xF81F,0xF81F,0xF81F,0xF81F,0xF81F,0xF81F,0xF81F,0x1925,0x0020,0x29A4,
  0x1902,0x3A26,0x10E2,0x10C1,0x31E5,0x3A06,0x10E2,0x0860,0x3A26,0x1943,0x2184,0x29A4,0x10C4,0xF81F,0xF81F,0xF81F,0xF81F,0xF81F,0xF81F,0xF81F,0xF81F,0xF81F,0xF81F,0xF81F,
  0xF81F,0x1948,0x2A0C,0x2146,0x29A4,0x29A4,0x1102,0x29C4,0x3245,0x3A47,0x3A47,0x3A26,0x3225,0x2163,0x29C5,0x31E5,0x0882,0x322C,0x322D,0xF81F,0xF81F,0xF81F,0xF81F,0xF81F,
  0xF81F,0xF81F,0xF81F,0xF81F,0xF81F,0x1845,0x29EC,0x2A4D,0x21CA,0x0021,0x2143,0x2984,0x2143,0x1922,0x1101,0x2143,0x1922,0x3205,0x31E5,0x2183,0x10E2,0x29EA,0x3A6E,0x21CB,
  0x2149,0xF81F,0xF81F,0xF81F,0xF81F,0xF81F,0xF81F,0xF81F,0xF81F,0xF81F,0x10E5,0x29EC,0x2A2C,0x21AA,0x29C9,0x0041,0x10E1,0x29C4,0x29A4,0x3A26,0x3A26,0x3A26,0x29C4,0x2163,
  0x2143,0x0042,0x1128,0x21AA,0x2A0C,0x2169,0xF81F,0xF81F,0xF81F,0xF81F,0xF81F,0xF81F,0xF81F,0xF81F,0xF81F,0x1928,0x08C5,0x1927,0x1107,0x0883,0x1107,0x0001,0x2123,0x2184,
  0x2183,0x29C4,0x29A4,0x1923,0x18E4,0x1949,0x10A4,0x0043,0x1127,0x1128,0x10C6,0x1043,0xF81F,0xF81F,0xF81F,0xF81F,0xF81F,0xF81F,0xF81F,0xF81F,0x0021,0x0001,0x0001,0x322C,
  0x0883,0x29EC,0x326E,0x08A4,0x2146,0x0020,0x0840,0x0000,0x2189,0x322D,0x324E,0x2169,0x3A6C,0x08C5,0x0021,0x0000,0xF81F,0xF81F,0xF81F,0xF81F,0xF81F,0xF81F,0xF81F,0xF81F,
  0xF81F,0x10E4,0x3AAE,0x3ACF,0x220B,0x0883,0x21AA,0x2A2D,0x42AE,0x320B,0x1968,0x1926,0x2A0C,0x324D,0x324E,0x322D,0x21A9,0x322B,0x42CF,0x42F0,0x29EB,0xF81F,0xF81F,0xF81F,
  0xF81F,0xF81F,0xF81F,0xF81F,0xF81F,0xF81F,0x4B10,0x4B51,0x430F,0x21A9,0x0020,0x1106,0x21AA,0x2A2D,0x0002,0x2189,0x2169,0x2147,0x29EC,0x29EB,0x1948,0x08A4,0x1926,0x322C,
  0x5391,0x5BB3,0x1024,0xF81F,0xF81F,0xF81F,0xF81F,0xF81F,0xF81F,0xF81F,0xF81F,0x4B51,0x5BD2,0x53B2,0x1968,0x0000,0x0042,0x0883,0x0063,0x10E6,0x08A4,0x2147,0x2169,0x0884,
  0x18E5,0x0884,0x0821,0x0863,0x3A6D,0x6414,0x63D3,0x10C4,0xF81F,0xF81F,0xF81F,0xF81F,0xF81F,0xF81F,0xF81F,0x3A4C,0x6414,0x32CF,0x2A2B,0x1905,0xF81F,0x10E5,0x1947,0x1928,
  0x2A0C,0x1927,0x18C5,0x0022,0x1107,0x08A5,0x0063,0x1003,0xF81F,0x322C,0x5392,0x4310,0x8476,0xF81F,0xF81F,0xF81F,0xF81F,0xF81F,0xF81F,0xF81F,0x21A9,0x6413,0x32CE,0x3ACE,
  0xF81F,0xF81F,0x1906,0x1127,0x29EB,0x21AA,0x42AD,0x29EB,0x31EB,0x0000,0x10C5,0x1107,0x0803,0xF81F,0x320B,0x2A2D,0x5BD3,0x4AEF,0xF81F,0xF81F,0xF81F,0xF81F,0xF81F,0xF81F,
  0x10E5,0x324D,0x0063,0x1926,0x2167,0xF81F,0xF81F,0x1106,0x1106,0x2189,0x2A0C,0x0883,0x0043,0x218A,0x21AA,0x1926,0x0022,0x1824,0xF81F,0x18E5,0x31C9,0x0863,0x21A9,0x31CA,
  0xF81F,0xF81F,0xF81F,0xF81F,0xF81F,0xF81F,0x21EC,0x324D,0x2189,0x10C5,0xF81F,0xF81F,0x0041,0x10C4,0x29CA,0x324D,0x29AB,0x1108,0x29EB,0x3A2C,0x10E6,0x18E5,0x0001,0xF81F,
  0x18E4,0x1948,0x324C,0x2A0C,0x1044,0xF81F,0xF81F,0xF81F,0xF81F,0xF81F,0xF81F,0x1989,0x21CA,0x1968,0x1083,0xF81F,0xF81F,0x10E6,0x10E6,0x0022,0x0001,0x41E8,0x528B,0x0041,
  0x0021,0x0001,0x1927,0x10C3,0xF81F,0x1002,0x10E5,0x1128,0x324D,0xF81F,0xF81F,0xF81F,0xF81F,0xF81F,0xF81F,0xF81F,0x21AA,0x324D,0x1947,0x1043,0xF81F,0xF81F,0x0042,0x18E5,
  0x21AA,0x1949,0x5A8B,0x3987,0x2169,0x2169,0x29A9,0x0001,0x0041,0xF81F,0xF81F,0x1105,0x1127,0x21CB,0xF81F,0xF81F,0xF81F,0xF81F,0xF81F,0xF81F,0xF81F,0x2169,0x1989,0x10E5,
  0x0821,0xF81F,0x10E5,0x1948,0x1948,0x10A5,0x0022,0x0021,0x0001,0x0022,0x1905,0x1948,0x2189,0x1948,0xF81F,0xF81F,0x1043,0x1968,0x1969,0xF81F,0xF81F,0xF81F,0xF81F,0xF81F,
  0xF81F,0xF81F,0x08C5,0x1107,0x0041,0x10C3,0x1044,0x1926,0x218A,0x2A0D,0x322D,0x29CB,0x0862,0x20C3,0x21AB,0x320C,0x2A0C,0x21CB,0x1948,0x0862,0xF81F,0x1002,0x0084,0x1106,
  0xF81F,0xF81F,0xF81F,0xF81F,0xF81F,0xF81F,0x2966,0x1906,0x29EB,0x08A4,0x0882,0x10C4,0x1968,0x29CA,0x322D,0x21EB,0x428E,0x2925,0x3166,0x3A4D,0x196A,0x326E,0x3A8F,0x21AA,
  0x10C5,0xF81F,0x1906,0x324D,0x198A,0xF81F,0xF81F,0xF81F,0xF81F,0xF81F,0xF81F,0x7C52,0x7C31,0x08A5,0x1948,0x20C5,0xF81F,0x1969,0x21CB,0x1969,0x29CB,0x0022,0x2925,0x2945,
  0x0883,0x2A0C,0x1128,0x29EC,0x3A6E,0x31CA,0x0042,0x2189,0x1948,0x2A0D,0xF81F,0xF81F,0xF81F,0xF81F,0xF81F,0xF81F,0xF81F,0x5B8E,0x08A2,0x2126,0xF81F,0xF81F,0x0021,0x1927,
  0x2A0C,0x21AB,0x0020,0x10A2,0x18E3,0x2104,0x2A0C,0x3AAF,0x31EA,0x0042,0x1803,0xF81F,0x10C4,0x1127,0x29EB,0xF81F,0xF81F,0xF81F,0xF81F,0xF81F,0xF81F,0xF81F,0x7C4F,0x4ACB,
  0x20E5,0xF81F,0xF81F,0x20E3,0x18C3,0x1082,0x0021,0x20E3,0x0841,0x0841,0x20E4,0x0821,0x1061,0x2904,0x2924,0x18A3,0xF81F,0x1865,0x1905,0xF81F,0xF81F,0xF81F,0xF81F,0xF81F,
  0xF81F,0xF81F,0xB5B6,0x7C0F,0x0861,0x3927,0xF81F,0xF81F,0x18E3,0x3186,0x39C7,0x20E3,0x2924,0xF81F,0xF81F,0x20C3,0x20C3,0x3165,0x39C7,0x39C7,0x20E3,0xF81F,0xF81F,0xF81F,
  0xF81F,0xF81F,0xF81F,0xF81F,0xF81F,0xF81F,0x1043,0xB5B6,0x736E,0xF81F,0xF81F,0xF81F,0xF81F,0x2104,0x39C7,0x39C7,0x41E7,0x18C3,0xF81F,0xF81F,0x1062,0x2945,0x39C7,0x39C7,
  0x39C7,0x18C3,0xF81F,0xF81F,0xF81F,0xF81F,0xF81F,0xF81F,0xF81F,0xF81F,0xF81F,0xB5B5,0x8410,0xF81F,0xF81F,0xF81F,0xF81F,0x1002,0x2104,0x39C7,0x39C7,0x2945,0x20C3,0xF81F,
  0xF81F,0x18A2,0x2945,0x31A6,0x39C7,0x39C7,0x2104,0xF81F,0xF81F,0xF81F,0xF81F,0xF81F,0xF81F,0xF81F,0xF81F,0x6B4D,0x9CF3,0x3107,0xF81F,0xF81F,0xF81F,0xF81F,0x2104,0x2945,
  0x39C7,0x2925,0x20E4,0x0040,0xF81F,0xF81F,0x1002,0x1882,0x2924,0x41E8,0x39C7,0x2945,0xF81F,0xF81F,0xF81F,0xF81F,0xF81F,0xF81F,0xF81F,0xF81F,0xCE37,0x6B2D,0xF81F,0xF81F,
  0xF81F,0xF81F,0xF81F,0x2925,0x4208,0x4207,0x4208,0x20E4,0x0841,0xF81F,0xF81F,0xF81F,0x20E3,0x39C7,0x3A08,0x4208,0x2965,0xF81F,0xF81F,0xF81F,0xF81F,0xF81F,0xF81F,0xF81F,
  0xEF9D,0x8C50,0x1003,0xF81F,0xF81F,0xF81F,0xF81F,0xF81F,0x2104,0x2945,0x39A6,0x39A6,0x2904,0xF81F,0xF81F,0xF81F,0xF81F,0x20C3,0x2904,0x3186,0x31A6,0x2924,0x1082,0xF81F,
  0xF81F,0xF81F,0xF81F,0xF81F,0x1003,0xBDF5,0x526A,0xF81F,0xF81F,0xF81F,0xF81F,0xF81F,0xF81F,0x0021,0x18C3,0x2104,0x2104,0x1082,0xF81F,0xF81F,0xF81F,0xF81F,0x1042,0x1882,
  0x2924,0x2104,0x10A2,0x0022,0xF81F,0xF81F,0xF81F,0xF81F,0xF81F,0xD6D9,0x83EF,0xF81F,0xF81F,0xF81F,0xF81F,0xF81F,0xF81F,0x10C5,0x21CB,0x08A5,0x08C5,0x08A4,0x2927,0xF81F,
  0xF81F,0xF81F,0xF81F,0x2927,0x0022,0x0042,0x0063,0x1127,0x196A,0xF81F,0xF81F,0xF81F,0xF81F,0xF81F,0xB5B4,0x20C4,0xF81F,0xF81F,0xF81F,0xF81F,0xF81F,0xF81F,0x10E5,0x1948,
  0x2A2D,0x21CB,0x1948,0x2968,0xF81F,0xF81F,0xF81F,0xF81F,0x20C7,0x1948,0x116A,0x328F,0x19AB,0x1907,0xF81F,0xF81F,0xF81F,0xF81F,0xFFFE,0x8C70,0xF81F,0xF81F,0xF81F,0xF81F,
  0xF81F,0xF81F,0xF81F,0xF81F,0x10C4,0x21CB,0x29EB,0x1927,0x0802,0xF81F,0xF81F,0xF81F,0xF81F,0xF81F,0x08A5,0x1969,0x2A0C,0x1948,0x1003,0xF81F,0xF81F,0xF81F,0xF81F,0xB595,
  0xF81F,0xF81F,0xF81F,0xF81F,0xF81F,0xF81F,0xF81F,0xF81F,0xF81F,0x10C3,0x1905,0x10C4,0x10C4,0xF81F,0xF81F,0xF81F,0xF81F,0xF81F,0xF81F,0x10A4,0x1926,0x1926,0x10E4,0xF81F,
  0xF81F,0xF81F,0xF81F,0xF81F,0xF81F,0xF81F,0xF81F,0xF81F,0xF81F,0xF81F,0xF81F,0xF81F,0xF81F,0xF81F,0x1906,0x2A2C,0x1127,0x1906,0xF81F,0xF81F,0xF81F,0xF81F,0xF81F,0xF81F,
  0x1003,0x1107,0x21EB,0x2168,0xF81F,0xF81F,0xF81F,0xF81F,0xF81F,0xF81F,0xF81F,0xF81F,0xF81F,0xF81F,0xF81F,0xF81F,0xF81F,0xF81F,0xF81F,0x2168,0x29EC,0x21A9,0x10A4,0xF81F,
  0xF81F,0xF81F,0xF81F,0xF81F,0xF81F,0x1002,0x1107,0x21CB,0x1948,0xF81F,0xF81F,0xF81F,0xF81F,0xF81F,0xF81F,0xF81F,0xF81F,0xF81F,0xF81F,0xF81F,0xF81F,0xF81F,0xF81F,0xF81F,
  0x1127,0x1968,0x08C5,0x2128,0xF81F,0xF81F,0xF81F,0xF81F,0xF81F,0xF81F,0x1002,0x10A4,0x1927,0x21A8,0xF81F,0xF81F,0xF81F,0xF81F,0xF81F,0xF81F,0xF81F,0xF81F,0xF81F,0xF81F,
  0xF81F,0xF81F,0xF81F,0xF81F,0x10E5,0x1969,0x2A0C,0x1948,0x20E6,0xF81F,0xF81F,0xF81F,0xF81F,0xF81F,0xF81F,0x1003,0x10E5,0x1148,0x21CB,0x29AA,0xF81F,0xF81F,0xF81F,0xF81F,
  0xF81F,0xF81F,0xF81F,0xF81F,0xF81F,0xF81F,0xF81F,0xF81F,0x2066,0x2A0C,0x2A4E,0x1169,0x1947,0xF81F,0xF81F,0xF81F,0xF81F,0xF81F,0xF81F,0xF81F,0xF81F,0x10A5,0x1969,0x3AD0,
  0x3A90,0x320B,0xF81F,0xF81F,0xF81F,0xF81F,0xF81F,0xF81F,0xF81F,0xF81F,0xF81F,0xF81F,0xF81F,0x0802,0x1107,0x10E6,0x10C4,0x0803,0xF81F,0xF81F,0xF81F,0xF81F,0xF81F,0xF81F,
  0xF81F,0xF81F,0xF81F,0x10C5,0x1926,0x1126,0x2167,0xF81F,0xF81F,0xF81F
};
static const uint16_t M11[] = {
  0xF81F,0xF81F,0xF81F,0xF81F,0xF81F,0xF81F,0xF81F,0xF81F,0xF81F,0xF81F,0xF81F,0xF81F,0xF81F,0xF81F,0xF81F,0xF81F,0xF81F,0xF81F,0xF81F,0xF81F,0xF81F,0xF81F,0xF81F,0xF81F,
  0xF81F,0xF81F,0xF81F,0xF81F,0xF81F,0xF81F,0xF81F,0xF81F,0xF81F,0xF81F,0xF81F,0xF81F,0xF81F,0xF81F,0xF81F,0xF81F,0xF81F,0xF81F,0xF81F,0xF81F,0xF81F,0xF81F,0xF81F,0xF81F,
  0xF81F,0xF81F,0xF81F,0xF81F,0xF81F,0xF81F,0xF81F,0xF81F,0xF81F,0xF81F,0xF81F,0xF81F,0xF81F,0xF81F,0x5229,0x5B0C,0x3A8D,0x3A8F,0x324E,0xF81F,0xF81F,0xF81F,0xF81F,0xF81F,
  0xF81F,0xF81F,0xF81F,0xF81F,0xF81F,0xF81F,0xF81F,0xF81F,0xF81F,0xF81F,0xF81F,0xF81F,0xF81F,0xF81F,0xF81F,0xF81F,0xF81F,0xF81F,0xF81F,0xF81F,0xF81F,0xF81F,0xF81F,0xF81F,
  0xF81F,0xF81F,0xF81F,0xF81F,0xF81F,0xF81F,0xF81F,0xF81F,0x62EC,0xF81F,0xF81F,0x31A7,0x9CD3,0x6B6E,0x326E,0x21CB,0x1925,0xF81F,0xF81F,0xF81F,0xF81F,0xF81F,0xF81F,0xF81F,
  0xF81F,0xF81F,0xF81F,0xF81F,0xF81F,0xF81F,0xF81F,0xF81F,0xF81F,0xF81F,0xF81F,0xF81F,0xF81F,0xF81F,0xF81F,0xF81F,0xF81F,0xF81F,0xF81F,0xF81F,0xF81F,0xF81F,0xF81F,0xF81F,
  0xF81F,0xF81F,0xF81F,0xF81F,0xF81F,0x1042,0x31A6,0x42CF,0x2A4D,0xC618,0x52AA,0x31EA,0x1127,0x29EB,0xF81F,0xF81F,0xF81F,0xF81F,0xF81F,0xF81F,0xF81F,0xF81F,0xF81F,0xF81F,
  0xF81F,0xF81F,0xF81F,0xF81F,0xF81F,0xF81F,0xF81F,0xF81F,0xF81F,0xF81F,0xF81F,0xF81F,0xF81F,0xF81F,0xF81F,0xF81F,0xF81F,0xF81F,0xF81F,0xF81F,0xF81F,0xF81F,0xF81F,0xF81F,
  0xF81F,0xF81F,0x1905,0xA514,0x10A3,0x3AAF,0x10A4,0x4208,0x18C4,0x2A0C,0x08A4,0xF81F,0xF81F,0xF81F,0xF81F,0xF81F,0xF81F,0xF81F,0xF81F,0xF81F,0xF81F,0xF81F,0xF81F,0xF81F,
  0xF81F,0xF81F,0xF81F,0xF81F,0xF81F,0xF81F,0xF81F,0xF81F,0xF81F,0xF81F,0xF81F,0xF81F,0xF81F,0xF81F,0xF81F,0xF81F,0xF81F,0xF81F,0xF81F,0xF81F,0xF81F,0x2067,0x3AF0,0x328E,
  0x39C6,0xB596,0x1947,0x320B,0x4A49,0x4A49,0x2106,0xF81F,0xF81F,0xF81F,0xF81F,0xF81F,0xF81F,0xF81F,0xF81F,0xF81F,0xF81F,0xF81F,0xF81F,0xF81F,0xF81F,0xF81F,0xF81F,0xF81F,
  0xF81F,0xF81F,0xF81F,0xF81F,0xF81F,0xF81F,0xF81F,0xF81F,0xF81F,0xF81F,0xF81F,0xF81F,0xF81F,0xF81F,0xF81F,0xF81F,0xF81F,0x42CF,0x3AF0,0x3AD0,0x5372,0x0862,0x4A49,0x31A7,
  0x1968,0x10C4,0x39C7,0x5189,0xF81F,0xF81F,0xF81F,0xF81F,0xF81F,0xF81F,0xF81F,0xF81F,0xF81F,0xF81F,0xF81F,0xF81F,0xF81F,0xF81F,0xF81F,0xF81F,0xF81F,0xF81F,0xF81F,0xF81F,
  0xF81F,0xF81F,0xF81F,0xF81F,0xF81F,0xF81F,0xF81F,0xF81F,0xF81F,0xF81F,0xF81F,0xF81F,0xF81F,0x21EB,0x220C,0x3AD0,0x1128,0x2A6E,0x1948,0x31A7,0x41E7,0x20E4,0xF81F,0xF81F,
  0xF81F,0xF81F,0xF81F,0xF81F,0xF81F,0xF81F,0xF81F,0xF81F,0xF81F,0xF81F,0xF81F,0xF81F,0xF81F,0xF81F,0xF81F,0xF81F,0xF81F,0xF81F,0xF81F,0xF81F,0xF81F,0xF81F,0xF81F,0xF81F,
  0xF81F,0xF81F,0xF81F,0xF81F,0xF81F,0xF81F,0xF81F,0xF81F,0x0043,0x3ACF,0x3AAE,0x1969,0x328E,0x1189,0x1967,0x18E6,0xF81F,0xF81F,0x5A4A,0xF81F,0xF81F,0xF81F,0xF81F,0xF81F,
  0xF81F,0xF81F,0xF81F,0xF81F,0xF81F,0xF81F,0xF81F,0xF81F,0xF81F,0xF81F,0xF81F,0xF81F,0xF81F,0xF81F,0xF81F,0xF81F,0xF81F,0xF81F,0xF81F,0xF81F,0xF81F,0xF81F,0xF81F,0xF81F,
  0xF81F,0xF81F,0xF81F,0xF81F,0x1927,0x1969,0x3AAE,0x1948,0x29EA,0x2188,0x0803,0xF81F,0xF81F,0xF81F,0xF81F,0xF81F,0xF81F,0xF81F,0xF81F,0xF81F,0xF81F,0xF81F,0xF81F,0xF81F,
  0xF81F,0xF81F,0xF81F,0xF81F,0xF81F,0xF81F,0xF81F,0xF81F,0xF81F,0xF81F,0xF81F,0xF81F,0xF81F,0xF81F,0xF81F,0xF81F,0xF81F,0xF81F,0xF81F,0xF81F,0xF81F,0xF81F,0x1985,0x648E,
  0x0883,0x21CA,0x326D,0x2188,0x0842,0xF81F,0xF81F,0xF81F,0xF81F,0xF81F,0xF81F,0xF81F,0xF81F,0xF81F,0xF81F,0xF81F,0xF81F,0xF81F,0xF81F,0xF81F,0xF81F,0xF81F,0xF81F,0xF81F,
  0xF81F,0xF81F,0xF81F,0xF81F,0xF81F,0xF81F,0xF81F,0xF81F,0xF81F,0xF81F,0xF81F,0xF81F,0xF81F,0xF81F,0xF81F,0xF81F,0xF81F,0xF81F,0x2AC9,0x3BAC,0x536D,0x08A3,0x2147,0x18C5,
  0xF81F,0xF81F,0xF81F,0xF81F,0xF81F,0xF81F,0xF81F,0xF81F,0xF81F,0xF81F,0xF81F,0xF81F,0xF81F,0xF81F,0xF81F,0xF81F,0xF81F,0xF81F,0xF81F,0xF81F,0xF81F,0xF81F,0xF81F,0xF81F,
  0xF81F,0xF81F,0xF81F,0xF81F,0xF81F,0xF81F,0xF81F,0xF81F,0xF81F,0xF81F,0xF81F,0xF81F,0xF81F,0xF81F,0x0021,0x5C4E,0x29E6,0x08A2,0x3B09,0xF81F,0xF81F,0xF81F,0xF81F,0xF81F,
  0xF81F,0xF81F,0xF81F,0xF81F,0xF81F,0xF81F,0x1004,0x1003,0xF81F,0xF81F,0xF81F,0xF81F,0xF81F,0xF81F,0xF81F,0xF81F,0xF81F,0xF81F,0xF81F,0xF81F,0xF81F,0xF81F,0xF81F,0xF81F,
  0xF81F,0xF81F,0xF81F,0xF81F,0xF81F,0xF81F,0xF81F,0xF81F,0xF81F,0xF81F,0x08E7,0x21EC,0x1904,0x0863,0x1106,0x2126,0xF81F,0xF81F,0xF81F,0xF81F,0xF81F,0xF81F,0xF81F,0xF81F,
  0x1885,0x08E6,0x19AA,0x2A6F,0x2A4E,0x21AB,0xF81F,0xF81F,0xF81F,0xF81F,0xF81F,0xF81F,0xF81F,0xF81F,0xF81F,0xF81F,0xF81F,0xF81F,0xF81F,0xF81F,0xF81F,0xF81F,0xF81F,0xF81F,
  0xF81F,0xF81F,0xF81F,0xF81F,0xF81F,0xF81F,0x1906,0x29EC,0x0863,0x1926,0x1106,0x08C5,0xF81F,0xF81F,0xF81F,0xF81F,0xF81F,0xF81F,0xF81F,0xF81F,0xF81F,0x29EB,0x21EC,0x2A0C,
  0x2A0C,0x3AF0,0x21AB,0x2A2D,0xF81F,0xF81F,0xF81F,0xF81F,0xF81F,0xF81F,0xF81F,0xF81F,0xF81F,0xF81F,0xF81F,0xF81F,0xF81F,0xF81F,0xF81F,0xF81F,0xF81F,0xF81F,0xF81F,0xF81F,
  0xF81F,0xF81F,0xF81F,0xF81F,0xF81F,0xF81F,0x0041,0x1106,0x21CB,0xF81F,0xF81F,0xF81F,0xF81F,0xF81F,0xF81F,0xF81F,0xF81F,0x1905,0x29EC,0x2A0C,0x326E,0x0884,0x29EB,0x2A0C,
  0x19AB,0x42D0,0xF81F,0xF81F,0xF81F,0xF81F,0xF81F,0xF81F,0xF81F,0xF81F,0xF81F,0xF81F,0xF81F,0xF81F,0xF81F,0xF81F,0xF81F,0xF81F,0xF81F,0xF81F,0xF81F,0xF81F,0xF81F,0xF81F,
  0xF81F,0xF81F,0xF81F,0x0042,0x1126,0x1106,0x10C5,0xF81F,0xF81F,0xF81F,0xF81F,0xF81F,0xF81F,0xF81F,0x1906,0x1127,0x1928,0x2189,0x326F,0x8D9C,0x7455,0x0064,0x0042,0xF81F,
  0xF81F,0xF81F,0xF81F,0xF81F,0xF81F,0xF81F,0xF81F,0xF81F,0xF81F,0xF81F,0xF81F,0xF81F,0xF81F,0xF81F,0xF81F,0xF81F,0xF81F,0xF81F,0xF81F,0xF81F,0xF81F,0xF81F,0xF81F,0xF81F,
  0x0042,0x1947,0x1989,0x322D,0xF81F,0xF81F,0xF81F,0xF81F,0x3A46,0x2143,0x1902,0x10E6,0x84B7,0x320C,0x1948,0x08C7,0x63F5,0x7D3A,0x8D9C,0xF81F,0xF81F,0xF81F,0xF81F,0xF81F,
  0xF81F,0xF81F,0xF81F,0xF81F,0xF81F,0xF81F,0xF81F,0xF81F,0xF81F,0xF81F,0xF81F,0xF81F,0xF81F,0xF81F,0xF81F,0xF81F,0xF81F,0xF81F,0xF81F,0xF81F,0xF81F,0x0802,0x1947,0x2168,
  0x5350,0x31C9,0x534F,0x320B,0x320A,0x0880,0x2164,0x1902,0x0041,0x7457,0x3A6D,0x42D0,0x42F2,0x29AA,0x1107,0x851A,0xF81F,0xF81F,0xF81F,0xF81F,0xF81F,0xF81F,0xF81F,0xF81F,
  0xF81F,0xF81F,0xF81F,0xF81F,0xF81F,0xF81F,0xF81F,0xF81F,0xF81F,0xF81F,0xF81F,0xF81F,0xF81F,0xF81F,0xF81F,0xF81F,0xF81F,0xF81F,0xF81F,0x322C,0x3ACF,0x63F2,0x6413,0x5BD2,
  0x08E7,0x21AA,0x29CA,0x1922,0x10E1,0x1943,0x1924,0x2186,0x42AF,0x74FA,0x855B,0x0064,0x0042,0xF81F,0xF81F,0xF81F,0xF81F,0xF81F,0xF81F,0xF81F,0xF81F,0xF81F,0xF81F,0xF81F,
  0xF81F,0xF81F,0xF81F,0xF81F,0xF81F,0xF81F,0xF81F,0xF81F,0xF81F,0xF81F,0xF81F,0xF81F,0xF81F,0xF81F,0xF81F,0xF81F,0x29A9,0x42CF,0x42EF,0x5BD3,0x7CD6,0x0041,0x1989,0x29EB,
  0x2123,0x3A05,0x29C4,0x0841,0x1943,0x3206,0x3206,0x3A27,0x3A67,0x4AE9,0xF81F,0xF81F,0xF81F,0xF81F,0xF81F,0xF81F,0xF81F,0xF81F,0xF81F,0xF81F,0xF81F,0xF81F,0xF81F,0xF81F,
  0xF81F,0xF81F,0xF81F,0xF81F,0xF81F,0xF81F,0xF81F,0xF81F,0xF81F,0xF81F,0xF81F,0xF81F,0xF81F,0xF81F,0xF81F,0x3A6D,0x3AEF,0x21CA,0x42F0,0x0063,0x2189,0x0020,0x29A4,0x1923,
  0x10E2,0x0040,0x1923,0x3A47,0x3226,0x3A67,0x2164,0x21AA,0x2929,0xF81F,0xF81F,0xF81F,0xF81F,0xF81F,0xF81F,0xF81F,0xF81F,0xF81F,0xF81F,0xF81F,0xF81F,0xF81F,0xF81F,0xF81F,
  0xF81F,0xF81F,0xF81F,0xF81F,0xF81F,0xF81F,0xF81F,0xF81F,0xF81F,0xF81F,0xF81F,0xF81F,0xF81F,0x1866,0x21CA,0x324D,0x1969,0x2168,0x18E5,0x10A1,0x31E5,0x29C4,0x1923,0x1081,
  0x2184,0x3A46,0x3A26,0x10C2,0x21AA,0x1927,0x0863,0xF81F,0xF81F,0xF81F,0xF81F,0xF81F,0xF81F,0xF81F,0xF81F,0xF81F,0xF81F,0xF81F,0xF81F,0xF81F,0xF81F,0xF81F,0xF81F,0xF81F,
  0xF81F,0xF81F,0xF81F,0xF81F,0xF81F,0xF81F,0xF81F,0xF81F,0xF81F,0xF81F,0xF81F,0xF81F,0x10A3,0x320C,0x1947,0x1927,0x10C4,0x2984,0x2143,0x29C4,0x3A46,0x2123,0x0860,0x1922,
  0x0861,0x1948,0x0001,0x5351,0x2A4C,0x5393,0x29CA,0x0804,0xF81F,0xF81F,0xF81F,0xF81F,0xF81F,0xF81F,0xF81F,0xF81F,0xF81F,0xF81F,0xF81F,0xF81F,0xF81F,0xF81F,0xF81F,0xF81F,
  0xF81F,0xF81F,0xF81F,0xF81F,0xF81F,0xF81F,0xF81F,0xF81F,0xF81F,0x0882,0x1947,0x0001,0x218A,0x1108,0x0021,0x29A3,0x4AC8,0x2163,0x1902,0x10E1,0x2985,0x0842,0x1926,0x2A0C,
  0x6C55,0x5351,0x220D,0x21AA,0x2A2D,0x2A0C,0x1107,0x0803,0x1002,0x3A08,0xF81F,0xF81F,0xF81F,0xF81F,0xF81F,0xD699,0xAD95,0xC658,0x94F2,0x9CD1,0xF81F,0xF81F,0xF81F,0xF81F,
  0xF81F,0xF81F,0xF81F,0xF81F,0xF81F,0xF81F,0x1105,0x08A4,0x1906,0x21AB,0x2A2D,0x1949,0x0862,0x2163,0x29E4,0x3225,0x3226,0x2147,0x2987,0x2189,0x29CA,0x2189,0x21EB,0x1926,
  0x1948,0x1948,0x1928,0x2189,0x21CB,0x0041,0x530B,0x9D53,0xDF1B,0xDF1B,0x8430,0x8430,0x9CF3,0x4A48,0x2064,0xF81F,0xF81F,0xF81F,0xF81F,0xF81F,0xF81F,0xF81F,0xF81F,0xF81F,
  0xF81F,0xF81F,0xF81F,0x1004,0x10E6,0x0884,0x2189,0x2A2D,0x2A0C,0x1948,0x10E6,0x10C4,0x0883,0x196A,0x2168,0xF81F,0xF81F,0xF81F,0xF81F,0xF81F,0x1803,0x1003,0x0020,0x0041,
  0x0882,0x08A4,0x0042,0x4B6D,0x73CF,0x73AE,0xF81F,0xF81F,0xF81F,0xF81F,0xF81F,0xF81F,0xF81F,0xF81F,0xF81F,0xF81F,0xF81F,0xF81F,0xF81F,0xF81F,0xF81F,0xF81F,0xF81F,0xF81F,
  0x1003,0x1927,0x1927,0x10E5,0x2168,0x29EB,0x2188,0x10E6,0x10E6,0x2A0D,0x198A,0xF81F,0xF81F,0xF81F,0xF81F,0xF81F,0xF81F,0xF81F,0xF81F,0x3A2B,0x1844,0x1925,0x08C4,0x10A3,
  0x08A2,0xF81F,0xF81F,0xF81F,0xF81F,0xF81F,0xF81F,0xF81F,0xF81F,0xF81F,0xF81F,0xF81F,0xF81F,0xF81F,0xF81F,0xF81F,0xF81F,0xF81F,0xF81F,0xF81F,0xF81F,0x1003,0x10E5,0x0001,
  0x0000,0x1947,0x2A0B,0x320B,0x0001,0x10E4,0x10E5,0x0061,0xF81F,0xF81F,0xF81F,0xF81F,0xF81F,0xF81F,0xF81F,0xF81F,0xF81F,0xF81F,0xF81F,0xF81F,0xF81F,0xF81F,0xF81F,0xF81F,
  0xF81F,0xF81F,0xF81F,0xF81F,0xF81F,0xF81F,0xF81F,0xF81F,0xF81F,0xF81F,0xF81F,0xF81F,0xF81F,0xF81F,0xF81F,0xF81F,0xF81F,0xF81F,0xF81F,0x0000,0x1927,0x1947,0x0000,0x0001,
  0x0001,0x2189,0x1969,0x1907,0xF81F,0xF81F,0xF81F,0xF81F,0xF81F,0xF81F,0xF81F,0xF81F,0xF81F,0xF81F,0xF81F,0xF81F,0xF81F,0xF81F,0xF81F,0xF81F,0xF81F,0xF81F,0xF81F,0xF81F,
  0xF81F,0xF81F,0xF81F,0xF81F,0xF81F,0xF81F,0xF81F,0xF81F,0xF81F,0xF81F,0xF81F,0xF81F,0xF81F,0xF81F,0xF81F,0xF81F,0x1127,0x2168,0x08C5,0x218A,0x29CA,0x3A4B,0x1948,0x198A,
  0xF81F,0xF81F,0xF81F,0xF81F,0xF81F,0xF81F,0xF81F,0xF81F,0xF81F,0xF81F,0xF81F,0xF81F,0xF81F,0xF81F,0xF81F,0xF81F,0xF81F,0xF81F,0xF81F,0xF81F,0xF81F,0xF81F,0xF81F,0xF81F,
  0xF81F,0xF81F,0xF81F,0xF81F,0xF81F,0xF81F,0xF81F,0xF81F,0xF81F,0xF81F,0xF81F,0xF81F,0x1906,0x0042,0x10E6,0x218A,0x29CB,0x21AA,0x4B10,0x29CB,0x2168,0xF81F,0xF81F,0xF81F,
  0xF81F,0xF81F,0xF81F,0xF81F,0xF81F,0xF81F,0xF81F,0xF81F,0xF81F,0xF81F,0xF81F,0xF81F,0xF81F,0xF81F,0xF81F,0xF81F,0xF81F,0xF81F,0xF81F,0xF81F,0xF81F,0xF81F,0xF81F,0xF81F,
  0xF81F,0xF81F,0xF81F,0xF81F,0xF81F,0xF81F,0xF81F,0xF81F,0xF81F,0x0001,0x10E6,0x2188,0x31EA,0x0042,0x0022,0x10C3,0x0001,0x0042,0x1003,0xF81F,0xF81F,0xF81F,0xF81F,0xF81F,
  0xF81F,0xF81F,0xF81F,0xF81F,0xF81F,0xF81F,0xF81F,0xF81F,0xF81F,0xF81F,0xF81F,0xF81F,0xF81F,0xF81F,0xF81F,0xF81F,0xF81F,0xF81F,0xF81F,0xF81F,0xF81F,0xF81F,0xF81F,0xF81F,
  0xF81F,0xF81F,0xF81F,0xF81F,0xF81F,0x0001,0x1906,0x1906,0x0022,0x0062,0x1948,0x2169,0x4A08,0x0041,0x0883,0x2168,0x0862,0xF81F,0xF81F,0xF81F,0xF81F,0xF81F,0xF81F,0xF81F,
  0xF81F,0xF81F,0xF81F,0xF81F,0xF81F,0xF81F,0xF81F,0xF81F,0xF81F,0xF81F,0xF81F,0xF81F,0xF81F,0xF81F,0xF81F,0xF81F,0xF81F,0xF81F,0xF81F,0xF81F,0xF81F,0xF81F,0xF81F,0xF81F,
  0xF81F,0xF81F,0x1906,0x1948,0x21AA,0x29EC,0x08E7,0x1926,0x0863,0x1082,0x1928,0x21AA,0x2A0D,0x21CB,0x2107,0xF81F,0xF81F,0xF81F,0xF81F,0xF81F,0xF81F,0xF81F,0xF81F,0xF81F,
  0xF81F,0xF81F,0xF81F,0xF81F,0xF81F,0xF81F,0xF81F,0xF81F,0xF81F,0xF81F,0xF81F,0xF81F,0xF81F,0xF81F,0xF81F,0xF81F,0xF81F,0xF81F,0xF81F,0xF81F,0xF81F,0xF81F,0x0002,0x1127,
  0x1948,0x2A0C,0x2A0D,0x2A0D,0x198A,0x0861,0x18C3,0x0000,0x29EB,0x328F,0x29CA,0x20E3,0xF81F,0xF81F,0xF81F,0xF81F,0xF81F,0xF81F,0xF81F,0xF81F,0xF81F,0xF81F,0xF81F,0xF81F,
  0xF81F,0xF81F,0xF81F,0xF81F,0xF81F,0xF81F,0xF81F,0xF81F,0xF81F,0xF81F,0xF81F,0xF81F,0xF81F,0xF81F,0xF81F,0xF81F,0xF81F,0xF81F,0xF81F,0x0802,0x08A5,0x21CB,0x1128,0x29EC,
  0x29AB,0x1947,0x20E4,0x18A2,0x20E3,0x18C3,0x1062,0x39C7,0x41C7,0x31A6,0xF81F,0xF81F,0xF81F,0xF81F,0xF81F,0xF81F,0xF81F,0xF81F,0xF81F,0xF81F,0xF81F,0xF81F,0xF81F,0xF81F,
  0xF81F,0xF81F,0xF81F,0xF81F,0xF81F,0xF81F,0xF81F,0xF81F,0xF81F,0xF81F,0xF81F,0xF81F,0xF81F,0xF81F,0xF81F,0xF81F,0xF81F,0x2124,0x18C3,0x0883,0x2A2C,0x08E7,0x18C3,0x1082,
  0x1882,0x18C3,0x2104,0x2924,0x2925,0x39E7,0x39C7,0x3186,0xF81F,0xF81F,0xF81F,0xF81F,0xF81F,0xF81F,0xF81F,0xF81F,0xF81F,0xF81F,0xF81F,0xF81F,0xF81F,0xF81F,0xF81F,0xF81F,
  0xF81F,0xF81F,0xF81F,0xF81F,0xF81F,0xF81F,0xF81F,0xF81F,0xF81F,0xF81F,0xF81F,0xF81F,0xF81F,0x20E4,0x39A6,0x41E7,0x1904,0x2104,0x10A2,0x0040,0xF81F,0x1803,0x1082,0x18C3,
  0x18E3,0x10A2,0x18C3,0x39C7,0x39C7,0x39A7,0xF81F,0xF81F,0xF81F,0xF81F,0xF81F,0xF81F,0xF81F,0xF81F,0xF81F,0xF81F,0xF81F,0xF81F,0xF81F,0xF81F,0xF81F,0xF81F,0xF81F,0xF81F,
  0xF81F,0xF81F,0xF81F,0xF81F,0xF81F,0xF81F,0xF81F,0xF81F,0xF81F,0xF81F,0x2925,0x41E7,0x39C7,0x41E7,0x2104,0x10A2,0xF81F,0xF81F,0xF81F,0xF81F,0x1002,0x0841,0x18E3,0x2104,
  0x2104,0x41C7,0x39A6,0x1803,0xF81F,0xF81F,0xF81F,0xF81F,0xF81F,0xF81F,0xF81F,0xF81F,0xF81F,0xF81F,0xF81F,0xF81F,0xF81F,0xF81F,0xF81F,0xF81F,0xF81F,0xF81F,0xF81F,0xF81F,
  0xF81F,0xF81F,0xF81F,0xF81F,0xF81F,0x1003,0x0020,0x3186,0x39E7,0x41E7,0x39A6,0x2104,0xF81F,0xF81F,0xF81F,0xF81F,0xF81F,0xF81F,0xF81F,0x1061,0x2104,0x2104,0x2104,0x18C3,
  0xF81F,0xF81F,0xF81F,0xF81F,0xF81F,0xF81F,0xF81F,0xF81F,0xF81F,0xF81F,0xF81F,0xF81F,0xF81F,0xF81F,0xF81F,0xF81F,0xF81F,0xF81F,0xF81F,0xF81F,0xF81F,0xF81F,0xF81F,0xF81F,
  0xF81F,0x1004,0x0000,0x0841,0x39C7,0x39C7,0x41E7,0x3186,0xF81F,0xF81F,0xF81F,0xF81F,0xF81F,0xF81F,0xF81F,0xF81F,0x1106,0x0001,0x10A2,0x1082,0x0841,0xF81F,0xF81F,0xF81F,
  0xF81F,0xF81F,0xF81F,0xF81F,0xF81F,0xF81F,0xF81F,0xF81F,0xF81F,0xF81F,0xF81F,0xF81F,0xF81F,0xF81F,0xF81F,0xF81F,0xF81F,0xF81F,0xF81F,0xF81F,0xF81F,0xF81F,0x1106,0x3A0A,
  0x20E3,0x20E4,0x39E7,0x2945,0x0841,0xF81F,0xF81F,0xF81F,0xF81F,0xF81F,0xF81F,0xF81F,0x0001,0x1106,0x1107,0x21CA,0x322D,0x0023,0xF81F,0xF81F,0xF81F,0xF81F,0xF81F,0xF81F,
  0xF81F,0xF81F,0xF81F,0xF81F,0xF81F,0xF81F,0xF81F,0xF81F,0xF81F,0xF81F,0xF81F,0xF81F,0xF81F,0xF81F,0xF81F,0xF81F,0xF81F,0xF81F,0x0001,0x1907,0x2A0B,0x10A2,0x2104,0x18C3,
  0x1022,0xF81F,0xF81F,0xF81F,0xF81F,0xF81F,0xF81F,0xF81F,0xF81F,0xF81F,0x0042,0x10C5,0x1947,0x2147,0xF81F,0xF81F,0xF81F,0xF81F,0xF81F,0xF81F,0xF81F,0xF81F,0xF81F,0xF81F,
  0xF81F,0xF81F,0xF81F,0xF81F,0xF81F,0xF81F,0xF81F,0xF81F,0xF81F,0xF81F,0xF81F,0xF81F,0xF81F,0xF81F,0xF81F,0x1969,0x0062,0x1948,0x1128,0x1128,0xF81F,0xF81F,0xF81F,0xF81F,
  0xF81F,0xF81F,0xF81F,0xF81F,0xF81F,0xF81F,0xF81F,0x1906,0x1106,0x1948,0x1003,0xF81F,0xF81F,0xF81F,0xF81F,0xF81F,0xF81F,0xF81F,0xF81F,0xF81F,0xF81F,0xF81F,0xF81F,0xF81F,
  0xF81F,0xF81F,0xF81F,0xF81F,0xF81F,0xF81F,0xF81F,0xF81F,0xF81F,0xF81F,0xF81F,0x10C5,0x198A,0x0906,0x0883,0x0863,0xF81F,0xF81F,0xF81F,0xF81F,0xF81F,0xF81F,0xF81F,0xF81F,
  0xF81F,0xF81F,0xF81F,0xF81F,0x1906,0x1947,0x1106,0xF81F,0xF81F,0xF81F,0xF81F,0xF81F,0xF81F,0xF81F,0xF81F,0xF81F,0xF81F,0xF81F,0xF81F,0xF81F,0xF81F,0xF81F,0xF81F,0xF81F,
  0xF81F,0xF81F,0xF81F,0xF81F,0xF81F,0xF81F,0xF81F,0x0802,0x1948,0x1947,0x2989,0xF81F,0xF81F,0xF81F,0xF81F,0xF81F,0xF81F,0xF81F,0xF81F,0xF81F,0xF81F,0xF81F,0xF81F,0xF81F,
  0x1003,0x10E5,0x1948,0x2A0C,0x3A6C,0xF81F,0xF81F,0xF81F,0xF81F,0xF81F,0xF81F,0xF81F,0xF81F,0xF81F,0xF81F,0xF81F,0xF81F,0xF81F,0xF81F,0xF81F,0xF81F,0xF81F,0xF81F,0xF81F,
  0xF81F,0xF81F,0xF81F,0xF81F,0x1927,0x29EB,0x1968,0x0802,0xF81F,0xF81F,0xF81F,0xF81F,0xF81F,0xF81F,0xF81F,0xF81F,0xF81F,0xF81F,0xF81F,0xF81F,0xF81F,0xF81F,0x1106,0x1927,
  0x1968,0x2A0C,0x326E,0x31EB,0xF81F,0xF81F,0xF81F,0xF81F,0xF81F,0xF81F,0xF81F,0xF81F,0xF81F,0xF81F,0xF81F,0xF81F,0xF81F,0xF81F,0xF81F,0xF81F,0xF81F,0xF81F,0xF81F,0xF81F,
  0xF81F,0x1926,0x2189,0x2A0C,0x1127,0xF81F,0xF81F,0xF81F,0xF81F,0xF81F,0xF81F,0xF81F,0xF81F,0xF81F,0xF81F,0xF81F,0xF81F,0xF81F,0xF81F,0xF81F,0xF81F,0x0801,0x0001,0x0801,
  0x1003,0xF81F,0xF81F,0xF81F,0xF81F,0xF81F,0xF81F,0xF81F,0xF81F,0xF81F,0xF81F,0xF81F,0xF81F,0xF81F,0xF81F,0xF81F,0xF81F,0xF81F,0xF81F,0xF81F,0xF81F,0xF81F,0xF81F,0x1947,
  0x1126,0x1927,0xF81F,0xF81F,0xF81F,0xF81F,0xF81F,0xF81F,0xF81F,0xF81F,0xF81F,0xF81F,0xF81F,0xF81F,0xF81F,0xF81F,0xF81F,0xF81F,0xF81F,0xF81F,0xF81F,0xF81F,0xF81F,0xF81F,
  0xF81F,0xF81F,0xF81F,0xF81F,0xF81F,0xF81F,0xF81F,0xF81F,0xF81F,0xF81F,0xF81F,0xF81F,0xF81F,0xF81F,0xF81F,0xF81F,0xF81F,0xF81F
};
static const uint16_t M12[] = {
  0xF81F,0xF81F,0xF81F,0xF81F,0xF81F,0xF81F,0xF81F,0xF81F,0xF81F,0xF81F,0xF81F,0x41C9,0xF81F,0xF81F,0x5A8E,0xF81F,0xF81F,0xF81F,0xF81F,0xF81F,0xF81F,0xF81F,0xF81F,0xF81F,
  0xF81F,0xF81F,0xF81F,0xF81F,0xF81F,0xF81F,0x5B4E,0x4A2B,0xF81F,0x6390,0x63D1,0x5B6F,0x534F,0x5B70,0x6BF1,0xF81F,0x5B2E,0x7C12,0xF81F,0xF81F,0xF81F,0xF81F,0xF81F,0xF81F,
  0xF81F,0xF81F,0xF81F,0x0021,0x534F,0x534F,0x530E,0x4ACD,0x6C12,0x6C12,0x6C12,0x6C32,0x7453,0x6BF2,0x4B0E,0x4B0E,0x6C12,0x42AD,0xF81F,0xF81F,0xF81F,0xF81F,0xF81F,0xF81F,
  0x29A8,0x5B90,0x4AED,0x6BD1,0x3229,0x4ACD,0x5B4F,0x63B1,0x530E,0x5BB1,0x5BB0,0x530F,0x532F,0x532F,0x4A8C,0x0042,0x7474,0x5B6F,0x2147,0xF81F,0xF81F,0xF81F,0xF81F,0x6390,
  0x428C,0x63B1,0x31C8,0x0042,0x530E,0x5B6F,0x4ACD,0x4AEE,0x4B0E,0x530E,0x6C12,0x63D1,0x5B6F,0x4AAC,0x0862,0x4B2E,0x4AED,0x4B0E,0x0802,0xF81F,0xF81F,0xF81F,0x426B,0x532E,
  0x322B,0x0021,0x29A8,0x4ACD,0x7453,0x7474,0x530E,0x530E,0x530E,0x3A2B,0x7453,0x7474,0x7C94,0x29A9,0x7433,0x530E,0x4AED,0x0801,0xF81F,0xF81F,0xF81F,0x0000,0x4ACD,0x31C9,
  0x0021,0x3A6B,0x7454,0x42AD,0x426B,0x52EE,0x530E,0x530E,0x3A2A,0x3A2A,0x4B0E,0x6C12,0x29E9,0x5B2E,0x4AED,0x4ACD,0xF81F,0xF81F,0xF81F,0xF81F,0x0000,0x424B,0x0862,0x0000,
  0x3A2A,0x0862,0x0022,0x9D78,0x426B,0x532E,0x534F,0x3A0A,0xCEFD,0x0021,0x2946,0x3A4A,0x0821,0x530E,0x428C,0xF81F,0xF81F,0xF81F,0xF81F,0x28A5,0x3A2A,0xF81F,0x1002,0x31EA,
  0x3A4B,0x9D57,0x1906,0x52EE,0x7474,0x7453,0x3A6C,0x10E5,0x9D57,0x4AED,0x426B,0x0801,0x1062,0x4AAC,0xF81F,0xF81F,0xF81F,0xF81F,0xF81F,0xF81F,0xF81F,0xF81F,0x3A4B,0x426C,
  0x10E5,0x426B,0x63F2,0x7454,0x7454,0x6C13,0x31EA,0x426C,0x428C,0x428C,0xF81F,0xF81F,0x1002,0xF81F,0xF81F,0xF81F,0xF81F,0xF81F,0xF81F,0xF81F,0xF81F,0x3A2A,0x4AEE,0x4ACD,
  0x7432,0x6C33,0x7454,0x7454,0x6C34,0x63B1,0x530E,0x5B4F,0x29A8,0xF81F,0xF81F,0xF81F,0xF81F,0xF81F,0xF81F,0xF81F,0xF81F,0xF81F,0xF81F,0xF81F,0x20A6,0x3A4B,0x4ACD,0x7453,
  0x6BF2,0x0000,0x0000,0x63D1,0x63F2,0x428C,0x3A4B,0x1002,0xF81F,0xF81F,0xF81F,0xF81F,0xF81F,0xF81F,0xF81F,0xF81F,0xF81F,0xF81F,0xF81F,0x0842,0x2987,0x4AEE,0x6C33,0x530D,
  0x0000,0x0000,0x10E5,0x63F2,0x5B4F,0x0000,0x18E5,0xF81F,0xF81F,0xF81F,0xF81F,0xF81F,0xF81F,0xF81F,0xF81F,0xF81F,0xF81F,0xF81F,0x2126,0x2987,0x4B0E,0x5B90,0x5B50,0x1906,
  0x422A,0x7453,0x6BF1,0x42AC,0x0000,0x2987,0xF81F,0xF81F,0xF81F,0xF81F,0xF81F,0xF81F,0xF81F,0xF81F,0xF81F,0xF81F,0x1002,0x29C8,0x29A8,0x31E9,0x42AD,0x4AAD,0x0022,0x0042,
  0x428C,0x3A4B,0x31E9,0x29A8,0x29A8,0x28A6,0xF81F,0xF81F,0xF81F,0xF81F,0xF81F,0xF81F,0xF81F,0xF81F,0xF81F,0x31E9,0x29A8,0x4ACD,0x1926,0x1926,0x2146,0x3A2A,0x3A2B,0x31C8,
  0x0001,0x29A8,0x4AAC,0x4AAC,0x2166,0xF81F,0xF81F,0xF81F,0xF81F,0xF81F,0xF81F,0xF81F,0xF81F,0xF81F,0x31C8,0x530E,0x530E,0x31A9,0x29C9,0x2987,0x2946,0x2946,0x2167,0x29A9,
  0x320A,0x532F,0x42AC,0x3A2A,0xF81F,0xF81F,0xF81F,0xF81F,0xF81F,0xF81F,0xF81F,0xF81F,0xF81F,0x320A,0x530E,0x530E,0x31C9,0x4ACD,0x29A8,0x29A8,0x29A8,0x29A8,0x426B,0x52EE,
  0x534F,0x426B,0x3A4B,0xF81F,0xF81F,0xF81F,0xF81F,0xF81F,0xF81F,0xF81F,0xF81F,0xF81F,0x534F,0x532F,0x63D2,0x5B4F,0x29C9,0x3A4B,0x31EA,0x29A8,0x42AC,0x428C,0x4AEE,0x532F,
  0x428C,0x4ACD,0x18A4,0xF81F,0xF81F,0x31A8,0xF81F,0xF81F,0xF81F,0xF81F,0xF81F,0x534F,0x530E,0x5B4F,0x5B70,0x42AC,0x4AED,0x3A6C,0x3A8C,0x3A6B,0x5B70,0x6BD1,0x2147,0x428C,
  0x5B4F,0x2105,0xF81F,0xF81F,0x31A8,0x2967,0xF81F,0xF81F,0xF81F,0xF81F,0x530E,0x534F,0x6BF2,0x5B70,0x63B1,0x6390,0x5B70,0x42AD,0x6390,0x5B90,0x42AD,0x322A,0x6391,0x31C9,
  0x18C3,0xF81F,0xF81F,0x31A8,0x428C,0xF81F,0xF81F,0xF81F,0x1063,0x3A4B,0x63D1,0x6BF2,0x52EE,0x6390,0x5B70,0x5B70,0x5B70,0x5B90,0x6390,0x4ACD,0x63D1,0x6390,0x2188,0x2146,
  0xF81F,0xF81F,0xF81F,0x4AED,0x3A4A,0x1003,0x324B,0x320A,0x31C8,0x5B4F,0x4AED,0x3A4B,0x426C,0x322B,0x63B1,0x5B50,0x4AAD,0x4AEE,0x2167,0x63B1,0x5B90,0x31C9,0x1905,0x320A,
  0xF81F,0xF81F,0x2167,0x3A4B,0x0001,0x532E,0x320A,0x29A8,0x426B,0x63B1,0x31EA,0x0063,0x4AAD,0x5B70,0x52EE,0x5B4F,0x31E9,0x320A,0x6391,0x63B1,0x2967,0x3A2A,0x4ACD,0x0021,
  0xF81F,0xF81F,0x2168,0x0000,0x4AED,0x29C9,0x0000,0x5B90,0x6390,0x6BF1,0x31C8,0x2988,0x320A,0x3A4B,0x31C9,0x0842,0x52EE,0x63B1,0x5B4F,0x1905,0x3A4B,0x4AEE,0x0842,0xF81F,
  0xF81F,0x10C4,0x0000,0x4AED,0x29C9,0x2988,0x2987,0x63B1,0x6370,0x1926,0x2988,0x10C5,0x3A0A,0x320A,0x0021,0x530E,0x63D1,0x428C,0x1925,0x428C,0x428C,0x0862,0xF81F,0xF81F,
  0xF81F,0xF81F,0x3A4B,0x530E,0x29A8,0x2967,0x5BB0,0x6370,0x3A2A,0x10C4,0x1905,0x1905,0x1905,0x0000,0x530E,0x6BF2,0x322A,0x2168,0x3A6C,0x428C,0xF81F,0xF81F,0xF81F,0xF81F,
  0xF81F,0x0001,0x2167,0x29A8,0x0862,0x4AEE,0x532F,0x426B,0x10E4,0x1906,0x1905,0x1905,0x0020,0x5B6F,0x6BD2,0x18E4,0x2167,0x2188,0x0883,0xF81F,0xF81F,0xF81F,0xF81F,0xF81F,
  0xF81F,0x2166,0x29A8,0x0042,0x530E,0x4B0E,0x4AAD,0x0021,0x1926,0x1926,0x1926,0x0000,0x4ACD,0x6C12,0x0882,0x2167,0x0021,0xF81F,0xF81F,0xF81F,0xF81F,0xF81F,0xF81F,0x10E5,
  0x29C9,0x3A4B,0x0041,0x5B4F,0x4ACD,0x31E9,0x0820,0x0020,0x0021,0x0821,0x0021,0x5B70,0x530E,0x0862,0x2167,0x2167,0x3A0A,0xF81F,0xF81F,0xF81F,0xF81F,0x0000,0x2167,0x3209,
  0x2988,0x0042,0x52EE,0x4ACD,0x3A4B,0x0821,0xF81F,0xF81F,0xF81F,0x0000,0x5B4F,0x5B2F,0x0041,0x1905,0x10E6,0x3A4B,0x422B,0xF81F,0xF81F,0xF81F,0xF81F,0x0020,0x0000,0x0000,
  0x3A2A,0x6BF2,0x534F,0x3A2B,0xF81F,0xF81F,0xF81F,0xF81F,0x0000,0x5B90,0x5B90,0x530E,0x0041,0x0841,0x0862,0x1003,0xF81F,0xF81F,0xF81F,0xF81F,0xF81F,0xF81F,0x3A2A,0x5B6F,
  0x63B1,0x63B1,0x2126,0xF81F,0xF81F,0xF81F,0xF81F,0x0802,0x5BB1,0x530E,0x6BF1,0x31C9,0xF81F,0xF81F,0xF81F,0xF81F,0xF81F,0xF81F,0xF81F,0xF81F,0xF81F,0xF81F,0x31C8,0x4A6B,
  0x3A09,0xF81F,0xF81F,0xF81F,0xF81F,0xF81F,0xF81F,0x4ACC,0x0042,0x4A8B,0xF81F,0xF81F,0xF81F,0xF81F
};
static const uint16_t M13[] = {
  0xF81F,0xF81F,0xF81F,0xF81F,0xF81F,0xF81F,0xF81F,0xF81F,0xF81F,0xF81F,0xF81F,0xF81F,0xF81F,0xF81F,0xF81F,0xF81F,0xF81F,0xF81F,0xF81F,0xF81F,0xF81F,0xF81F,0xF81F,0xF81F,
  0xF81F,0xF81F,0xF81F,0xF81F,0xF81F,0xF81F,0xF81F,0xF81F,0xF81F,0xF81F,0x5288,0x5288,0x5289,0x5289,0x5288,0x5268,0xF81F,0xF81F,0xF81F,0xF81F,0xF81F,0xF81F,0xF81F,0xF81F,
  0xF81F,0xF81F,0xF81F,0xF81F,0xF81F,0xF81F,0xF81F,0xF81F,0xF81F,0xF81F,0xF81F,0xF81F,0xF81F,0xF81F,0xF81F,0xF81F,0xF81F,0xF81F,0xF81F,0xF81F,0xF81F,0xF81F,0xF81F,0xF81F,
  0xF81F,0xF81F,0xF81F,0xF81F,0xF81F,0xF81F,0xF81F,0xF81F,0xF81F,0xF81F,0xF81F,0xF81F,0xF81F,0xF81F,0xF81F,0xF81F,0xF81F,0xF81F,0xF81F,0xF81F,0xF81F,0xF81F,0xF81F,0xF81F,
  0xF81F,0xF81F,0xF81F,0xF81F,0xF81F,0xF81F,0xF81F,0xF81F,0xF81F,0x0801,0x73CD,0x73AC,0x73AC,0x6BAB,0x6B8B,0x6B8B,0x6BAB,0x6B8B,0x7BED,0x7BCD,0x1803,0xF81F,0xF81F,0xF81F,
  0xF81F,0xF81F,0xF81F,0xF81F,0xF81F,0xF81F,0xF81F,0xF81F,0xF81F,0xF81F,0xF81F,0xF81F,0xF81F,0xF81F,0xF81F,0xF81F,0xF81F,0xF81F,0xF81F,0xF81F,0xF81F,0xF81F,0xF81F,0xF81F,
  0xF81F,0xF81F,0xF81F,0xF81F,0xF81F,0xF81F,0xF81F,0xF81F,0xF81F,0xF81F,0xF81F,0xF81F,0xF81F,0xF81F,0xF81F,0xF81F,0xF81F,0xF81F,0xF81F,0xF81F,0xF81F,0xF81F,0xF81F,0xF81F,
  0xF81F,0xF81F,0xF81F,0xF81F,0xF81F,0xF81F,0xF81F,0xF81F,0xF81F,0xF81F,0xF81F,0x6B8B,0x6B8B,0x6B8B,0x738C,0x5288,0x52C9,0x5288,0x6B4A,0x634A,0x634A,0x6B6B,0x630A,0xF81F,
  0xF81F,0xF81F,0xF81F,0xF81F,0xF81F,0xF81F,0xF81F,0xF81F,0xF81F,0xF81F,0xF81F,0xF81F,0xF81F,0xF81F,0xF81F,0xF81F,0xF81F,0xF81F,0xF81F,0xF81F,0xF81F,0xF81F,0xF81F,0xF81F,
  0xF81F,0xF81F,0xF81F,0xF81F,0xF81F,0xF81F,0xF81F,0xF81F,0xF81F,0xF81F,0xF81F,0xF81F,0xF81F,0xF81F,0xF81F,0xF81F,0xF81F,0xF81F,0xF81F,0xF81F,0xF81F,0xF81F,0xF81F,0xF81F,
  0xF81F,0xF81F,0xF81F,0xF81F,0xF81F,0xF81F,0xF81F,0xF81F,0xF81F,0xF81F,0xF81F,0xF81F,0x0800,0x634B,0x634B,0x6B4C,0x4A47,0x6B8C,0x6B8B,0x738B,0x738B,0x6B4B,0x6B6B,0x634A,
  0x6B4A,0x0801,0xF81F,0xF81F,0xF81F,0xF81F,0xF81F,0xF81F,0xF81F,0xF81F,0xF81F,0xF81F,0xF81F,0xF81F,0xF81F,0xF81F,0xF81F,0xF81F,0xF81F,0xF81F,0xF81F,0xF81F,0xF81F,0xF81F,
  0xF81F,0xF81F,0xF81F,0xF81F,0xF81F,0xF81F,0xF81F,0xF81F,0xF81F,0xF81F,0xF81F,0xF81F,0xF81F,0xF81F,0xF81F,0xF81F,0xF81F,0xF81F,0xF81F,0xF81F,0xF81F,0xF81F,0xF81F,0xF81F,
  0xF81F,0xF81F,0xF81F,0xF81F,0xF81F,0xF81F,0xF81F,0xF81F,0xF81F,0xF81F,0xF81F,0xF81F,0xF81F,0xF81F,0x0800,0x632B,0x4A47,0x738D,0x6B6C,0x6B8C,0x738C,0x73AC,0x738C,0x41E7,
  0x6B8C,0x4A88,0x630B,0x1001,0xF81F,0xF81F,0xF81F,0xF81F,0xF81F,0xF81F,0xF81F,0xF81F,0xF81F,0xF81F,0xF81F,0xF81F,0xF81F,0xF81F,0xF81F,0xF81F,0xF81F,0xF81F,0xF81F,0xF81F,
  0xF81F,0xF81F,0xF81F,0xF81F,0xF81F,0xF81F,0xF81F,0xF81F,0xF81F,0xF81F,0xF81F,0xF81F,0xF81F,0xF81F,0xF81F,0xF81F,0xF81F,0xF81F,0xF81F,0xF81F,0xF81F,0xF81F,0xF81F,0xF81F,
  0xF81F,0xF81F,0xF81F,0xF81F,0xF81F,0xF81F,0xF81F,0xF81F,0xF81F,0xF81F,0xF81F,0xF81F,0xF81F,0xF81F,0xF81F,0xF81F,0x1021,0x630A,0x39A6,0x4A49,0x4A49,0x5288,0x5AE4,0x5B04,
  0x5AC9,0x5269,0x5269,0x39E7,0x5269,0x0800,0xF81F,0xF81F,0xF81F,0xF81F,0xF81F,0xF81F,0xF81F,0xF81F,0xF81F,0xF81F,0xF81F,0xF81F,0xF81F,0xF81F,0xF81F,0xF81F,0xF81F,0xF81F,
  0xF81F,0xF81F,0xF81F,0xF81F,0xF81F,0xF81F,0xF81F,0xF81F,0xF81F,0xF81F,0xF81F,0xF81F,0xF81F,0xF81F,0xF81F,0xF81F,0xF81F,0xF81F,0xF81F,0xF81F,0xF81F,0xF81F,0xF81F,0xF81F,
  0xF81F,0xF81F,0xF81F,0xF81F,0xF81F,0xF81F,0xF81F,0xF81F,0xF81F,0xF81F,0xF81F,0x1802,0x1002,0x1001,0x632B,0x630A,0x5AA9,0x3145,0x1020,0x4A68,0x528A,0x52AA,0x4A28,0x6323,
  0x52A4,0x52A8,0x4A69,0x4A28,0x4207,0x3165,0x4A28,0x0800,0x3165,0x5289,0x528A,0x5AAA,0x1001,0x1002,0xF81F,0xF81F,0xF81F,0xF81F,0xF81F,0xF81F,0xF81F,0xF81F,0xF81F,0xF81F,
  0xF81F,0xF81F,0xF81F,0xF81F,0xF81F,0xF81F,0xF81F,0xF81F,0xF81F,0xF81F,0xF81F,0xF81F,0xF81F,0xF81F,0xF81F,0xF81F,0xF81F,0xF81F,0xF81F,0xF81F,0xF81F,0xF81F,0xF81F,0xF81F,
  0xF81F,0xF81F,0xF81F,0xF81F,0xF81F,0x31A5,0x3185,0x3165,0x3164,0x3985,0xF81F,0xF81F,0x4207,0x6B6B,0x5B28,0x7407,0x632A,0x5ACA,0x20E3,0x3145,0x0800,0x4A69,0x4A69,0x528A,
  0x4A49,0x5B07,0xAD48,0xB5C3,0x52C4,0x4A68,0x6B6C,0x630B,0x41E7,0x0800,0x3124,0x20A2,0x52C9,0x8428,0x73AB,0x634B,0x73CD,0x4A28,0xF81F,0xF81F,0x2103,0x2103,0x20E3,0x2103,
  0x20E3,0xF81F,0xF81F,0xF81F,0xF81F,0xF81F,0xF81F,0xF81F,0xF81F,0xF81F,0xF81F,0xF81F,0xF81F,0xF81F,0xF81F,0xF81F,0xF81F,0xF81F,0xF81F,0xF81F,0xF81F,0xF81F,0xF81F,0xF81F,
  0xF81F,0xF81F,0xF81F,0xF81F,0x1001,0x634B,0xDF2A,0x738A,0x634B,0x634B,0x6B2B,0x5AEA,0x1881,0x4A69,0x5B0A,0xD709,0xD6C3,0xAD88,0x632A,0x5288,0x20E3,0x3145,0x0800,0x3145,
  0x4A48,0x4A28,0x4A49,0x6B49,0xCE84,0xDF01,0x5AE6,0x4A49,0x4A28,0x4228,0x3145,0x0800,0x2945,0x20C3,0x5ACA,0x632A,0xD6C2,0xC667,0xDF07,0x6B8C,0x20E3,0x1020,0x6B4B,0x632B,
  0x5AEA,0x5B0A,0x73C7,0xC687,0x630B,0x1021,0xF81F,0xF81F,0xF81F,0xF81F,0xF81F,0xF81F,0xF81F,0xF81F,0xF81F,0xF81F,0xF81F,0xF81F,0xF81F,0xF81F,0xF81F,0xF81F,0xF81F,0xF81F,
  0xF81F,0xF81F,0xF81F,0xF81F,0x0800,0x632B,0x634A,0x8446,0xDF27,0x8429,0x634C,0x634C,0x634B,0x3124,0x2082,0x634D,0x6B87,0xA502,0x7BC7,0xCE86,0x634B,0x28E3,0x3144,0x3165,
  0x1040,0x1861,0x18A2,0x2903,0x4A28,0x4A48,0x5286,0x5AA7,0x5289,0x4A49,0x18C2,0x1881,0x1041,0x0800,0x2965,0x20E3,0x2903,0x634C,0x73C4,0x8C8A,0x73C6,0x94C9,0x630B,0x1881,
  0x4A28,0x6B4C,0x632B,0x632B,0x73A6,0xB5C6,0x6BA5,0x73AB,0x6B6A,0x1803,0xF81F,0xF81F,0xF81F,0xF81F,0xF81F,0xF81F,0xF81F,0xF81F,0xF81F,0xF81F,0xF81F,0xF81F,0xF81F,0xF81F,
  0xF81F,0xF81F,0xF81F,0xF81F,0xF81F,0xF81F,0x73CA,0x632C,0x8468,0x73A5,0x9CE4,0xB5E5,0x6B4C,0x632C,0x634C,0x2903,0x28C2,0x634C,0x6B8B,0x6B88,0x5AE9,0x5B0B,0x630B,0x20A2,
  0x3165,0x3986,0x1041,0x4A48,0x1060,0xDF03,0x62E2,0x41A6,0x39A6,0x41E7,0x20C3,0x6B84,0xCF05,0x20C0,0x4207,0x0800,0x3986,0x2924,0x1040,0x6B4D,0x632C,0x632B,0x634A,0x7BE7,
  0x632B,0x1882,0x4207,0x634C,0x630B,0x634A,0xA562,0x9CE5,0x94A6,0x7389,0x738C,0x3A02,0xF81F,0xF81F,0xF81F,0xF81F,0xF81F,0xF81F,0xF81F,0xF81F,0xF81F,0xF81F,0xF81F,0xF81F,
  0xF81F,0xF81F,0xF81F,0xF81F,0xF81F,0xF81F,0xF81F,0x39C7,0x9D43,0x632B,0x8C67,0x7389,0x6B88,0x6B68,0x632C,0x632B,0x6B2C,0x1020,0x5249,0x632B,0xBDEA,0xBDC3,0xBDE4,0x73A3,
  0x5B2B,0x20A2,0x3165,0x1840,0x1840,0x5269,0x5AEA,0x2920,0x1080,0x0820,0x5289,0x5289,0x1041,0x0840,0x2120,0x5AEA,0x41E7,0x1040,0x1841,0x3145,0x1861,0x632B,0x6BC3,0xCE86,
  0xBE24,0xB5C8,0x632B,0x39A6,0x0800,0x630B,0x630B,0x632B,0x6B47,0x6B87,0x73AA,0x94E6,0x634A,0x73E0,0x4207,0xF81F,0xF81F,0xF81F,0xF81F,0xF81F,0xF81F,0xF81F,0xF81F,0xF81F,
  0xF81F,0xF81F,0xF81F,0xF81F,0xF81F,0xF81F,0xF81F,0xF81F,0xF81F,0x4A69,0x634B,0xCEC3,0x8447,0xCEA8,0xBE07,0xB5C9,0x632B,0x632B,0x41E7,0x0820,0x4208,0x5AEB,0x6329,0x73C0,
  0x6B67,0x5ACA,0x630B,0x20A2,0x3165,0x1840,0x1840,0x28A2,0x31A5,0x632B,0x5ACA,0x1020,0x52A9,0x4A69,0x1041,0x39A6,0x4A28,0x3986,0x1861,0x1820,0x1840,0x3165,0x1061,0x5B2B,
  0x630A,0x6328,0xB5C3,0x630A,0x5AEB,0x3186,0x0800,0x52AA,0x630B,0x630B,0xB5A8,0xB5C8,0xD705,0x8C48,0xD6C5,0x52A9,0x4A48,0xF81F,0xF81F,0xF81F,0xF81F,0xF81F,0xF81F,0xF81F,
  0xF81F,0xF81F,0xF81F,0xF81F,0xF81F,0xF81F,0xF81F,0xF81F,0xF81F,0xF81F,0x3986,0x528A,0x5B0B,0xDF04,0x6B6C,0xAD49,0x73C5,0x5B08,0x630B,0x5AEB,0x18A2,0x0820,0x41E7,0x52AA,
  0x5AEA,0xD685,0xBE0A,0x52CA,0x39C6,0x2081,0x3165,0x1840,0x1841,0x4A27,0x28E3,0x3186,0x39A6,0x28E3,0x0000,0x0800,0x18A2,0x3165,0x2945,0x3145,0x4A48,0x1020,0x1840,0x3145,
  0x1861,0x52CA,0x5ACA,0x7BE3,0x6340,0x5B0A,0x5AEB,0x3986,0x0800,0x3145,0x62EB,0x630B,0x6308,0x8C46,0xAD69,0x6B4C,0xD6C4,0x52A8,0x4A48,0x5229,0xF81F,0xF81F,0xF81F,0xF81F,
  0xF81F,0xF81F,0xF81F,0xF81F,0xF81F,0xF81F,0xF81F,0xF81F,0xF81F,0xF81F,0xF81F,0xF81F,0x5AAA,0x52A9,0x52CA,0xD6A2,0x5AE9,0x52CA,0x5B0B,0x5AEB,0x41E7,0x41E7,0x2904,0x1040,
  0x41C7,0x528A,0x52AA,0x4A6A,0x4A69,0x5289,0x39A6,0x1820,0x2924,0x1020,0x1881,0x5269,0x28E3,0x3945,0x3965,0x28E3,0x20A2,0x18A2,0x3145,0x3124,0x3124,0x28E3,0x52A9,0x1040,
  0x1861,0x3125,0x1040,0x4A69,0x5ACA,0x5AEB,0x5AEB,0x52A9,0x5ACA,0x3165,0x0820,0x3986,0x3165,0x3986,0x630B,0x5ACB,0x5AEB,0x4A63,0xC640,0x5AC7,0x5268,0x5248,0xF81F,0xF81F,
  0xF81F,0xF81F,0xF81F,0xF81F,0xF81F,0xF81F,0xF81F,0xF81F,0xF81F,0xF81F,0xF81F,0xF81F,0xF81F,0xF81F,0x5289,0xB5A9,0xB5A6,0x6343,0xBDC8,0x4A48,0x528A,0x41E7,0x4228,0x3A07,
  0x3986,0x1840,0x28E3,0x528A,0x52AA,0x39A6,0x39A6,0x39A6,0x3165,0x41C7,0x2904,0x3104,0x2061,0x39A6,0x6B2C,0x1841,0x736D,0x738D,0x738D,0x738D,0x738D,0x840F,0x1020,0x52AA,
  0x3986,0x0800,0x2904,0x20C3,0x41E8,0x39C7,0x39A7,0x39E7,0x39C7,0x4208,0x41E8,0x28E3,0x1020,0x39C7,0x39E7,0x4208,0x3165,0x528A,0x5289,0x9D22,0x62E4,0xBE07,0xB5A8,0x5269,
  0xF81F,0xF81F,0xF81F,0xF81F,0xF81F,0xF81F,0xF81F,0xF81F,0xF81F,0xF81F,0xF81F,0xF81F,0xF81F,0xF81F,0xF81F,0xF81F,0x4A49,0xDF26,0x62E5,0x4A48,0x4A49,0x3986,0x2924,0x4208,
  0x41E7,0x41E7,0x39C7,0x1820,0x20A2,0x1862,0x3165,0x4208,0x4A69,0x4228,0x4228,0x4228,0x1881,0x2924,0x1820,0x49E7,0x4207,0x52CA,0x4A8A,0x3A08,0x39E7,0x41E7,0x4228,0x4228,
  0x52AA,0x39C6,0x2904,0x0800,0x3124,0x20C3,0x4208,0x4A49,0x4207,0x4A29,0x39A6,0x3986,0x28C3,0x1861,0x1040,0x41C7,0x3986,0x3186,0x39A6,0x3125,0x5269,0x4A28,0x4A68,0x6304,
  0xEF48,0x4A28,0xF81F,0xF81F,0xF81F,0xF81F,0xF81F,0xF81F,0xF81F,0xF81F,0xF81F,0xF81F,0xF81F,0xF81F,0xF81F,0xF81F,0xF81F,0xF81F,0x4208,0x4207,0x4208,0x4228,0x3986,0x2904,
  0x4A49,0x39A6,0x39A6,0x3104,0x3986,0x3145,0x1041,0x18A2,0x20A2,0x3965,0x3965,0x41C7,0x4A28,0x5269,0x1881,0x20E3,0x3124,0x0800,0x3165,0x2924,0x52AA,0x4A48,0x5AEB,0x39E6,
  0x41E7,0x41E7,0x20C3,0x3165,0x1882,0x20E3,0x28E3,0x3124,0x4208,0x3165,0x3986,0x41C7,0x3145,0x1061,0x1041,0x1840,0x2945,0x3165,0x3145,0x41C7,0x39A7,0x3986,0x3104,0x4208,
  0x4228,0x4A27,0x4228,0x39E7,0xF81F,0xF81F,0xF81F,0xF81F,0xF81F,0xF81F,0xF81F,0xF81F,0xF81F,0xF81F,0xF81F,0xF81F,0xF81F,0xF81F,0xF81F,0xF81F,0x39C7,0x4208,0x4208,0x39E7,
  0x3986,0x4208,0x3986,0x3124,0x3986,0x2924,0x2945,0x3145,0x1882,0x5ACB,0x5B0B,0x5AEB,0x52AA,0x1881,0x1881,0x2904,0x2903,0x1881,0x28E3,0x20C3,0x3104,0x3104,0x5AAA,0x41E7,
  0x41C7,0x3966,0x41C7,0x4A69,0x28E3,0x1020,0x2904,0x2904,0x1041,0x3945,0x28E3,0x1061,0x1020,0x39C7,0x632C,0x52AA,0x4A89,0x1861,0x3125,0x3165,0x3124,0x41A7,0x3986,0x3986,
  0x4A08,0x18A2,0x4207,0x4208,0x4A28,0x39A6,0xF81F,0xF81F,0xF81F,0xF81F,0xF81F,0xF81F,0xF81F,0xF81F,0xF81F,0xF81F,0xF81F,0xF81F,0xF81F,0xF81F,0xF81F,0x1882,0x20E3,0x39E7,
  0x4208,0x3165,0x41E7,0x28E3,0x39A7,0x39A6,0x2082,0x3165,0x3145,0x3965,0x4A08,0x39C7,0x4207,0x4A69,0x52CA,0x5AEB,0x4A49,0x4228,0x39C7,0x1040,0x1840,0x20A2,0x1840,0x1840,
  0x1040,0x1020,0x1020,0x1820,0x1040,0x1040,0x1840,0x1881,0x20A2,0x1041,0x2103,0x39A6,0x3185,0x52AA,0x632C,0x5ACA,0x4207,0x4207,0x4A28,0x3186,0x3145,0x3124,0x4228,0x20C3,
  0x3965,0x3965,0x39E7,0x4A29,0x5249,0x4208,0x3166,0x3125,0x0800,0xF81F,0xF81F,0xF81F,0xF81F,0xF81F,0xF81F,0xF81F,0xF81F,0xF81F,0xF81F,0xF81F,0xF81F,0xF81F,0x1002,0x4A48,
  0x2062,0x3165,0x3165,0x41C7,0x3186,0x20C3,0x3986,0x20C3,0x3186,0x3145,0x3965,0x1041,0x4208,0x2944,0x41E4,0xD687,0x4A48,0x4A48,0x4A69,0x5B0B,0x5B0B,0x5B0B,0x5249,0x4A28,
  0x1861,0x2061,0x1860,0x1861,0x1861,0x1861,0x1841,0x1861,0x1861,0x1841,0x4A28,0x630C,0x630B,0x5AEB,0x632B,0x4A68,0x4A48,0x5268,0xDEE7,0x5AC6,0x39E7,0x39A7,0x1840,0x3965,
  0x3145,0x3186,0x4A49,0x2925,0x3165,0x39E7,0x2104,0x3104,0x3124,0x0800,0x41E7,0x1001,0xF81F,0xF81F,0xF81F,0xF81F,0xF81F,0xF81F,0xF81F,0xF81F,0xF81F,0xF81F,0xF81F,0xF81F,
  0x4A85,0x52A9,0x3965,0x1020,0x3145,0x3165,0x2945,0x3145,0x28E4,0x41C7,0x2945,0x2924,0x3145,0x0800,0x3125,0x41E7,0x4A46,0xE724,0x4A43,0x73A5,0x5AE4,0x4227,0x4A48,0x5289,
  0x5289,0x52A9,0x5ACA,0x39A6,0x1882,0x1041,0x1841,0x1841,0x1841,0x1040,0x4207,0x5ACA,0x5ACA,0x5289,0x4A48,0x5268,0x4A48,0x6343,0xDEE9,0x8C66,0x9CC5,0x4A47,0x39E7,0x3986,
  0x1020,0x3965,0x2925,0x2924,0x3166,0x31A6,0x3186,0x3186,0x3986,0x28C3,0x1841,0x2904,0x73C9,0x41E7,0xF81F,0xF81F,0xF81F,0xF81F,0xF81F,0xF81F,0xF81F,0xF81F,0xF81F,0xF81F,
  0xF81F,0xF81F,0x52E7,0xB5C5,0x4206,0x3124,0x0820,0x1061,0x3145,0x3165,0x2924,0x2945,0x2904,0x2904,0x0000,0x0800,0x3145,0x4208,0x4A47,0x9CA7,0xC605,0x5285,0xB5A0,0x4A46,
  0x6B83,0xAD82,0xAD41,0x5285,0x4A47,0x4A68,0x5269,0x3185,0x1041,0x1040,0x3165,0x4A07,0x4A27,0x4A27,0x6B65,0x94E1,0x94E2,0x6324,0x4A46,0xADA5,0x5285,0xA524,0x7367,0x4227,
  0x39C6,0x3146,0x0000,0x0000,0x2904,0x2924,0x3125,0x3145,0x3165,0x3145,0x28C3,0x1821,0x3104,0x3A05,0xAD81,0x5288,0xF81F,0xF81F,0xF81F,0xF81F,0xF81F,0xF81F,0xF81F,0xF81F,
  0xF81F,0xF81F,0xF81F,0xF81F,0x632A,0x5B04,0xAD66,0x4A28,0x3985,0x1020,0x1020,0x20C2,0x2904,0x2904,0x2904,0x1020,0x1020,0x1020,0x3165,0x4207,0x4225,0xCE62,0x4A66,0x5286,
  0x94C5,0x4A46,0x7C21,0xF7C1,0x7BC0,0xEF63,0xE704,0xD685,0x4A48,0x4A48,0x3165,0x3986,0x41E7,0x4A46,0xB5C6,0xDF04,0xE763,0x6B61,0xDF40,0x73C2,0x4A67,0x6B46,0x5287,0x5AC3,
  0xBE02,0x41E5,0x39A6,0x3145,0x0800,0x0820,0x1861,0x2904,0x28E3,0x28E4,0x1861,0x1020,0x1821,0x28C3,0x5269,0xD707,0x6323,0x5287,0xF81F,0xF81F,0xF81F,0xF81F,0xF81F,0xF81F,
  0xF81F,0xF81F,0xF81F,0xF81F,0xF81F,0x4224,0x8425,0x7BE0,0x6328,0xBE29,0x5ACA,0x2904,0x20C3,0x1882,0x0820,0x0820,0x1020,0x1020,0x1020,0x1040,0x3145,0x39A6,0x41E6,0x5282,
  0x6B40,0x8401,0x8403,0x4A67,0x7C00,0x5AA2,0xB5A5,0x4227,0x5264,0xCE84,0x5AC5,0x5288,0x39A6,0x41C7,0x39E7,0x4A24,0xB5A4,0x5244,0x5267,0x9D24,0x8423,0x73A1,0x5267,0x8C64,
  0xD684,0x8C41,0x5281,0x41E6,0x39A6,0x1061,0x0820,0x1020,0x1020,0x1020,0x0820,0x0820,0x20A2,0x20C3,0x3986,0x52C9,0x6BE1,0x6B25,0x94E2,0x8C46,0x5AA8,0xF81F,0xF81F,0xF81F,
  0xF81F,0xF81F,0xF81F,0xF81F,0xF81F,0xF81F,0xF81F,0x4242,0xCEA4,0xDF07,0xB5A6,0x5AE8,0x52AA,0x20E3,0x3186,0x3145,0x20C3,0x28C3,0x28C3,0x1841,0x1020,0x1020,0x0800,0x2904,
  0x4206,0x94A0,0xBDC5,0x5AC4,0x5246,0x4A26,0x5AE3,0xC628,0xC625,0xBDE6,0x5246,0xCE64,0x5AA5,0x5266,0x3984,0x39C6,0x4207,0x4A25,0xB586,0x4A47,0xC664,0xC642,0xCE66,0x5286,
  0x5247,0x5266,0x6B44,0xA502,0xDF25,0x41E5,0x3986,0x0820,0x0820,0x0820,0x1020,0x20A3,0x1882,0x28E3,0x39A6,0x3186,0x2903,0x5AC9,0x73E3,0x5B40,0xD6E5,0x8C61,0x62A7,0xF81F,
  0xF81F,0xF81F,0xF81F,0xF81F,0xF81F,0xF81F,0xF81F,0xF81F,0x0800,0x3A02,0x9CC6,0x8426,0xCE42,0x5AE9,0x41E7,0x4A69,0x4208,0x2965,0x3186,0x2903,0x3104,0x1040,0x1020,0x1803,
  0x1000,0x28E3,0x39A6,0x4206,0x7BC3,0xD6C0,0x8422,0x39A5,0x41E5,0x4207,0x4A47,0xDEE3,0x5287,0xD6A5,0x5264,0x4A26,0x2903,0x3144,0x3985,0x5265,0xB5A6,0x5A88,0x8421,0x52A8,
  0x5AA6,0x4A25,0x41E5,0xDEE5,0xDF01,0xBDE8,0x5267,0x39A6,0x3965,0x1001,0x1803,0x0820,0x0820,0x20A3,0x3165,0x39C7,0x3186,0x4228,0x528A,0x3185,0x52A6,0xC643,0x7385,0x9486,
  0x3982,0x0820,0xF81F,0xF81F,0xF81F,0xF81F,0xF81F,0xF81F,0x1802,0x62EB,0x4A28,0x20A2,0x5A89,0x5AE3,0x6322,0x5AEA,0x2964,0x4A69,0x3186,0x3145,0x2904,0x2903,0x28E3,0x0820,
  0x0000,0xF81F,0xF81F,0x1020,0x28E3,0x3986,0x41E6,0x4202,0xCE44,0x39C2,0x31C1,0x8443,0x5245,0xCE62,0x5A87,0xB5A4,0x41E5,0x41C6,0x1040,0x3144,0x39A6,0x4A25,0xAD66,0x5A88,
  0xAD81,0x4A65,0xD6C1,0x4A43,0x4202,0xDF04,0x41E2,0x41E6,0x3145,0x1841,0x1020,0xF81F,0xF81F,0x0000,0x1041,0x3145,0x2904,0x20A3,0x3166,0x3186,0x4228,0x3145,0x5287,0xA544,
  0x52A4,0x4A07,0x1020,0x5269,0x630C,0x1803,0xF81F,0xF81F,0xF81F,0xF81F,0x0840,0x630B,0x52AA,0x1020,0x3986,0x4228,0x4A89,0x5289,0x4228,0x4228,0x4208,0x2903,0x3965,0x28E3,
  0x2904,0x0000,0xF81F,0xF81F,0xF81F,0x1020,0x1040,0x3945,0x3145,0x3985,0x3163,0x39C6,0x4206,0x5A67,0x62C2,0xAD68,0x4A47,0x73A4,0x39C5,0x39A5,0x1040,0x1040,0x3985,0x41E6,
  0x6B44,0x4A26,0xBDC4,0x4A25,0x41E6,0x39C6,0x39C5,0x3184,0x3145,0x3965,0x1040,0x1000,0x1000,0xF81F,0xF81F,0xF81F,0x0820,0x3125,0x28E4,0x20A2,0x1882,0x3986,0x39C7,0x3145,
  0x4A69,0x4A48,0x4A28,0x0800,0x1841,0x5AAA,0x630B,0x0800,0xF81F,0xF81F,0xF81F,0x1001,0x4A88,0x5B0A,0x5AEB,0x0841,0x1020,0x4A07,0x4A49,0x5269,0x4207,0x4208,0x3145,0x3165,
  0x3144,0x3103,0x2903,0x0800,0xF81F,0xF81F,0xF81F,0x1000,0x1881,0x1020,0x1020,0x3966,0x3945,0x39A6,0x41C6,0x39C6,0x4206,0x4206,0x3165,0x3185,0x39A6,0x1840,0x1840,0x1040,
  0x20C2,0x3186,0x3985,0x39A6,0x39C6,0x39A6,0x39A6,0x39A6,0x3185,0x2903,0x20C3,0x0800,0x1000,0x3124,0x2082,0xF81F,0xF81F,0xF81F,0x1040,0x20C3,0x3124,0x41C7,0x20A3,0x39C7,
  0x39C7,0x2945,0x4A49,0x41E7,0x0800,0x0800,0x18A2,0x630B,0x632B,0x5ACA,0x1002,0xF81F,0xF81F,0x1001,0x4225,0x8C46,0x630B,0x5AEB,0x5AAB,0x1841,0x2082,0x28E3,0x39C6,0x39E7,
  0x3166,0x3124,0x3145,0x28E3,0x1821,0xF81F,0xF81F,0xF81F,0xF81F,0x0800,0x2904,0x3145,0x20A2,0x20A2,0x20A2,0x0820,0x1020,0x1020,0x1000,0x0800,0x1020,0x1840,0x1840,0x1861,
  0x1060,0x1040,0x28E3,0x1840,0x1020,0x0800,0x0800,0x0820,0x0800,0x0820,0x0820,0x1882,0x1881,0x2924,0x3165,0x2903,0x1040,0xF81F,0xF81F,0xF81F,0xF81F,0x1021,0x20A2,0x3125,
  0x3105,0x41C7,0x41E7,0x2924,0x3104,0x28E4,0x0800,0x0840,0x4A69,0x630B,0x73C6,0x52A7,0x1002,0xF81F,0xF81F,0x1002,0x5284,0xA504,0x5B0A,0x5B0B,0x5AEB,0x0820,0x1040,0x0820,
  0x18A2,0x2904,0x20E3,0x28C2,0x28C3,0x1040,0x2002,0xF81F,0xF81F,0xF81F,0xF81F,0xF81F,0x2063,0x3124,0x3165,0x39A6,0x2944,0x0820,0x1061,0x20C2,0x20E3,0x2945,0x3185,0x39A6,
  0x41E7,0x39C7,0x1060,0x39C6,0x3986,0x39C6,0x41C6,0x3185,0x3185,0x3185,0x2904,0x20C3,0x0840,0x3145,0x39C7,0x3186,0x2904,0x1021,0xF81F,0xF81F,0xF81F,0xF81F,0xF81F,0x1001,
  0x1020,0x20E3,0x28C3,0x2904,0x2924,0x2082,0x1841,0x0820,0x20C3,0x4A69,0x62EB,0x5AE8,0x9CE0,0x7C06,0x1843,0xF81F,0xF81F,0x5289,0x94A8,0xCE27,0xD686,0x5ACA,0x5AEA,0x5AEB,
  0x18C2,0x0820,0x1841,0x1000,0x1020,0x1000,0x1020,0x1861,0x2061,0xF81F,0xF81F,0xF81F,0xF81F,0xF81F,0xF81F,0x2082,0x2904,0x2924,0x39C7,0x1040,0x1861,0x3986,0x3165,0x39A6,
  0x3165,0x3165,0x3165,0x3145,0x1040,0x1861,0x3145,0x3166,0x3186,0x3165,0x3166,0x3145,0x3145,0x20C3,0x1020,0x4A49,0x3165,0x2924,0x1882,0x1802,0xF81F,0xF81F,0xF81F,0xF81F,
  0xF81F,0x2924,0x1021,0x1020,0x1020,0x1020,0x1020,0x1020,0x1020,0x3986,0x62EC,0x5ACA,0x5AEA,0xB5A4,0x7BC0,0x8403,0x5AC9,0xF81F,0xF81F,0x52A9,0x7386,0x9465,0x7360,0x5AEA,
  0x5AEA,0x52AA,0x52AA,0x5AEB,0x2944,0x3145,0x3145,0x2924,0x39C6,0x4A49,0x3104,0xF81F,0xF81F,0xF81F,0xF81F,0xF81F,0xF81F,0x1002,0x1020,0x3104,0x20E3,0x1840,0x1860,0x3124,
  0x3125,0x39A6,0x39A6,0x3186,0x3145,0x2904,0x0800,0x1040,0x2924,0x3145,0x3966,0x3986,0x4186,0x3145,0x3986,0x20A2,0x1840,0x2904,0x2904,0x2924,0x0000,0xF81F,0xF81F,0xF81F,
  0xF81F,0xF81F,0xF81F,0x3145,0x4208,0x4A28,0x2904,0x2904,0x3104,0x41C7,0x5ACA,0x630B,0x5ACA,0x5AEA,0x5AEA,0xA523,0x73A0,0x6304,0x4A68,0xF81F,0xF81F,0x52EA,0x7BE6,0x8443,
  0x6309,0xD6A7,0x52A7,0x632B,0x52CA,0x39E7,0x4A28,0x4208,0x4A08,0x41E7,0x4A28,0x3124,0x3104,0xF81F,0xF81F,0xF81F,0xF81F,0xF81F,0xF81F,0xF81F,0x1001,0x1020,0x1861,0x20C3,
  0x20A2,0x1881,0x1881,0x18A2,0x1881,0x1061,0x1861,0x1041,0x0820,0x0820,0x0820,0x1041,0x1061,0x1881,0x2081,0x2081,0x1040,0x28C3,0x3124,0x1020,0x1040,0x2002,0xF81F,0xF81F,
  0xF81F,0xF81F,0xF81F,0xF81F,0xF81F,0x3124,0x3104,0x41C7,0x41E7,0x4208,0x4A49,0x3966,0x39C6,0x5ACA,0x630A,0x6328,0x8C65,0x6329,0xB5A5,0x6305,0x4A67,0xF81F,0xF81F,0x6308,
  0x8402,0x6325,0x5AE9,0xEF45,0x6324,0xDEE2,0x52A6,0x20E3,0x3145,0x2904,0x3983,0x3124,0x2904,0x2904,0x28E3,0xF81F,0xF81F,0xF81F,0xF81F,0xF81F,0xF81F,0xF81F,0xF81F,0x1882,
  0x39A6,0x41E7,0x2904,0x1840,0x3965,0x3145,0x2924,0x3165,0x2945,0x3165,0x1882,0x1041,0x2924,0x2925,0x39A6,0x41C7,0x3945,0x3965,0x1040,0x3145,0x3986,0x49E7,0x4186,0xF81F,
  0xF81F,0xF81F,0xF81F,0xF81F,0xF81F,0xF81F,0xF81F,0x3124,0x3123,0x2904,0x3144,0x3985,0x3144,0x3125,0x3165,0x4A64,0xD6E3,0x6342,0xDF04,0x62C8,0x6B66,0xCE85,0x73CA,0xF81F,
  0x39E7,0x5AC5,0xC642,0x5B09,0x5AE6,0xE708,0xEF4B,0x7386,0x52AA,0x2904,0x3145,0x8C83,0xE6E1,0x8404,0x8407,0x2904,0x20E3,0xF81F,0xF81F,0xF81F,0xF81F,0xF81F,0xF81F,0xF81F,
  0x28C3,0x1841,0x3125,0x39A6,0x2904,0x1020,0x3186,0x39A7,0x3166,0x3186,0x3165,0x3166,0x1061,0x1041,0x3165,0x2965,0x3165,0x3165,0x2945,0x3145,0x0820,0x3145,0x3966,0x3124,
  0x1020,0x1882,0xF81F,0xF81F,0xF81F,0xF81F,0xF81F,0xF81F,0xF81F,0x2924,0x2904,0x5AE4,0x8444,0xE762,0x6B62,0x3145,0x39A6,0x4A49,0x6B46,0xEFA5,0xD6E8,0x7BE7,0x6309,0xEF64,
  0x6B68,0x4206,0x4206,0x52C7,0x7BE4,0x5AE9,0x7383,0x8C61,0x6B63,0x7BE6,0x4A48,0x2904,0x3144,0xE703,0x3182,0x3163,0x2941,0x2924,0x1802,0xF81F,0xF81F,0xF81F,0xF81F,0xF81F,
  0xF81F,0xF81F,0x2904,0x3144,0x1840,0x20A2,0x3145,0x0800,0x0820,0x3145,0x3145,0x3145,0x3145,0x3166,0x1040,0x1841,0x3145,0x2924,0x3166,0x3166,0x3125,0x0820,0x0820,0x2904,
  0x3124,0x1040,0x20A2,0x20C3,0xF81F,0xF81F,0xF81F,0xF81F,0xF81F,0xF81F,0xF81F,0x2003,0x2904,0x2922,0x2942,0x39A3,0xEFA3,0x3145,0x41C7,0x4A49,0xA568,0x6B25,0xB5A7,0x9CE5,
  0x62E8,0x73A4,0x6328,0x39C5,0x5289,0x5B04,0x8C66,0x630A,0x62E9,0x9484,0x9487,0x5AC9,0x4208,0x20A3,0x2901,0xE703,0x5AC2,0xA566,0x3145,0x3124,0xF81F,0xF81F,0xF81F,0xF81F,
  0xF81F,0xF81F,0xF81F,0xF81F,0x20C3,0x3145,0x3986,0x1881,0x0800,0x0800,0x0800,0x20C3,0x2924,0x2924,0x2904,0x28C3,0x1040,0x1840,0x2903,0x2904,0x2903,0x2924,0x0841,0x0800,
  0x0820,0x0820,0x0840,0x39C7,0x2904,0x18A2,0xF81F,0xF81F,0xF81F,0xF81F,0xF81F,0xF81F,0xF81F,0xF81F,0x2903,0x2904,0x5AE0,0x5282,0xF7C3,0x3164,0x4186,0x41E8,0x6309,0x6B46,
  0xC644,0x62E8,0x6309,0x73A4,0x6305,0x41E6,0x5288,0xF7C5,0x73A3,0x6329,0x62E9,0x6309,0xD684,0x52A9,0x3986,0x20A1,0x4200,0x5280,0x5AC0,0x5283,0x3145,0x18A2,0xF81F,0xF81F,
  0xF81F,0xF81F,0xF81F,0xF81F,0xF81F,0xF81F,0x20C3,0x28E3,0x2904,0x2904,0x39C7,0x41C7,0x2924,0x2944,0x0820,0x1040,0x1040,0x1840,0x1040,0x1840,0x1860,0x1040,0x1040,0x1020,
  0x2904,0x39C7,0x41E8,0x2904,0x2904,0x28E4,0x2904,0x1081,0xF81F,0xF81F,0xF81F,0xF81F,0xF81F,0xF81F,0xF81F,0xF81F,0x1882,0x2924,0x4200,0x5280,0x5280,0x39C0,0x3104,0x30E4,
  0x6327,0xCE83,0x632A,0x6309,0x6349,0x6B42,0xDF05,0x49E6,0x5289,0xF785,0x73C4,0x6B64,0xEF46,0x62E8,0x52A8,0x4A48,0x2904,0x28E3,0x3143,0x52C0,0xDF05,0x3164,0x3145,0x1021,
  0xF81F,0xF81F,0xF81F,0xF81F,0xF81F,0xF81F,0xF81F,0xF81F,0x0820,0x0820,0x2904,0x28E4,0x2904,0x2924,0x3104,0x2904,0x3165,0x39C6,0x39C6,0x39C6,0x39A6,0x39A6,0x39A6,0x39A5,
  0x4A28,0x4208,0x3145,0x2924,0x3125,0x2904,0x2904,0x28E3,0x28E3,0x0820,0xF81F,0xF81F,0xF81F,0xF81F,0xF81F,0xF81F,0xF81F,0xF81F,0x1862,0x3144,0x3161,0xDEE8,0xCE67,0x2920,
  0x28E3,0x28C3,0x5AC9,0x7BE7,0x6B46,0xCE88,0x7C03,0x6B64,0xDEC5,0x4A06,0x52A9,0xE6E6,0x9CE4,0x52C4,0xD6A5,0x5AC7,0x5289,0x39A6,0x3145,0x3986,0x2944,0x39E3,0x4A63,0x3165,
  0x3145,0x1021,0xF81F,0xF81F,0xF81F,0xF81F,0xF81F,0xF81F,0xF81F,0x0000,0x28E3,0x0820,0x0820,0x1881,0x20C3,0x2904,0x2904,0x3104,0x1020,0x4208,0x4A08,0x4208,0x4208,0x4228,
  0x4228,0x4A28,0x3966,0x2965,0x2904,0x2904,0x2904,0x28E3,0x1882,0x0820,0x1061,0x1882,0x1041,0xF81F,0xF81F,0xF81F,0xF81F,0xF81F,0xF81F,0xF81F,0x1861,0x3144,0x3165,0x6B23,
  0x3183,0x39A6,0x2904,0x2904,0x5289,0x5289,0x6347,0xEFA6,0x7BE5,0x8422,0xE708,0x4A06,0x4A28,0x52A8,0x5AE6,0x62E8,0xE6E3,0xC606,0x52C7,0x5289,0x3165,0x4240,0xAD86,0x52E1,
  0x3163,0x2924,0x2904,0xF81F,0xF81F,0xF81F,0xF81F,0xF81F,0xF81F,0xF81F,0x1802,0x3145,0x4A29,0x4228,0x3165,0x1020,0x0820,0x1040,0x3985,0x3145,0x1841,0x3125,0x2905,0x3125,
  0x3166,0x3145,0x39A6,0x41A7,0x3125,0x3125,0x28E3,0x2904,0x0820,0x1020,0x1041,0x4A28,0x4207,0x41E7,0x39A6,0x2003,0xF81F,0xF81F,0xF81F,0xF81F,0xF81F,0xF81F,0xF81F,0x2903,
  0x2924,0x5264,0x3180,0xD6E7,0x6B47,0x2925,0x4A69,0x5287,0xE728,0xE745,0x6309,0x6B27,0x5AA7,0x41C6,0xF81F,0x39C6,0x4A68,0x6308,0xE6E3,0xB567,0x5AE8,0x52AA,0x3145,0x5AC1,
  0xB580,0x9D03,0x2945,0x2924,0x2904,0xF81F,0xF81F,0xF81F,0xF81F,0xF81F,0xF81F,0xF81F,0x3986,0x39C7,0x4248,0x4228,0x4208,0x4208,0x2904,0x3104,0x1040,0x20A2,0x1040,0x2904,
  0x3125,0x3125,0x3125,0x3125,0x28E3,0x3125,0x3125,0x20C2,0x1040,0x1020,0x1061,0x2924,0x39E7,0x4A49,0x4A48,0x4A69,0x4208,0x3965,0xF81F,0xF81F,0xF81F,0xF81F,0xF81F,0xF81F,
  0xF81F,0x2924,0x2924,0x2924,0xB5C2,0xDF23,0x7389,0x3145,0x5289,0x52A8,0xDEEA,0xE725,0x5AC9,0x5AA9,0x41C6,0xF81F,0xF81F,0x0820,0x0800,0x5B09,0x7386,0x5AE9,0x5AE9,0x4A69,
  0x3145,0x3181,0xFFC0,0x3164,0x2945,0x3124,0x0820,0xF81F,0xF81F,0xF81F,0xF81F,0xF81F,0xF81F,0xF81F,0x39C6,0x4208,0x4228,0x4228,0x4208,0x4228,0x4A49,0x1882,0x2903,0x1040,
  0x1040,0x2903,0x2924,0x3125,0x3125,0x3125,0x3145,0x2904,0x2903,0x1040,0x1840,0x28C3,0x28E3,0x4228,0x4228,0x4A28,0x41C7,0x3185,0x4A48,0x3985,0xF81F,0xF81F,0xF81F,0xF81F,
  0xF81F,0xF81F,0xF81F,0x0820,0x2924,0x3145,0x3983,0xEF82,0x3964,0x3985,0x5269,0x5AE9,0x5AE9,0x6B85,0x5267,0x0800,0x0820,0xF81F,0xF81F,0xF81F,0x1020,0x1020,0x62CA,0x5AEA,
  0x5AEA,0x41C7,0x3165,0x39A6,0x2944,0x2924,0x1000,0x1020,0xF81F,0xF81F,0xF81F,0xF81F,0xF81F,0xF81F,0xF81F,0x18A2,0x39C6,0x4228,0x4228,0x3105,0x4A28,0x4228,0x39A6,0x52AA,
  0x2904,0x20C3,0x0820,0x0820,0x28E3,0x3124,0x2904,0x3145,0x3145,0x3145,0x0820,0x1040,0x3125,0x3125,0x2924,0x5269,0x4228,0x3186,0x3145,0x4A48,0x4A48,0x4207,0x1061,0xF81F,
  0xF81F,0xF81F,0xF81F,0xF81F,0xF81F,0xF81F,0x1020,0x1841,0x28C3,0x39A4,0x3185,0x3165,0x4A48,0x630A,0x630A,0x630A,0x0800,0x0800,0xF81F,0xF81F,0xF81F,0x18A2,0x3103,0x20A1,
  0x2060,0x1861,0x1881,0x1861,0x1861,0x1862,0x1861,0x1820,0x1820,0x1820,0xF81F,0xF81F,0xF81F,0xF81F,0xF81F,0xF81F,0xF81F,0x20E3,0x41C7,0x4A28,0x39C7,0x4228,0x4248,0x4A69,
  0x2924,0x5289,0x2924,0x2924,0x0820,0xF81F,0xF81F,0xF81F,0xF81F,0xF81F,0xF81F,0xF81F,0xF81F,0x1020,0x2904,0x2924,0x5269,0x3124,0x4A48,0x4A48,0x4A49,0x4A48,0x4A48,0x39E7,
  0x3145,0xF81F,0xF81F,0xF81F,0xF81F,0xF81F,0xF81F,0x1802,0x1020,0x1020,0x1841,0x1882,0x1882,0x1882,0x20C3,0x20A2,0x1881,0x1840,0x20A2,0x41E6,0x0840,0xF81F,0xF81F,0x52A7,
  0x62E7,0x4206,0x41C6,0x20A1,0x20A2,0x2082,0x2081,0x2081,0x20A2,0x1020,0x2903,0x39C6,0x2924,0xF81F,0xF81F,0xF81F,0xF81F,0xF81F,0xF81F,0x2904,0x4207,0x4228,0x4A69,0x4A48,
  0x4248,0x4A69,0x2904,0x3986,0x3125,0x3124,0x1041,0xF81F,0xF81F,0xF81F,0xF81F,0xF81F,0xF81F,0xF81F,0xF81F,0x1021,0x3104,0x3104,0x3145,0x28E3,0x5229,0x4A68,0x528A,0x28E3,
  0x20C3,0x2925,0x0820,0xF81F,0xF81F,0xF81F,0xF81F,0xF81F,0xF81F,0x3145,0x4207,0x3986,0x0800,0x20A2,0x2082,0x1882,0x20A2,0x20A2,0x3144,0x3985,0x52A8,0x4A65,0x5267,0xF81F,
  0xF81F,0x5AC6,0xDF04,0xAD28,0x9CE7,0x5B09,0x6309,0x4A68,0x41E7,0x39A6,0x2904,0x3165,0x52CA,0x52A9,0x52AA,0x39A6,0xF81F,0xF81F,0xF81F,0xF81F,0xF81F,0x0820,0x1000,0x1040,
  0x1861,0x39C6,0x39A6,0x4207,0x4228,0x2904,0x2904,0x20A1,0xF81F,0xF81F,0xF81F,0xF81F,0xF81F,0xF81F,0xF81F,0xF81F,0xF81F,0xF81F,0x3103,0x2904,0x2904,0x4A69,0x2904,0x39A6,
  0x3145,0x1862,0x1881,0x1040,0x1040,0xF81F,0xF81F,0xF81F,0xF81F,0xF81F,0x2944,0x5269,0x5289,0x4A88,0x3124,0x20E3,0x2944,0x3165,0x5289,0x5287,0x5287,0xC62C,0x94A8,0xD6A6,
  0x5245,0xF81F,0xF81F,0x5287,0x6327,0x6B45,0x7363,0xCE20,0xF741,0x5AE9,0x5289,0x41E7,0x3104,0x3145,0x3186,0x5289,0x5269,0x3986,0x2003,0xF81F,0xF81F,0xF81F,0xF81F,0x3144,
  0x41C6,0x2944,0x1020,0x1020,0x1020,0x3186,0x39C6,0x2904,0x2903,0x2904,0xF81F,0xF81F,0xF81F,0xF81F,0xF81F,0xF81F,0xF81F,0xF81F,0xF81F,0xF81F,0x20E3,0x2903,0x2904,0x20E3,
  0x5269,0x0820,0x0800,0x0820,0x0820,0x4206,0x20E3,0xF81F,0xF81F,0xF81F,0xF81F,0x1802,0x39A6,0x4A68,0x5289,0x52A9,0x2924,0x2104,0x526A,0x4A49,0x52A9,0xEF62,0xD688,0xE747,
  0xA527,0x6327,0x5267,0xF81F,0xF81F,0x4A46,0xE725,0x6325,0x52A3,0xB584,0xE705,0x5B0A,0x5269,0x41A6,0x3104,0x20A2,0x20E3,0x2924,0x41C7,0x20C3,0x3104,0xF81F,0xF81F,0xF81F,
  0xF81F,0x4228,0x4A48,0x4207,0x2924,0x1040,0x0820,0x18A2,0x20E3,0x2904,0x3125,0x1802,0xF81F,0xF81F,0xF81F,0xF81F,0xF81F,0xF81F,0xF81F,0xF81F,0xF81F,0xF81F,0x1803,0x1881,
  0x20E3,0x28E3,0x20C2,0x0820,0x3124,0x41E7,0x4228,0x4228,0x4A48,0xF81F,0xF81F,0xF81F,0xF81F,0x20C3,0x1881,0x20E3,0x3165,0x3165,0x3965,0x2904,0x41E7,0x4A49,0x52C9,0xEF44,
  0x5AE5,0x5AE6,0x5B06,0xDF25,0x5266,0xF81F,0xF81F,0x4A25,0xEF43,0x6B43,0xE6E7,0x6347,0x8C86,0x5AC9,0x4A68,0x3986,0x3125,0x0820,0x0800,0x0800,0x2903,0x3986,0x3125,0xF81F,
  0xF81F,0xF81F,0x1802,0x4207,0x3185,0x4A48,0x4228,0x4A49,0x1020,0x0820,0x1040,0x0820,0x0820,0xF81F,0xF81F,0xF81F,0xF81F,0xF81F,0xF81F,0xF81F,0xF81F,0xF81F,0xF81F,0xF81F,
  0xF81F,0x0820,0x0820,0x0820,0x0820,0x0820,0x3185,0x4248,0x4228,0x3165,0x3186,0x1022,0xF81F,0xF81F,0xF81F,0x2904,0x39A6,0x3165,0x0800,0x0800,0x1020,0x3165,0x4208,0x4A69,
  0x5AC9,0xAD67,0x6327,0xE746,0x5AC1,0xE722,0x5246,0xF81F,0xF81F,0x39C6,0x52A4,0xEF64,0xF766,0x8407,0xF763,0x4A67,0x39C6,0x3145,0x2925,0x0800,0x0800,0x1020,0x3166,0x3166,
  0x3124,0xF81F,0xF81F,0xF81F,0x1020,0x3165,0x3145,0x2924,0x4A28,0x4A69,0x1020,0x0820,0x0800,0x0800,0x1001,0xF81F,0xF81F,0xF81F,0xF81F,0xF81F,0xF81F,0xF81F,0xF81F,0xF81F,
  0xF81F,0xF81F,0xF81F,0x0800,0x0800,0x0800,0x0820,0x0820,0x4A49,0x4A48,0x2904,0x3124,0x3125,0x1040,0xF81F,0xF81F,0xF81F,0x3145,0x3986,0x3124,0x1020,0x0800,0x0820,0x3165,
  0x41E8,0x4A49,0x5AC9,0xF7C3,0x73A7,0xEF65,0xEF44,0x4A63,0x3985,0xF81F,0xF81F,0x1821,0x20C2,0x5227,0x5268,0x52C2,0xD686,0x4A27,0x3986,0x3145,0x3145,0x0820,0x2903,0x1020,
  0x1841,0x3945,0xF81F,0xF81F,0xF81F,0x1021,0x3104,0x3144,0x3124,0x3145,0x3124,0x1862,0x1020,0x1861,0x2924,0x2903,0x0800,0xF81F,0xF81F,0xF81F,0xF81F,0xF81F,0xF81F,0xF81F,
  0xF81F,0xF81F,0xF81F,0xF81F,0xF81F,0x0800,0x2904,0x2904,0x20C3,0x1040,0x1861,0x3125,0x3125,0x3124,0x1882,0x3124,0x1041,0xF81F,0xF81F,0xF81F,0x3144,0x1061,0x0800,0x20C3,
  0x0820,0x2904,0x3186,0x41E7,0x4A68,0xE765,0x7389,0x5AC8,0x4A26,0x2944,0x1841,0xF81F,0xF81F,0xF81F,0x1840,0x1820,0x1000,0x1000,0x2924,0x3124,0x3945,0x1020,0x1820,0x3144,
  0x1841,0x2924,0x3165,0x1021,0xF81F,0xF81F,0xF81F,0x1021,0x3966,0x1881,0x1840,0x1040,0x1040,0x1000,0x3185,0x41C7,0x3986,0x3124,0x3124,0xF81F,0xF81F,0xF81F,0xF81F,0xF81F,
  0xF81F,0xF81F,0xF81F,0xF81F,0xF81F,0xF81F,0xF81F,0x28E4,0x2904,0x3145,0x3145,0x3165,0x1040,0x1040,0x1040,0x1040,0x2924,0x3986,0x1881,0xF81F,0xF81F,0xF81F,0x0801,0x2924,
  0x2924,0x0800,0x3145,0x1020,0x0800,0x3965,0x3145,0x39A6,0x1000,0x1000,0x1020,0x1861,0xF81F,0xF81F,0xF81F,0xF81F,0xF81F,0x2924,0x28E3,0x1861,0x2082,0x28C2,0x1820,0x2904,
  0x3125,0x3124,0x3965,0x3144,0x2924,0xF81F,0xF81F,0xF81F,0xF81F,0x0820,0x3145,0x39A6,0x39E7,0x39C6,0x39C7,0x3186,0x3966,0x3145,0x20A1,0x3125,0x3125,0xF81F,0xF81F,0xF81F,
  0xF81F,0xF81F,0xF81F,0xF81F,0xF81F,0xF81F,0xF81F,0xF81F,0xF81F,0x3104,0x2904,0x2904,0x3145,0x3186,0x39C7,0x41E7,0x41C7,0x39C7,0x41C7,0x3965,0x1882,0xF81F,0xF81F,0xF81F,
  0xF81F,0x2904,0x2924,0x2104,0x3145,0x3145,0x3145,0x1020,0x2082,0x1882,0x1881,0x20A2,0x18A2,0xF81F,0xF81F,0xF81F,0xF81F,0xF81F,0xF81F,0xF81F,0x0020,0x3124,0x20A2,0x3145,
  0x2081,0x1860,0x3125,0x3145,0x3144,0x20C2,0x1002,0xF81F,0xF81F,0xF81F,0x1001,0x2904,0x3125,0x3145,0x3146,0x3145,0x3146,0x3145,0x3145,0x1020,0x3144,0x2924,0x3104,0xF81F,
  0xF81F,0xF81F,0xF81F,0xF81F,0xF81F,0xF81F,0xF81F,0xF81F,0xF81F,0xF81F,0xF81F,0x3144,0x3124,0x3124,0x3125,0x39A6,0x39A7,0x28E3,0x28E3,0x3966,0x3966,0x3166,0x28E3,0x1002,
  0xF81F,0xF81F,0xF81F,0x1001,0x20C3,0x3145,0x3145,0x3145,0x1861,0x3945,0x3144,0x0800,0x1882,0x0820,0xF81F,0xF81F,0xF81F,0xF81F,0xF81F,0xF81F,0xF81F,0xF81F,0xF81F,0xF81F,
  0xF81F,0x20A2,0x28E3,0x1020,0x0800,0x2903,0x2924,0xF81F,0xF81F,0xF81F,0xF81F,0xF81F,0x1001,0x2904,0x3125,0x2904,0x3965,0x3145,0x3145,0x3145,0x3145,0x1040,0x3125,0x3124,
  0x1000,0xF81F,0xF81F,0xF81F,0xF81F,0xF81F,0xF81F,0xF81F,0xF81F,0xF81F,0xF81F,0xF81F,0xF81F,0x1841,0x3125,0x3124,0x1020,0x39A6,0x3986,0x3945,0x3986,0x3166,0x3166,0x3146,
  0x28E3,0x1001,0xF81F,0xF81F,0xF81F,0xF81F,0xF81F,0x2924,0x2904,0x1881,0x1881,0x3145,0x1861,0xF81F,0xF81F,0xF81F,0xF81F,0xF81F,0xF81F,0xF81F,0xF81F,0xF81F,0xF81F,0xF81F,
  0xF81F,0xF81F,0xF81F,0xF81F,0xF81F,0xF81F,0xF81F,0xF81F,0xF81F,0xF81F,0xF81F,0xF81F,0xF81F,0xF81F,0x1802,0x2904,0x2904,0x2904,0x20E3,0x3125,0x3145,0x3125,0x3145,0x3104,
  0x1840,0x20A2,0x1001,0xF81F,0xF81F,0xF81F,0xF81F,0xF81F,0xF81F,0xF81F,0xF81F,0xF81F,0xF81F,0xF81F,0xF81F,0x1801,0x1861,0x1840,0x3125,0x39A6,0x3186,0x28E3,0x28C3,0x20C3,
  0x3165,0x20C3,0x28C3,0x1002,0xF81F,0xF81F,0xF81F,0xF81F,0xF81F,0xF81F,0xF81F,0xF81F,0xF81F,0xF81F,0xF81F,0xF81F,0xF81F,0xF81F,0xF81F,0xF81F,0xF81F,0xF81F,0xF81F,0xF81F,
  0xF81F,0xF81F,0xF81F,0xF81F,0xF81F,0xF81F,0xF81F,0xF81F,0xF81F,0xF81F,0xF81F,0xF81F,0xF81F,0xF81F,0xF81F,0xF81F,0x2003,0x1000,0x3965,0x3986,0x3166,0x2924,0x2924,0x3145,
  0x3145,0x3124,0x1040,0x2903,0x1001,0xF81F,0xF81F,0xF81F,0xF81F,0xF81F,0xF81F,0xF81F,0xF81F,0xF81F,0xF81F,0xF81F,0xF81F,0x1801,0x1040,0x2904,0x2904,0x28E3,0x28E3,0x28C3,
  0x20C3,0x20C3,0x3166,0x3145,0x0820,0xF81F,0xF81F,0xF81F,0xF81F,0xF81F,0xF81F,0xF81F,0xF81F,0xF81F,0xF81F,0xF81F,0xF81F,0xF81F,0xF81F,0xF81F,0xF81F,0xF81F,0xF81F,0xF81F,
  0xF81F,0xF81F,0xF81F,0xF81F,0xF81F,0xF81F,0xF81F,0xF81F,0xF81F,0xF81F,0xF81F,0xF81F,0xF81F,0xF81F,0xF81F,0xF81F,0xF81F,0xF81F,0x2003,0x3986,0x41A6,0x1840,0x1861,0x1041,
  0x1020,0x2924,0x2904,0x2904,0x3123,0x3103,0x1002,0xF81F,0xF81F,0xF81F,0xF81F,0xF81F,0xF81F,0xF81F,0xF81F,0xF81F,0xF81F,0xF81F,0xF81F,0x1001,0x2903,0x28E3,0x28E4,0x2904,
  0x3104,0x1040,0x1041,0x1041,0x2904,0x3124,0x1881,0xF81F,0xF81F,0xF81F,0xF81F,0xF81F,0xF81F,0xF81F,0xF81F,0xF81F,0xF81F,0xF81F,0xF81F,0xF81F,0xF81F,0xF81F,0xF81F,0xF81F,
  0xF81F,0xF81F,0xF81F,0xF81F,0xF81F,0xF81F,0xF81F,0xF81F,0xF81F,0xF81F,0xF81F,0xF81F,0xF81F,0xF81F,0xF81F,0xF81F,0xF81F,0xF81F,0xF81F,0xF81F,0x3986,0x3165,0x4227,0x4207,
  0x4207,0x2944,0x18A2,0x1040,0x1861,0x2904,0x2903,0x2903,0x1001,0xF81F,0xF81F,0xF81F,0xF81F,0xF81F,0xF81F,0xF81F,0xF81F,0xF81F,0xF81F,0xF81F,0xF81F,0x1001,0x3103,0x20A1,
  0x28E3,0x0820,0x1060,0x1881,0x3985,0x39A5,0x4A48,0x4A68,0x3164,0x2903,0xF81F,0xF81F,0xF81F,0xF81F,0xF81F,0xF81F,0xF81F,0xF81F,0xF81F,0xF81F,0xF81F,0xF81F,0xF81F,0xF81F,
  0xF81F,0xF81F,0xF81F,0xF81F,0xF81F,0xF81F,0xF81F,0xF81F,0xF81F,0xF81F,0xF81F,0xF81F,0xF81F,0xF81F,0xF81F,0xF81F,0xF81F,0xF81F,0xF81F,0xF81F,0xF81F,0x31A6,0x4228,0x4228,
  0x4228,0x4A28,0x4A48,0x4A48,0x41E7,0x4A28,0x2904,0x1040,0x3144,0x2903,0x0801,0xF81F,0xF81F,0xF81F,0xF81F,0xF81F,0xF81F,0xF81F,0xF81F,0xF81F,0xF81F,0xF81F,0xF81F,0x0801,
  0x2903,0x2903,0x0800,0x2903,0x39A6,0x41A6,0x4207,0x4207,0x4A48,0x4A48,0x4A68,0x41E6,0x3145,0xF81F,0xF81F,0xF81F,0xF81F,0xF81F,0xF81F,0xF81F,0xF81F,0xF81F,0xF81F,0xF81F,
  0xF81F,0xF81F,0xF81F,0xF81F,0xF81F,0xF81F,0xF81F,0xF81F,0xF81F,0xF81F,0xF81F,0xF81F,0xF81F,0xF81F,0xF81F,0xF81F,0xF81F,0xF81F,0xF81F,0xF81F,0xF81F,0xF81F,0x1001,0x3165,
  0x3165,0x4228,0x4227,0x4228,0x39E6,0x3145,0x3966,0x2924,0x3124,0x0800,0x20C3,0x0000,0xF81F,0xF81F,0xF81F,0xF81F,0xF81F,0xF81F,0xF81F,0xF81F,0xF81F,0xF81F,0xF81F,0xF81F,
  0xF81F,0xF81F,0x0000,0x0800,0x0000,0x20C2,0x3103,0x3124,0x3165,0x4207,0x4A48,0x4248,0x4A48,0x4227,0x3124,0x0801,0xF81F,0xF81F,0xF81F,0xF81F,0xF81F,0xF81F,0xF81F,0xF81F,
  0xF81F,0xF81F,0xF81F,0xF81F,0xF81F,0xF81F,0xF81F,0xF81F,0xF81F,0xF81F,0xF81F,0xF81F,0xF81F,0xF81F,0xF81F,0xF81F,0xF81F,0xF81F,0xF81F,0xF81F,0xF81F,0xF81F,0xF81F,0xF81F,
  0x1841,0x3165,0x3145,0x2924,0x2924,0x2924,0x2924,0x3145,0x3125,0x3125,0x28E3,0x1000,0x1001,0xF81F,0xF81F,0xF81F,0xF81F,0xF81F,0xF81F,0xF81F,0xF81F,0xF81F,0xF81F,0xF81F,
  0xF81F,0xF81F,0xF81F,0xF81F,0x1803,0x1002,0x0800,0x3125,0x3944,0x3145,0x3144,0x3144,0x3124,0x2924,0x2924,0x3124,0x3964,0x1002,0xF81F,0xF81F,0xF81F,0xF81F,0xF81F,0xF81F,
  0xF81F,0xF81F,0xF81F,0xF81F,0xF81F,0xF81F,0xF81F,0xF81F,0xF81F,0xF81F,0xF81F,0xF81F,0xF81F,0xF81F,0xF81F,0xF81F,0xF81F,0xF81F,0xF81F,0xF81F,0xF81F,0xF81F,0xF81F,0xF81F,
  0xF81F,0xF81F,0xF81F,0x1041,0x1061,0x1041,0x0841,0x0840,0x0840,0x0841,0x1041,0x1041,0xF81F,0xF81F,0xF81F,0xF81F,0xF81F,0xF81F,0xF81F,0xF81F,0xF81F,0xF81F,0xF81F,0xF81F,
  0xF81F,0xF81F,0xF81F,0xF81F,0xF81F,0xF81F,0xF81F,0xF81F,0xF81F,0xF81F,0x1881,0x1061,0x1061,0x1041,0x1041,0x1061,0x1062,0x1882,0x18A2,0xF81F,0xF81F,0xF81F,0xF81F,0xF81F,
  0xF81F,0xF81F,0xF81F,0xF81F,0xF81F,0xF81F,0xF81F,0xF81F,0xF81F,0xF81F,0xF81F,0xF81F
};
static const uint16_t M14[] = {
  0xF81F,0xF81F,0xF81F,0xF81F,0xF81F,0xF81F,0xF81F,0xF81F,0xF81F,0xF81F,0xF81F,0xF81F,0xF81F,0xF81F,0xF81F,0xF81F,0xF81F,0xF81F,0xF81F,0xF81F,0xF81F,0xF81F,0xF81F,0x6A6B,
  0x6A6C,0x6A6C,0x6A6C,0x6A6C,0x728C,0xF81F,0xF81F,0xF81F,0xF81F,0xF81F,0xF81F,0xF81F,0xF81F,0xF81F,0xF81F,0xF81F,0xF81F,0xF81F,0xF81F,0xF81F,0xF81F,0xF81F,0xF81F,0xF81F,
  0xF81F,0xF81F,0xF81F,0xF81F,0xF81F,0xF81F,0xF81F,0xF81F,0xF81F,0xF81F,0xF81F,0xF81F,0xF81F,0xF81F,0xF81F,0xF81F,0xF81F,0xF81F,0x624B,0x5229,0x5209,0x5209,0x5209,0x5209,
  0x5A0A,0x624B,0xF81F,0xF81F,0xF81F,0xF81F,0xF81F,0xF81F,0xF81F,0xF81F,0xF81F,0xF81F,0xF81F,0xF81F,0xF81F,0xF81F,0xF81F,0xF81F,0xF81F,0xF81F,0xF81F,0xF81F,0xF81F,0xF81F,
  0xF81F,0xF81F,0xF81F,0xF81F,0xF81F,0xF81F,0xF81F,0xF81F,0xF81F,0xF81F,0xF81F,0xF81F,0xF81F,0x5A2A,0x5229,0x5229,0x49E8,0x51E8,0x49E8,0x4A08,0x51E9,0x5A4A,0x624A,0x6A8C,
  0xF81F,0xF81F,0xF81F,0xF81F,0xF81F,0xF81F,0xF81F,0xF81F,0xF81F,0xF81F,0xF81F,0xF81F,0xF81F,0xF81F,0xF81F,0xF81F,0xF81F,0xF81F,0xF81F,0xF81F,0xF81F,0xF81F,0xF81F,0xF81F,
  0xF81F,0xF81F,0xF81F,0xF81F,0xF81F,0xF81F,0xF81F,0xF81F,0x5A09,0x5229,0x5229,0x5209,0x41A7,0x41A7,0x41A7,0x41A7,0x41A7,0x5209,0x5A29,0x626B,0xF81F,0xF81F,0xF81F,0xF81F,
  0xF81F,0xF81F,0xF81F,0xF81F,0xF81F,0xF81F,0xF81F,0xF81F,0xF81F,0xF81F,0xF81F,0xF81F,0xF81F,0xF81F,0xF81F,0xF81F,0xF81F,0xF81F,0xF81F,0xF81F,0xF81F,0xF81F,0xF81F,0xF81F,
  0xF81F,0xF81F,0xF81F,0x5A4A,0x5209,0x5209,0x5209,0x49C8,0x41A7,0x41C7,0x41A7,0x41A7,0x41A7,0x41A7,0x49C8,0x5A2A,0x59EA,0xF81F,0xF81F,0xF81F,0xF81F,0xF81F,0xF81F,0xF81F,
  0xF81F,0xF81F,0xF81F,0xF81F,0xF81F,0xF81F,0xF81F,0xF81F,0xF81F,0xF81F,0xF81F,0xF81F,0xF81F,0xF81F,0xF81F,0xF81F,0xF81F,0xF81F,0xF81F,0xF81F,0xF81F,0xF81F,0xF81F,0x5209,
  0x5209,0x49E8,0x41A7,0x41A7,0x41A7,0x41A7,0x41A7,0x41A7,0x41A7,0x41A7,0x41A7,0x5209,0x5209,0xF81F,0xF81F,0xF81F,0xF81F,0xF81F,0xF81F,0xF81F,0xF81F,0xF81F,0xF81F,0xF81F,
  0xF81F,0xF81F,0xF81F,0xF81F,0xF81F,0xF81F,0xF81F,0xF81F,0xF81F,0xF81F,0xF81F,0xF81F,0xF81F,0xF81F,0xF81F,0xF81F,0xF81F,0xF81F,0xF81F,0x5208,0x51E8,0x49E8,0x41A7,0x41A7,
  0x41A7,0x41A7,0x41A7,0x41A7,0x41C7,0x41A7,0x41A7,0x49E8,0x5A0A,0xF81F,0xF81F,0xF81F,0xF81F,0xF81F,0xF81F,0xF81F,0xF81F,0xF81F,0xF81F,0xF81F,0xF81F,0xF81F,0xF81F,0xF81F,
  0xF81F,0xF81F,0xF81F,0xF81F,0xF81F,0xF81F,0xF81F,0xF81F,0xF81F,0xF81F,0xF81F,0xF81F,0xF81F,0xF81F,0x6A4C,0x49C8,0x49C8,0x41C7,0x41A7,0x41A7,0x41A7,0x41A7,0x41A7,0x41C7,
  0x41C7,0x41A7,0x41C7,0x49C8,0x5A29,0x6A4C,0xF81F,0xF81F,0xF81F,0xF81F,0xF81F,0xF81F,0xF81F,0xF81F,0xF81F,0xF81F,0xF81F,0xF81F,0xF81F,0xF81F,0xF81F,0xF81F,0xF81F,0xF81F,
  0xF81F,0xF81F,0xF81F,0xF81F,0xF81F,0xF81F,0xF81F,0xF81F,0xF81F,0xF81F,0x624B,0x49E8,0x41A7,0x41A7,0x41A7,0x41C7,0x41A7,0x41A7,0x41A7,0x41A7,0x41A7,0x41A7,0x41C7,0x41C8,
  0x41A7,0x6A6C,0xF81F,0xF81F,0xF81F,0xF81F,0xF81F,0xF81F,0xF81F,0xF81F,0xF81F,0xF81F,0xF81F,0xF81F,0xF81F,0xF81F,0xF81F,0xF81F,0xF81F,0xF81F,0xF81F,0xF81F,0xF81F,0xF81F,
  0xF81F,0xF81F,0xF81F,0xF81F,0xF81F,0xF81F,0x5A4A,0x49C8,0x41C7,0x41C7,0x41C7,0x41C7,0x41C7,0x41A7,0x41A7,0x41C7,0x41A7,0x41A7,0x41A7,0x41C8,0x41A7,0x6A4C,0xF81F,0xF81F,
  0xF81F,0xF81F,0xF81F,0xF81F,0xF81F,0xF81F,0xF81F,0xF81F,0xF81F,0xF81F,0xF81F,0xF81F,0xF81F,0xF81F,0xF81F,0xF81F,0xF81F,0xF81F,0xF81F,0xF81F,0xF81F,0xF81F,0xF81F,0xF81F,
  0xF81F,0xF81F,0x5A2A,0x49E8,0x41A7,0x41A7,0x41A7,0x41C7,0x41C7,0x41A7,0x41C7,0x41A7,0x41A7,0x41A7,0x41A7,0x49C7,0x4187,0x6A2B,0xF81F,0xF81F,0xF81F,0xF81F,0xF81F,0xF81F,
  0xF81F,0xF81F,0xF81F,0xF81F,0xF81F,0xF81F,0xF81F,0xF81F,0xF81F,0xF81F,0xF81F,0xF81F,0xF81F,0xF81F,0xF81F,0xF81F,0xF81F,0xF81F,0xF81F,0xF81F,0xF81F,0xF81F,0x5A2A,0x49E8,
  0x41A7,0x41A7,0x41C7,0x41C7,0x41C7,0x41C7,0x41C7,0x41C7,0x41C7,0x41C7,0x41C7,0x41A7,0x49A8,0x6A2B,0xF81F,0xF81F,0xF81F,0xF81F,0xF81F,0xF81F,0xF81F,0xF81F,0xF81F,0xF81F,
  0xF81F,0xF81F,0xF81F,0xF81F,0xF81F,0xF81F,0xF81F,0xF81F,0xF81F,0xF81F,0xF81F,0xF81F,0xF81F,0xF81F,0xF81F,0xF81F,0xF81F,0xF81F,0x5A4A,0x49E8,0x41A7,0x41A7,0x41C7,0x41A7,
  0x41C7,0x41C7,0x41C7,0x41C7,0x41C7,0x41A7,0x41A7,0x41C7,0x51E9,0x6A6C,0xF81F,0xF81F,0xF81F,0xF81F,0xF81F,0xF81F,0xF81F,0xF81F,0xF81F,0xF81F,0xF81F,0xF81F,0xF81F,0xF81F,
  0xF81F,0xF81F,0xF81F,0xF81F,0xF81F,0xF81F,0xF81F,0xF81F,0xF81F,0xF81F,0xF81F,0xF81F,0xF81F,0xF81F,0x624A,0x49C8,0x41A7,0x41A7,0x41C7,0x41A7,0x41C7,0x41C7,0x41C7,0x41A7,
  0x41C7,0x41C7,0x41C7,0x49C7,0x51C8,0x6A6C,0xF81F,0xF81F,0xF81F,0xF81F,0xF81F,0xF81F,0xF81F,0xF81F,0xF81F,0xF81F,0xF81F,0xF81F,0xF81F,0xF81F,0xF81F,0xF81F,0xF81F,0xF81F,
  0xF81F,0xF81F,0xF81F,0xF81F,0xF81F,0xF81F,0xF81F,0xF81F,0xF81F,0x624B,0x5A4B,0x49E8,0x41A7,0x41A7,0x41A7,0x41A7,0x41A7,0x41A7,0x41C7,0x41C7,0x41C7,0x41A7,0x41A7,0x41C7,
  0x49E8,0x6A8C,0xF81F,0xF81F,0xF81F,0xF81F,0xF81F,0xF81F,0xF81F,0xF81F,0xF81F,0xF81F,0xF81F,0xF81F,0xF81F,0xF81F,0xF81F,0xF81F,0xF81F,0xF81F,0xF81F,0xF81F,0xF81F,0xF81F,
  0xF81F,0xF81F,0xF81F,0xF81F,0xF81F,0x5A4A,0x5A4A,0x49E8,0x41A7,0x41A7,0x41C7,0x41A7,0x41A7,0x41A7,0x41A7,0x41A7,0x41A7,0x41A7,0x41C7,0x49C8,0x49E9,0x728C,0xF81F,0xF81F,
  0xF81F,0xF81F,0xF81F,0xF81F,0xF81F,0xF81F,0xF81F,0xF81F,0xF81F,0xF81F,0xF81F,0xF81F,0xF81F,0xF81F,0xF81F,0xF81F,0xF81F,0xF81F,0xF81F,0xF81F,0xF81F,0xF81F,0xF81F,0xF81F,
  0x5A4A,0x5A4A,0x626A,0x49E8,0x3987,0x41A7,0x41A7,0x41A7,0x41A7,0x41C7,0x41A7,0x41A7,0x41A7,0x41A7,0x41C7,0x5209,0x626B,0xF81F,0xF81F,0xF81F,0xF81F,0xF81F,0xF81F,0xF81F,
  0xF81F,0xF81F,0xF81F,0xF81F,0xF81F,0xF81F,0xF81F,0xF81F,0xF81F,0xF81F,0xF81F,0xF81F,0xF81F,0xF81F,0xF81F,0xF81F,0xF81F,0xF81F,0xF81F,0xF81F,0x626B,0x5A4A,0x5A4B,0x49E8,
  0x4187,0x41A7,0x41A7,0x41A7,0x41A7,0x41A7,0x41A7,0x41A7,0x41A7,0x41A7,0x41A7,0x626B,0x624B,0xF81F,0xF81F,0xF81F,0xF81F,0xF81F,0xF81F,0xF81F,0xF81F,0xF81F,0xF81F,0xF81F,
  0xF81F,0xF81F,0xF81F,0xF81F,0xF81F,0xF81F,0xF81F,0xF81F,0xF81F,0xF81F,0xF81F,0xF81F,0xF81F,0x6A6B,0x626B,0x626B,0x626B,0x626B,0x626B,0x5A6A,0x49C8,0x41A7,0x41A7,0x41A7,
  0x41A7,0x41A7,0x41A7,0x41A7,0x41A7,0x41A7,0x49C8,0x6A8C,0x6A6C,0xF81F,0xF81F,0xF81F,0xF81F,0xF81F,0xF81F,0xF81F,0xF81F,0xF81F,0xF81F,0xF81F,0xF81F,0xF81F,0xF81F,0xF81F,
  0xF81F,0xF81F,0xF81F,0xF81F,0xF81F,0xF81F,0xF81F,0xF81F,0x72AD,0x626B,0x626A,0x626B,0x626A,0x5A6A,0x626A,0x626A,0x49C8,0x41A7,0x41A7,0x41A7,0x41A7,0x41A7,0x41A7,0x41A7,
  0x41A7,0x49C8,0x626B,0x6A4C,0x624B,0xF81F,0xF81F,0xF81F,0xF81F,0xF81F,0xF81F,0xF81F,0xF81F,0xF81F,0xF81F,0xF81F,0xF81F,0xF81F,0xF81F,0xF81F,0xF81F,0xF81F,0xF81F,0xF81F,
  0xF81F,0xF81F,0x830F,0x626A,0x626A,0x626A,0x626A,0x5A6A,0x626A,0x5A6A,0x626A,0x5A4A,0x49C8,0x41A7,0x41A7,0x41A7,0x41A7,0x41A7,0x41A7,0x41A7,0x41A7,0x49E9,0x6A6C,0x6A6C,
  0x6A6C,0x6A6C,0xF81F,0xF81F,0xF81F,0xF81F,0xF81F,0xF81F,0xF81F,0xF81F,0xF81F,0xF81F,0xF81F,0xF81F,0xF81F,0xF81F,0xF81F,0xF81F,0xF81F,0xF81F,0xF81F,0xF81F,0x626A,0x5A6A,
  0x5A6A,0x626A,0x626A,0x626A,0x626A,0x626B,0x626B,0x49C8,0x49C8,0x41A7,0x41A7,0x41A7,0x41A7,0x41A7,0x41A7,0x41A7,0x41A7,0x49E9,0x6A6C,0x6A6C,0x6A6B,0x6A6C,0x6A6C,0xF81F,
  0xF81F,0xF81F,0xF81F,0xF81F,0xF81F,0xF81F,0xF81F,0xF81F,0xF81F,0xF81F,0xF81F,0xF81F,0xF81F,0xF81F,0xF81F,0xF81F,0xF81F,0x72AD,0x5A4A,0x626A,0x5A6A,0x626A,0x626A,0x5A6A,
  0x628B,0x41C8,0x49C8,0x49C8,0x49C8,0x41A8,0x41A7,0x41C7,0x41C7,0x41C7,0x49C7,0x49A7,0x41A8,0x5209,0x5A2A,0x5A29,0x5A29,0x6A6C,0x6A8D,0x726C,0xF81F,0xF81F,0xF81F,0xF81F,
  0xF81F,0xF81F,0xF81F,0xF81F,0xF81F,0xF81F,0xF81F,0xF81F,0xF81F,0xF81F,0xF81F,0xF81F,0x622B,0x5A4A,0x5A4A,0x5A4A,0x5A6A,0x626A,0x626A,0x41A7,0x41C8,0x49C8,0x49C8,0x5229,
  0x5229,0x5229,0x41A7,0x41A7,0x41A7,0x41A7,0x41A7,0x41A7,0x41A7,0x5A49,0x5A2A,0x5A2A,0x5A49,0x5209,0x626B,0x6A6C,0xF81F,0xF81F,0xF81F,0xF81F,0xF81F,0xF81F,0xF81F,0xF81F,
  0xF81F,0xF81F,0xF81F,0xF81F,0xF81F,0xF81F,0xF81F,0x728D,0x5A4A,0x5A4A,0x5A6A,0x5A6A,0x5A6A,0x41A7,0x41C8,0x41C8,0x49E8,0x49C8,0x5209,0x5229,0x5229,0x5229,0x5249,0x5209,
  0x41A7,0x41A7,0x41C7,0x41C8,0x49E8,0x5A29,0x5A2A,0x5A2A,0x5A2A,0x5A29,0x5209,0x6A6B,0xF81F,0xF81F,0xF81F,0xF81F,0xF81F,0xF81F,0xF81F,0xF81F,0xF81F,0xF81F,0xF81F,0xF81F,
  0xF81F,0xF81F,0xF81F,0x5A4A,0x5A6A,0x5A4B,0x5A29,0x49C8,0x49C8,0x49C8,0x49C8,0x49C8,0x49E8,0x5209,0x5229,0x5229,0x5229,0x5A29,0x5229,0x5229,0x5229,0x5229,0x5209,0x5A29,
  0x5A2A,0x5A2A,0x5A4A,0x5A2A,0x5A2A,0x5A29,0x5229,0x5209,0xF81F,0xF81F,0xF81F,0xF81F,0xF81F,0xF81F,0xF81F,0xF81F,0xF81F,0xF81F,0xF81F,0xF81F,0xF81F,0xF81F,0x5A2A,0x5A4A,
  0x5A4A,0x5A4A,0x5229,0x41C8,0x49C8,0x49C8,0x49C8,0x4A08,0x5229,0x5229,0x5229,0x5229,0x5229,0x5229,0x5229,0x5229,0x5229,0x5229,0x5229,0x5229,0x5A2A,0x5A29,0x522A,0x5A2A,
  0x5A29,0x5229,0x5229,0x5209,0x624B,0xF81F,0xF81F,0xF81F,0xF81F,0xF81F,0xF81F,0xF81F,0xF81F,0xF81F,0xF81F,0xF81F,0xF81F,0xF81F,0x624A,0x624A,0x5A4A,0x49E9,0x49C8,0x49C8,
  0x49E8,0x5208,0x5228,0x5229,0x5229,0x5229,0x5229,0x5229,0x5229,0x5229,0x5229,0x5229,0x5229,0x5229,0x5229,0x5229,0x5229,0x5229,0x5229,0x5A29,0x5A29,0x5229,0x5229,0x5209,
  0x624B,0xF81F,0xF81F,0xF81F,0xF81F,0xF81F,0xF81F,0xF81F,0xF81F,0xF81F,0xF81F,0xF81F,0xF81F,0x624B,0x5A6A,0x5A4A,0x5A6A,0x49E8,0x49E8,0x4A08,0x5229,0x5229,0x5229,0x5229,
  0x5229,0x5229,0x5229,0x5229,0x5229,0x5229,0x5229,0x5229,0x5229,0x5229,0x5229,0x5229,0x5229,0x5229,0x5229,0x5A29,0x5229,0x5229,0x5A29,0x5209,0x624B,0xF81F,0xF81F,0xF81F,
  0xF81F,0xF81F,0xF81F,0xF81F,0xF81F,0xF81F,0xF81F,0xF81F,0xF81F,0x5A4A,0x5A4B,0x5A4A,0x5209,0x522A,0x5229,0x5A2A,0x5A2A,0x5209,0x5229,0x5229,0x5229,0x5229,0x5229,0x5229,
  0x5229,0x5229,0x5229,0x5229,0x5229,0x5229,0x5229,0x5229,0x5229,0x5229,0x5229,0x5A29,0x5229,0x5A29,0x5A29,0x5A09,0x6A4B,0xF81F,0xF81F,0xF81F,0xF81F,0xF81F,0xF81F,0xF81F,
  0xF81F,0xF81F,0xF81F,0xF81F,0xF81F,0x624A,0x49E9,0x5209,0x5A2A,0x5A4A,0x5A4A,0x5A4A,0x5A2A,0x5208,0x5229,0x5229,0x5229,0x5229,0x5229,0x5229,0x5229,0x5229,0x5229,0x5229,
  0x5229,0x5209,0x5229,0x5229,0x5229,0x5229,0x5229,0x5A49,0x5229,0x5A29,0x5229,0x5209,0x622A,0x6A4C,0xF81F,0xF81F,0xF81F,0xF81F,0xF81F,0xF81F,0xF81F,0xF81F,0xF81F,0xF81F,
  0x5A0A,0x5A2A,0x49E9,0x4A09,0x5A4A,0x5A4A,0x624A,0x7AEF,0x626B,0x51E9,0x5209,0x5229,0x5229,0x5229,0x5A29,0x5229,0x5229,0x5228,0x5229,0x5209,0x5229,0x5229,0x5229,0x5229,
  0x5229,0x5229,0x5229,0x5229,0x5229,0x5A29,0x5A29,0x5A49,0x624A,0x6A8C,0xF81F,0xF81F,0xF81F,0xF81F,0xF81F,0xF81F,0xF81F,0xF81F,0xF81F,0xF81F,0x5A4A,0x51E9,0x5209,0x5209,
  0x5A29,0x5A4A,0xF81F,0xF81F,0x626B,0x5209,0x5229,0x5229,0x5229,0x5229,0x5229,0x5229,0x5229,0x5229,0x5229,0x5229,0x5229,0x5209,0x5229,0x5229,0x5229,0x5229,0x5229,0x5229,
  0x522A,0x5A29,0x5A29,0x5A49,0x5A4A,0x72AD,0xF81F,0xF81F,0xF81F,0xF81F,0xF81F,0xF81F,0xF81F,0xF81F,0xF81F,0x7ACE,0x5A4A,0x4A09,0x4A08,0x5229,0x624B,0xF81F,0xF81F,0xF81F,
  0x626B,0x5209,0x5229,0x5229,0x5229,0x5229,0x5229,0x5229,0x5229,0x5229,0x5229,0x5229,0x5229,0x5229,0x5229,0x5229,0x5229,0x5209,0x5229,0x5A49,0x5209,0x6A8C,0x5229,0x5A29,
  0x5A29,0x626B,0x7AAD,0xF81F,0xF81F,0xF81F,0xF81F,0xF81F,0xF81F,0xF81F,0xF81F,0x5A2A,0x4A09,0x49E8,0x49C8,0x5A2A,0xF81F,0xF81F,0xF81F,0xF81F,0x624B,0x5209,0x5A4A,0x5229,
  0x5229,0x5229,0x5229,0x5229,0x5229,0x5229,0x5229,0x5229,0x5229,0x5229,0x5209,0x5229,0x5229,0x5229,0x5229,0x5229,0x5209,0x6A8C,0x5A2A,0x5A2A,0x5A29,0x5A2A,0x5A2A,0xF81F,
  0xF81F,0xF81F,0xF81F,0xF81F,0xF81F,0xF81F,0x626C,0x522A,0x5209,0x49E9,0x628B,0xF81F,0xF81F,0xF81F,0xF81F,0xF81F,0x5A2A,0x5A4A,0x5A4A,0x5209,0x5229,0x5229,0x5229,0x5229,
  0x5229,0x5229,0x5229,0x5229,0x5229,0x5229,0x5229,0x5229,0x5229,0x5229,0x5229,0x5A29,0x5A0A,0xF81F,0xF81F,0x5A2A,0x5A29,0x5A29,0x5A29,0xF81F,0xF81F,0xF81F,0xF81F,0xF81F,
  0xF81F,0xF81F,0x626B,0x522A,0x5209,0x5209,0x6AAC,0xF81F,0xF81F,0xF81F,0xF81F,0xF81F,0x5A2A,0x5A4A,0x5A2A,0x5208,0x5229,0x5229,0x5229,0x5229,0x5229,0x5229,0x5229,0x5229,
  0x5229,0x5229,0x5229,0x5229,0x5229,0x5229,0x5229,0x5A4A,0x622B,0xF81F,0xF81F,0x5A2A,0x5A29,0x5229,0x5229,0x624B,0xF81F,0xF81F,0xF81F,0xF81F,0xF81F,0x622B,0x626B,0x520A,
  0x5209,0x5A6A,0x72EE,0xF81F,0xF81F,0xF81F,0xF81F,0xF81F,0x5A2A,0x5209,0x5A4A,0x5208,0x5229,0x5209,0x5229,0x5229,0x5209,0x5229,0x5A29,0x5229,0x5229,0x5A29,0x5229,0x5229,
  0x5229,0x5229,0x5229,0x5A2A,0x5A0A,0xF81F,0xF81F,0x620B,0x5A29,0x5A29,0x5A29,0x624B,0xF81F,0xF81F,0xF81F,0xF81F,0xF81F,0x622B,0x5A4B,0x522A,0x5209,0x626B,0xF81F,0xF81F,
  0xF81F,0xF81F,0xF81F,0xF81F,0x5A4A,0x5209,0x624A,0x5208,0x5209,0x5209,0x5209,0x5209,0x5229,0x5A4A,0x5A4A,0x5A4A,0x5A2A,0x5A2A,0x5A2A,0x5A2A,0x5A4A,0x5209,0x5229,0x5209,
  0x5A0A,0xF81F,0xF81F,0xF81F,0x5A2A,0x5229,0x5A29,0x5249,0x5A2A,0x6A6C,0xF81F,0xF81F,0xF81F,0x622B,0x520A,0x5209,0x51E9,0x626B,0xF81F,0xF81F,0xF81F,0xF81F,0xF81F,0xF81F,
  0x5A2A,0x5A2A,0x51E9,0x5209,0x5209,0x5229,0x5209,0x5A2A,0x5A2A,0x5A2A,0x5A2A,0x622A,0x5A4A,0x5A2A,0x5A2A,0x5A2A,0x5A4A,0x5A4A,0x5209,0x5A09,0x51C9,0xF81F,0xF81F,0xF81F,
  0x5A0B,0x5A0A,0x5A29,0x5A49,0x5A29,0x624A,0xF81F,0xF81F,0xF81F,0xF81F,0x5A2A,0x5A4A,0x5A2A,0x6AAD,0xF81F,0xF81F,0xF81F,0xF81F,0xF81F,0xF81F,0x624B,0x5A2A,0x5209,0x5209,
  0x5228,0x5229,0x5209,0x5A2A,0x5A2A,0x5A2A,0x5A2A,0x5A2A,0x5A2A,0x5A2A,0x5A2A,0x5A4A,0x5A2A,0x5A4A,0x5A2A,0x5209,0x51E9,0xF81F,0xF81F,0xF81F,0xF81F,0x728D,0x5A2A,0x5A2A,
  0x5A4A,0x624B,0xF81F,0xF81F,0xF81F,0x6A6C,0x5A2A,0x5A2A,0x520A,0x6A8C,0xF81F,0xF81F,0xF81F,0xF81F,0xF81F,0xF81F,0x624B,0x5A2A,0x5209,0x5209,0x5228,0x5209,0x5A2A,0x5A2A,
  0x5A2A,0x5A2A,0x5A2A,0x5A2A,0x5A2A,0x5A2A,0x5A2A,0x5A2A,0x5A2A,0x5A2A,0x5A2A,0x5209,0x51E9,0xF81F,0xF81F,0xF81F,0xF81F,0xF81F,0x620B,0x624B,0x624B,0x624B,0x6A6B,0xF81F,
  0x6A8C,0x6A8C,0x6A8C,0x6A8C,0x6A8C,0x6A8C,0xF81F,0xF81F,0xF81F,0xF81F,0xF81F,0x6A4C,0x624B,0x624A,0x5A4A,0x5A2A,0x5A4A,0x5A2A,0x5A4A,0x5A2A,0x5A4A,0x5A2B,0x5A2A,0x5A2A,
  0x622B,0x622B,0xF81F,0xF81F,0xF81F,0x5A2A,0x5A2A,0x5A2A,0x624B,0xF81F,0xF81F,0xF81F,0xF81F,0xF81F,0xF81F,0x626B,0x626B,0x628B,0x626B,0xF81F,0x6A8C,0x6A8C,0x6A8C,0x6AAC,
  0x6A8C,0x72AD,0xF81F,0xF81F,0xF81F,0xF81F,0xF81F,0x624B,0x624B,0x5A4A,0x5A4A,0x5A4A,0x5A2A,0x5A4A,0x5A4A,0x622A,0x5A4A,0x624B,0x622B,0x622B,0x622B,0x622B,0x622B,0xF81F,
  0xF81F,0x622B,0x622B,0x624B,0x624B,0xF81F,0xF81F,0xF81F,0xF81F,0xF81F,0xF81F,0x626B,0x6A6B,0x626B,0x626B,0x6A8D,0x6A8C,0x6A8D,0x6A8C,0x6A8C,0xF81F,0xF81F,0xF81F,0xF81F,
  0xF81F,0xF81F,0xF81F,0x624B,0x624B,0x5A2A,0x5A4A,0x5A4A,0x5A4A,0x5A4A,0x622A,0x622B,0xF81F,0xF81F,0xF81F,0xF81F,0xF81F,0xF81F,0xF81F,0xF81F,0xF81F,0xF81F,0x624B,0x624B,
  0x624B,0xF81F,0xF81F,0xF81F,0xF81F,0xF81F,0xF81F,0xF81F,0x728D,0x626B,0x624B,0x6A6D,0x6A6C,0x6A8D,0x6A8C,0xF81F,0xF81F,0xF81F,0xF81F,0xF81F,0xF81F,0xF81F,0xF81F,0xF81F,
  0x624B,0x624B,0x624B,0x624B,0x624B,0x622B,0x622B,0xF81F,0xF81F,0xF81F,0xF81F,0xF81F,0xF81F,0xF81F,0xF81F,0xF81F,0xF81F,0xF81F,0x622B,0x624B,0x624C,0xF81F,0xF81F,0xF81F,
  0xF81F,0xF81F,0xF81F,0xF81F,0xF81F,0xF81F,0xF81F,0x6A6C,0xF81F,0xF81F,0x6A6C,0xF81F,0xF81F,0xF81F,0xF81F,0xF81F,0xF81F,0xF81F,0xF81F,0xF81F,0x624B,0x624B,0x624B,0x622B,
  0x622B,0xF81F,0x622B,0xF81F,0xF81F,0xF81F,0xF81F,0xF81F,0xF81F,0xF81F,0xF81F,0xF81F,0xF81F,0xF81F,0xF81F,0x6A4C,0x622B,0xF81F,0xF81F,0xF81F,0xF81F,0xF81F,0xF81F,0xF81F,
  0xF81F,0xF81F,0xF81F,0xF81F,0xF81F,0xF81F,0xF81F,0xF81F,0xF81F,0xF81F,0xF81F,0xF81F,0xF81F,0xF81F,0xF81F,0xF81F,0x624B,0x624B,0x622B,0x622B,0x622B,0xF81F,0xF81F,0xF81F,
  0xF81F,0xF81F,0xF81F,0xF81F,0xF81F,0xF81F,0xF81F,0xF81F,0xF81F,0xF81F,0xF81F,0xF81F,0xF81F,0xF81F,0xF81F,0xF81F,0xF81F,0xF81F,0xF81F,0xF81F,0xF81F,0xF81F,0xF81F,0xF81F,
  0xF81F,0xF81F,0xF81F,0xF81F,0xF81F,0xF81F,0xF81F,0xF81F,0xF81F,0xF81F,0xF81F,0xF81F,0x5A2B,0x622B,0xF81F,0xF81F,0xF81F,0xF81F,0xF81F,0xF81F,0xF81F,0xF81F,0xF81F,0xF81F,
  0xF81F,0xF81F,0xF81F,0xF81F,0xF81F,0xF81F,0xF81F,0xF81F,0xF81F,0xF81F,0xF81F,0xF81F,0xF81F,0xF81F,0xF81F,0xF81F,0xF81F,0xF81F,0xF81F,0xF81F,0xF81F,0xF81F,0xF81F,0xF81F,
  0xF81F,0xF81F,0xF81F,0xF81F,0xF81F,0xF81F,0xF81F,0xF81F,0x620B,0xF81F,0xF81F,0xF81F,0xF81F,0xF81F,0xF81F,0xF81F,0xF81F,0xF81F,0xF81F,0xF81F,0xF81F,0xF81F,0xF81F,0xF81F,
  0xF81F,0xF81F,0xF81F,0xF81F,0xF81F,0xF81F,0xF81F,0xF81F,0xF81F,0xF81F,0xF81F,0xF81F,0xF81F,0xF81F,0xF81F,0xF81F
};
static const uint16_t M15[] = {
  0xF81F,0xF81F,0xF81F,0xF81F,0xF81F,0xF81F,0xF81F,0xF81F,0xF81F,0xF81F,0xF81F,0xF81F,0xF81F,0xF81F,0xF81F,0xF81F,0xF81F,0xF81F,0xF81F,0xF81F,0xF81F,0xF81F,0xF81F,0xF81F,
  0xF81F,0xF81F,0xF81F,0xF81F,0xF81F,0xF81F,0xF81F,0xF81F,0xF81F,0xF81F,0xF81F,0xF81F,0xF81F,0xF81F,0xF81F,0xF81F,0x20C2,0x0820,0xF81F,0xF81F,0xF81F,0xF81F,0xF81F,0xF81F,
  0xF81F,0xF81F,0xF81F,0xF81F,0xF81F,0xF81F,0xF81F,0xF81F,0xF81F,0xF81F,0xF81F,0xF81F,0xF81F,0xF81F,0xF81F,0xF81F,0xF81F,0xF81F,0xF81F,0xF81F,0xF81F,0xF81F,0xF81F,0xF81F,
  0xF81F,0xF81F,0xF81F,0xF81F,0xF81F,0x0801,0xF81F,0x1021,0x3103,0x1061,0xF81F,0xF81F,0xF81F,0xF81F,0xF81F,0xF81F,0xF81F,0xF81F,0xF81F,0xF81F,0xF81F,0xF81F,0xF81F,0xF81F,
  0xF81F,0xF81F,0xF81F,0xF81F,0xF81F,0xF81F,0xF81F,0xF81F,0xF81F,0xF81F,0xF81F,0xF81F,0xF81F,0xF81F,0xF81F,0xF81F,0xF81F,0xF81F,0xF81F,0x0000,0x0000,0xF81F,0xF81F,0x20C3,
  0x28E3,0x3124,0xF81F,0xF81F,0xF81F,0xF81F,0xF81F,0xF81F,0xF81F,0xF81F,0xF81F,0xF81F,0xF81F,0xF81F,0xF81F,0xF81F,0xF81F,0xF81F,0xF81F,0xF81F,0xF81F,0xF81F,0xF81F,0xF81F,
  0xF81F,0xF81F,0xF81F,0xF81F,0xF81F,0xF81F,0xF81F,0xF81F,0xF81F,0x1002,0x0800,0xF81F,0xF81F,0xF81F,0xF81F,0x20A2,0x28E3,0x4985,0x1802,0xF81F,0xF81F,0xF81F,0xF81F,0xF81F,
  0xF81F,0xF81F,0xF81F,0xF81F,0xF81F,0xF81F,0xF81F,0xF81F,0xF81F,0xF81F,0xF81F,0xF81F,0xF81F,0xF81F,0xF81F,0xF81F,0xF81F,0xF81F,0xF81F,0xF81F,0xF81F,0xF81F,0xF81F,0x0000,
  0x0000,0x0000,0xF81F,0x1041,0x0800,0xF81F,0xF81F,0x18A2,0x28E3,0x3103,0x2904,0xF81F,0xF81F,0xF81F,0xF81F,0xF81F,0xF81F,0xF81F,0xF81F,0xF81F,0xF81F,0xF81F,0xF81F,0xF81F,
  0xF81F,0xF81F,0xF81F,0xF81F,0xF81F,0xF81F,0xF81F,0xF81F,0xF81F,0xF81F,0xF81F,0xF81F,0xF81F,0x1002,0x0000,0x0000,0xF81F,0x0000,0xF81F,0x28E3,0x30E3,0x1861,0x0000,0x28E3,
  0x28E3,0x28C2,0x49A5,0x1882,0xF81F,0xF81F,0xF81F,0xF81F,0xF81F,0xF81F,0xF81F,0xF81F,0xF81F,0xF81F,0xF81F,0xF81F,0xF81F,0xF81F,0xF81F,0xF81F,0xF81F,0xF81F,0xF81F,0xF81F,
  0xF81F,0xF81F,0xF81F,0x18A2,0x0000,0x0000,0x0020,0x0000,0xF81F,0xF81F,0xF81F,0x28E3,0x30E3,0x28E3,0x0000,0x18C2,0x20C2,0x0000,0x0000,0x49C5,0x28C2,0x1803,0xF81F,0xF81F,
  0xF81F,0xF81F,0xF81F,0xF81F,0xF81F,0xF81F,0xF81F,0xF81F,0xF81F,0xF81F,0xF81F,0xF81F,0xF81F,0xF81F,0xF81F,0xF81F,0xF81F,0x2924,0x0800,0x0000,0x0000,0x0000,0x0000,0xF81F,
  0xF81F,0xF81F,0xF81F,0x1061,0x28C3,0x28E3,0x20A2,0x0000,0x0000,0x0000,0x0000,0x4185,0x51E6,0x1861,0xF81F,0xF81F,0xF81F,0xF81F,0xF81F,0xF81F,0xF81F,0xF81F,0xF81F,0xF81F,
  0xF81F,0xF81F,0xF81F,0xF81F,0xF81F,0xF81F,0x0000,0x3144,0x0000,0x0000,0x0000,0x0000,0x0000,0xF81F,0xF81F,0xF81F,0xF81F,0xF81F,0xF81F,0xF81F,0x20C2,0x28C3,0x28E3,0x1881,
  0x0000,0x0000,0x0000,0x0800,0x49A5,0x4185,0xF81F,0xF81F,0xF81F,0xF81F,0xF81F,0xF81F,0xF81F,0xF81F,0xF81F,0xF81F,0xF81F,0xF81F,0xF81F,0xF81F,0x1082,0x3944,0x0000,0x0000,
  0x0000,0x0000,0x0000,0xF81F,0x1002,0xF81F,0xF81F,0x0000,0x28C3,0x20A2,0x0820,0x0000,0x0000,0x0000,0x28E3,0x0800,0x0000,0x0000,0x0000,0x0000,0x49C6,0x0000,0xF81F,0xF81F,
  0xF81F,0xF81F,0xF81F,0xF81F,0xF81F,0xF81F,0xF81F,0xF81F,0xF81F,0xF81F,0xF81F,0x28C2,0x0000,0x0000,0x0000,0x0000,0x0000,0x0000,0x0000,0x0801,0xF81F,0xF81F,0xF81F,0x0841,
  0x28E3,0x28E3,0x28E3,0x30E3,0x1041,0x0000,0x0000,0x0000,0x0000,0x0000,0x0000,0x0000,0x49A5,0xF81F,0xF81F,0xF81F,0xF81F,0xF81F,0xF81F,0xF81F,0xF81F,0xF81F,0xF81F,0xF81F,
  0xF81F,0x1041,0x3124,0x0000,0x0000,0x0000,0x0000,0x0000,0x0000,0x0000,0xF81F,0xF81F,0xF81F,0xF81F,0xF81F,0xF81F,0x0800,0x3103,0x3103,0x30E3,0x28C3,0x0000,0x0000,0x0000,
  0x0000,0x0000,0x0020,0x4164,0xF81F,0xF81F,0xF81F,0xF81F,0xF81F,0xF81F,0xF81F,0xF81F,0xF81F,0xF81F,0xF81F,0xF81F,0x4185,0x0000,0x0000,0x0000,0x0000,0x0000,0x0000,0x0001,
  0xF81F,0xF81F,0xF81F,0xF81F,0xF81F,0xF81F,0xF81F,0xF81F,0xF81F,0x0000,0x0000,0x0000,0x0000,0x0000,0x0000,0x0000,0x0000,0x0000,0x1041,0x3924,0xF81F,0xF81F,0xF81F,0xF81F,
  0xF81F,0xF81F,0xF81F,0xF81F,0xF81F,0xF81F,0x0000,0x3145,0x0000,0x0000,0x0000,0x0000,0x0000,0xF81F,0x0000,0xF81F,0xF81F,0xF81F,0xF81F,0xF81F,0xF81F,0x0000,0x30E3,0x28E2,
  0x28E3,0x28E3,0x28E3,0x0800,0x0000,0x0000,0x0000,0x0000,0x0000,0x0000,0x4165,0x0000,0xF81F,0xF81F,0xF81F,0xF81F,0xF81F,0xF81F,0x49E6,0x49E6,0x5207,0x49E6,0x18A2,0x0000,
  0x0000,0x0000,0x0000,0x0000,0x0000,0x0801,0xF81F,0xF81F,0xF81F,0xF81F,0xF81F,0xF81F,0xF81F,0xF81F,0x0000,0x0000,0x0000,0x0000,0x0000,0x0000,0x0000,0x0000,0x0000,0x0000,
  0x0000,0x0000,0x49A5,0x0800,0xF81F,0xF81F,0xF81F,0x0800,0x49C6,0x3125,0x18D2,0x3969,0x4187,0x3965,0x0000,0x0000,0x0000,0x0000,0x0801,0xF81F,0xF81F,0xF81F,0xF81F,0xF81F,
  0xF81F,0xF81F,0xF81F,0xF81F,0xF81F,0xF81F,0xF81F,0x1002,0x1841,0x30E3,0x20A2,0x0000,0x0000,0x0000,0x0000,0x0000,0x0000,0x1041,0x4164,0x2081,0x0020,0x1061,0x3124,0x28C3,
  0x2906,0x2114,0xADFF,0x2110,0x3167,0x1041,0x0000,0x0000,0x0000,0x0000,0xF81F,0xF81F,0xF81F,0xF81F,0xF81F,0xF81F,0xF81F,0xF81F,0xF81F,0xF81F,0xF81F,0xF81F,0x28A3,0x28C3,
  0x0000,0x0000,0x0000,0x0000,0x0000,0x0000,0x0000,0x0000,0x0000,0x0000,0x3924,0x3104,0x30E3,0x28C3,0x2904,0x0847,0x004D,0xAE3F,0x10B1,0x0842,0x5A89,0x0840,0x0000,0x0802,
  0xF81F,0xF81F,0xF81F,0xF81F,0xF81F,0xF81F,0xF81F,0xF81F,0xF81F,0xF81F,0xF81F,0xF81F,0xF81F,0xF81F,0xF81F,0xF81F,0x0820,0x0820,0x0000,0x0000,0x0000,0x0000,0x0000,0x0000,
  0x0000,0x0000,0x0000,0x0000,0x3104,0x0000,0x0000,0x0025,0x0005,0x41C7,0x3985,0x41A6,0x734C,0x20C3,0xF81F,0xF81F,0xF81F,0xF81F,0xF81F,0xF81F,0xF81F,0xF81F,0xF81F,0xF81F,
  0xF81F,0xF81F,0xF81F,0xF81F,0xF81F,0x0000,0x0000,0x0000,0x0000,0x0000,0x0000,0x0000,0x0000,0x0000,0x0000,0x0000,0x0000,0x0000,0x0000,0x0000,0x0000,0x0000,0x0000,0x0000,
  0x18C2,0x0800,0x0800,0x49C7,0x62CA,0xF81F,0xF81F,0xF81F,0xF81F,0xF81F,0xF81F,0xF81F,0xF81F,0xF81F,0xF81F,0xF81F,0xF81F,0xF81F,0xF81F,0xF81F,0xF81F,0xF81F,0xF81F,0xF81F,
  0x0000,0x0000,0x0000,0x0000,0x0000,0x0000,0x0000,0x0000,0x0000,0x0000,0x0000,0x0000,0x0000,0x0000,0x0000,0x0000,0x28E4,0x0000,0xF81F,0x0801,0xF81F,0xF81F,0xF81F,0xF81F,
  0xF81F,0xF81F,0xF81F,0xF81F,0xF81F,0xF81F,0xF81F,0xF81F,0xF81F,0xF81F,0xF81F,0xF81F,0xF81F,0xF81F,0x0000,0x0000,0x0000,0x0000,0x0000,0x0000,0x0000,0x0000,0x0000,0x0000,
  0x0000,0x0000,0x0000,0x0000,0x0000,0x0000,0xF81F,0xF81F,0x1881,0x0000,0xF81F,0xF81F,0xF81F,0xF81F,0xF81F,0xF81F,0xF81F,0xF81F,0xF81F,0xF81F,0xF81F,0xF81F,0xF81F,0xF81F,
  0xF81F,0xF81F,0xF81F,0xF81F,0xF81F,0xF81F,0xF81F,0x1002,0x0801,0x0000,0x0000,0x0000,0x0000,0x0000,0x0000,0x0000,0x0000,0x0000,0x0000,0x0000,0x0000,0xF81F,0xF81F,0xF81F,
  0x1003,0xF81F,0xF81F,0xF81F,0xF81F,0xF81F,0xF81F,0xF81F,0xF81F,0xF81F,0xF81F,0xF81F,0xF81F,0xF81F,0xF81F,0xF81F,0xF81F,0xF81F,0xF81F,0xF81F,0xF81F,0xF81F,0xF81F,0xF81F,
  0xF81F,0x0000,0x0000,0x0000,0x0000,0x0000,0x0000,0x0000,0x0000,0x0000,0x0000,0x1002,0xF81F,0xF81F,0xF81F,0xF81F,0xF81F,0xF81F,0xF81F,0xF81F,0xF81F,0xF81F,0xF81F,0xF81F,
  0xF81F,0xF81F,0xF81F,0xF81F,0xF81F,0xF81F,0xF81F,0xF81F,0xF81F,0xF81F,0xF81F,0xF81F,0xF81F,0xF81F,0xF81F,0xF81F,0x0000,0x0000,0x0000,0x0000,0x0000,0x0000,0x0000,0x0000,
  0x0000,0x0000,0xF81F,0xF81F,0xF81F,0xF81F,0xF81F,0xF81F,0xF81F,0xF81F,0xF81F,0xF81F,0xF81F,0xF81F,0xF81F,0xF81F,0xF81F,0xF81F,0xF81F,0xF81F,0xF81F,0xF81F,0xF81F,0xF81F,
  0xF81F,0xF81F,0xF81F,0xF81F,0xF81F,0xF81F,0xF81F,0x0000,0x0000,0x0000,0x0000,0x0000,0x0000,0x0000,0x0000,0x0000,0xF81F,0xF81F,0xF81F,0xF81F,0xF81F,0xF81F,0xF81F,0xF81F,
  0xF81F,0xF81F,0xF81F,0xF81F,0xF81F,0xF81F,0xF81F,0xF81F,0xF81F,0xF81F,0xF81F,0xF81F,0xF81F,0xF81F,0xF81F,0xF81F,0xF81F,0xF81F,0xF81F,0xF81F,0x0801,0x0000,0x0000,0x0000,
  0x0000,0x0000,0x0000,0x0000,0x0000,0x0000,0xF81F,0xF81F,0xF81F,0xF81F,0xF81F,0xF81F,0xF81F,0xF81F,0xF81F,0xF81F,0xF81F,0xF81F,0xF81F,0xF81F,0xF81F,0xF81F,0xF81F,0xF81F,
  0xF81F,0xF81F,0xF81F,0xF81F,0xF81F,0xF81F,0xF81F,0xF81F,0xF81F,0x0801,0x0000,0x0000,0x0000,0x0000,0x0000,0x0000,0x0000,0x0000,0x0000,0x0000,0x0000,0xF81F,0xF81F,0xF81F,
  0xF81F,0xF81F,0xF81F,0xF81F,0xF81F,0xF81F,0xF81F,0xF81F,0xF81F,0xF81F,0xF81F,0xF81F,0xF81F,0xF81F,0xF81F,0xF81F,0xF81F,0xF81F,0xF81F,0xF81F,0xF81F,0x1002,0x0000,0x0000,
  0x0000,0x0000,0x0000,0x0000,0x0000,0x0000,0x0000,0x1001,0xF81F,0xF81F,0x0000,0x0020,0xF81F,0xF81F,0xF81F,0xF81F,0xF81F,0xF81F,0xF81F,0xF81F,0xF81F,0xF81F,0xF81F,0xF81F,
  0xF81F,0xF81F,0xF81F,0xF81F,0xF81F,0xF81F,0xF81F,0xF81F,0xF81F,0xF81F,0xF81F,0xF81F,0xF81F,0x1002,0x0000,0x0000,0x0000,0x0000,0x0000,0x0000,0x0000,0x0000,0xF81F,0xF81F,
  0xF81F,0xF81F,0x0000,0xF81F,0xF81F,0xF81F,0x0000,0xF81F,0xF81F,0xF81F,0xF81F,0xF81F,0xF81F,0xF81F,0xF81F,0xF81F,0xF81F,0xF81F,0xF81F,0xF81F,0xF81F,0xF81F,0xF81F,0xF81F,
  0xF81F,0xF81F,0xF81F,0xF81F,0xF81F,0xF81F,0xF81F,0x0000,0x0000,0x0000,0xF81F,0xF81F,0xF81F,0xF81F,0xF81F,0xF81F,0xF81F,0xF81F,0xF81F,0x0000,0x0000,0xF81F,0x0801,0xF81F,
  0xF81F,0xF81F,0xF81F,0xF81F,0xF81F,0xF81F,0xF81F,0xF81F,0xF81F,0xF81F,0xF81F,0xF81F,0xF81F,0xF81F,0xF81F,0xF81F,0xF81F,0xF81F,0xF81F,0xF81F,0xF81F,0xF81F,0xF81F,0xF81F,
  0xF81F,0xF81F,0xF81F,0xF81F,0x0000,0x0000,0xF81F,0xF81F,0xF81F,0xF81F,0xF81F,0xF81F,0xF81F,0xF81F,0xF81F,0xF81F,0xF81F,0xF81F,0xF81F,0xF81F,0xF81F,0xF81F,0xF81F,0xF81F,
  0xF81F,0xF81F,0xF81F,0xF81F,0xF81F,0xF81F,0xF81F,0xF81F,0xF81F,0xF81F,0xF81F,0xF81F,0xF81F,0xF81F,0xF81F,0xF81F,0xF81F,0xF81F,0x0000,0x0801,0xF81F,0x0000,0xF81F,0xF81F,
  0xF81F,0xF81F,0xF81F,0xF81F,0xF81F,0xF81F,0xF81F,0xF81F,0xF81F,0xF81F,0xF81F,0xF81F,0xF81F,0xF81F,0xF81F,0xF81F,0xF81F,0xF81F,0xF81F,0xF81F,0xF81F,0xF81F,0xF81F,0xF81F,
  0xF81F,0xF81F,0xF81F,0xF81F,0xF81F,0xF81F,0xF81F,0xF81F,0xF81F,0xF81F,0x0801,0xF81F,0xF81F,0xF81F,0xF81F,0xF81F,0xF81F,0xF81F,0xF81F,0xF81F,0xF81F,0xF81F,0xF81F,0xF81F,
  0xF81F,0xF81F,0xF81F,0xF81F,0xF81F,0xF81F
};
static const uint16_t M16[] = {
  0xF81F,0xF81F,0xF81F,0xF81F,0xF81F,0xF81F,0xF81F,0xF81F,0xF81F,0xF81F,0xF81F,0x0000,0xF81F,0xF81F,0xF81F,0xF81F,0xF81F,0xF81F,0xF81F,0xF81F,0xF81F,0xF81F,0xF81F,0xF81F,
  0xF81F,0xF81F,0xF81F,0xF81F,0xF81F,0xF81F,0xF81F,0x0821,0x8473,0x73F2,0xADD8,0x7433,0x7CB4,0x0000,0xF81F,0xF81F,0xF81F,0xF81F,0xF81F,0xF81F,0xF81F,0xF81F,0xF81F,0xF81F,
  0xF81F,0xF81F,0xF81F,0xF81F,0xF81F,0x8C15,0x9536,0xA5D8,0x8D15,0xD71D,0xA5D8,0xADF8,0x84B4,0x0020,0xF81F,0xF81F,0xF81F,0xF81F,0xF81F,0xF81F,0xF81F,0xF81F,0xF81F,0xF81F,
  0xF81F,0xF81F,0x0844,0x8494,0xAE39,0xADB8,0xD71D,0xCEFD,0xDF7E,0xA5D8,0xB619,0xB65A,0x84D4,0x7432,0xF81F,0xF81F,0xF81F,0xF81F,0xF81F,0xF81F,0xF81F,0xF81F,0xF81F,0xF81F,
  0xF81F,0x7C52,0x9516,0x9516,0xCEFD,0xC67A,0xB619,0xD71D,0xBE9B,0x8494,0xA597,0x9D77,0x8D15,0x7CB3,0xF81F,0xF81F,0xF81F,0xF81F,0xF81F,0xF81F,0xF81F,0xF81F,0x0803,0x8CF5,
  0x8CF5,0x9536,0x7452,0xD73E,0xADF8,0xADF9,0xDF7E,0xA5B7,0xDF7E,0x7C52,0xAE19,0x9D76,0x8CF5,0x7C51,0x0000,0xF81F,0xF81F,0xF81F,0xF81F,0xF81F,0xF81F,0x8494,0x9CF5,0xADD8,
  0x8494,0xBE7B,0xC6BC,0x9536,0xC6BC,0xE77F,0xBE7A,0x9535,0xC6FC,0xC69C,0x8CF5,0x7412,0x7CB3,0x7471,0xF81F,0xF81F,0xF81F,0xF81F,0xF81F,0x0000,0x7C72,0x7C73,0xD71D,0x8CB4,
  0xB5F9,0xADD8,0x9515,0xA597,0xE77E,0xB619,0x8CF4,0x9535,0x9556,0xADF9,0x9D36,0xB639,0x7CD3,0x0802,0xF81F,0xF81F,0xF81F,0xF81F,0x0822,0x9535,0x63B0,0x530E,0x84B4,0x8CD5,
  0x9D77,0xBE3A,0xB63A,0xDF5E,0xB65A,0x9D56,0xBE5A,0x8493,0x8493,0x8CF4,0x8CF5,0x7C92,0x0021,0xF81F,0xF81F,0xF81F,0xF81F,0x6BD0,0x7C73,0x5B4E,0xA5B8,0x7C52,0xBE7B,0x7C94,
  0x9515,0xC6BC,0xCEFD,0xADF9,0xDF5E,0x8CD4,0xC6BC,0x9556,0x7C53,0x426B,0x7C73,0x738F,0x0000,0xF81F,0xF81F,0x1004,0x636F,0x7411,0x84B4,0x7C52,0x9D36,0x8CD5,0x8CD5,0x94F5,
  0xADF9,0xCEDD,0x9D77,0xBE5A,0xADD8,0x9D77,0x84D4,0x7432,0x9D57,0x73F1,0x7390,0x0801,0xF81F,0xF81F,0x0002,0x5B4E,0x9537,0xC6BC,0x6BF1,0xADB8,0xB5F9,0xA5D8,0xBE5A,0x9515,
  0xD71D,0x9D97,0xC69B,0x9D77,0xB619,0x9D56,0x6BF1,0xA598,0x9516,0x73D0,0x0801,0xF81F,0xF81F,0x5A4F,0x7C12,0xBE7A,0xB65A,0x63B0,0x9515,0x84B4,0xFFFF,0xC6BB,0xC6DC,0xD73E,
  0xBE9B,0xB63A,0xC6BB,0xBE3A,0x7411,0x6BF1,0x9536,0xCEDC,0x8CB5,0x5AAD,0xF81F,0xF81F,0x5AAF,0xA597,0x9D56,0x8CD4,0x8493,0xA598,0xADF9,0x9D57,0xB619,0xB619,0xD71D,0xCEDC,
  0x9D36,0xDF3E,0x7C72,0xA5B7,0x5B2F,0x8D16,0xB61A,0x7C53,0x5B2D,0xF81F,0xF81F,0x52EE,0x9DB7,0x7432,0x6C11,0x9516,0x8474,0xAE19,0x9556,0xADD9,0xA597,0xDF5E,0xB619,0xBE5A,
  0xADD8,0xADF9,0x7C52,0x63F0,0x6C11,0xA598,0x94F5,0x534D,0xF81F,0x0000,0x6C32,0x8CD4,0x8D15,0x2169,0x2147,0x8CF5,0x9D77,0xA5B8,0xADD8,0x9556,0xF7DF,0x9D77,0xB619,0x9D76,
  0x9D77,0x4AED,0x0021,0x4ACE,0x7C74,0x9D97,0x7472,0x0000,0x0000,0x7453,0xA5B8,0x0841,0x9DBF,0x192F,0xF7FF,0x18C5,0xA5B7,0x7431,0x84B4,0x8CD4,0x9515,0x84D4,0x84D4,0x18E7,
  0xF7FF,0x10AE,0x9DFE,0x4A8D,0xA598,0x84B3,0x0000,0x0000,0x7452,0xA5D8,0x0000,0x8D1F,0x3A54,0x0846,0x6354,0x422A,0x84B3,0xB639,0x6BF0,0xBE9B,0x84B3,0x2106,0x8D19,0x190F,
  0x6419,0x957C,0x424B,0xB65A,0x8473,0x0000,0x0000,0x5BAE,0x7492,0x0000,0x8D5E,0x42B4,0x18C9,0xDF7F,0x39ED,0xC69B,0x9D77,0xDF7F,0xA577,0xB619,0x3A0B,0xB61E,0x21AF,0x42D5,
  0x9D9E,0x3A4A,0x6BD0,0x84D4,0x0000,0x0000,0x42AA,0xBEBA,0x0863,0x5338,0x4B56,0x10A8,0x7C56,0xC6FC,0xBE5A,0xE79F,0xA5B7,0xCEDC,0xADD9,0xA597,0x7C75,0x29CB,0x42D4,0x52B3,
  0x4B0C,0x9D78,0x42AC,0x0000,0xF81F,0x4ACC,0x84F4,0x6C32,0x318A,0xDFBF,0x63B3,0xBE5A,0xC69B,0xBE7A,0xCEDC,0xB65A,0xCEFD,0xA5F8,0xADF9,0xAE19,0x52AE,0xBF1F,0x4AF0,0x5B4F,
  0xB61A,0x426B,0xF81F,0xF81F,0x52AD,0x6BF1,0x6390,0x42AA,0x1063,0x8CD5,0xCEFC,0xCEFD,0xC6DC,0xB65A,0xD75E,0xADD8,0xC6DC,0xDF7F,0xADF9,0x9D56,0x2106,0x42AC,0x636F,0x636F,
  0x424B,0xF81F,0xF81F,0x0802,0x63AF,0x39A8,0x2145,0x7C73,0x9536,0x9536,0xB619,0xC6BC,0xCEDC,0xC67B,0xCEBB,0xC6BB,0xADB8,0xA5B7,0x9D36,0xA535,0x2167,0x5B4F,0x3969,0x2044,
  0xF81F,0xF81F,0xF81F,0x0822,0x0821,0x0000,0x6C52,0x6BF0,0x84B3,0xCEFC,0xCEDC,0x9D76,0xC69B,0xB65A,0xC6BB,0xC6BB,0x8473,0x8472,0x632E,0x0002,0x398B,0x1843,0xF81F,0xF81F,
  0xF81F,0x0001,0x4291,0x5351,0x0022,0x9DD9,0xA619,0x0000,0x0020,0xFFFF,0x9D76,0xBE9B,0xA596,0xE7BF,0x0000,0x20E5,0x31C8,0x9D97,0x9599,0x0000,0x6C1A,0x1003,0xF81F,0xF81F,
  0xF81F,0x0803,0x0001,0x0021,0x8D56,0x8514,0x10C4,0x0069,0x4AEC,0x7C93,0x9D56,0x8CD4,0x0001,0x120C,0x8CD2,0xA5B7,0x8D35,0x0020,0x0021,0x5B56,0x6CDE,0xF81F,0xF81F,0x0001,
  0x845B,0x0805,0x0822,0x6C32,0x8D35,0xCEFC,0x7D36,0x3A2A,0x8CF5,0xB65A,0x9535,0x5B8F,0x9555,0xAE18,0x7C93,0x6C31,0x3A0A,0x28C8,0x1848,0x0024,0xF81F,0xF81F,0xF81F,0xF81F,
  0xF81F,0x0000,0x2989,0x2927,0x1905,0xCF5D,0x9D97,0x9557,0xD73E,0xA5B8,0xAE19,0x9556,0x6BD0,0x20C8,0x39EC,0xF81F,0xF81F,0xF81F,0xF81F,0xF81F,0xF81F,0xF81F,0xF81F,0xF81F,
  0x0001,0x316C,0x1085,0x1905,0x4B2D,0xE77E,0x9D77,0xDF5E,0xCEFC,0xCEFD,0x84B4,0x0001,0x2069,0x49D0,0xF81F,0xF81F,0xF81F,0xF81F,0xF81F,0xF81F,0xF81F,0xF81F,0xF81F,0xF81F,
  0x39B0,0x4A13,0x0002,0x18C5,0xD73E,0x9536,0xC69C,0xBE5B,0xBE5B,0x1063,0x1024,0x41D1,0x5292,0xF81F,0xF81F,0xF81F,0xF81F,0xF81F,0xF81F,0xF81F,0xF81F,0xF81F,0x396F,0x3131,
  0x3110,0x1849,0xF81F,0xC65B,0xA5DA,0xE79F,0xBE3B,0x9D18,0x0844,0x5213,0x314F,0x4AD4,0x0801,0xF81F,0xF81F,0xF81F,0xF81F,0xF81F,0xF81F,0xF81F,0x0002,0x51F3,0x7BFC,0x0804,
  0xF81F,0x0020,0x1825,0x3B10,0x4B91,0x7477,0x0826,0x0803,0xF81F,0x8DBD,0x0022,0xF81F,0xF81F,0xF81F,0xF81F,0xF81F,0xF81F,0xF81F,0xF81F,0x0000,0x0000,0x73FC,0x0801,0x28AE,
  0x0802,0xF81F,0x1044,0x18C5,0x0002,0xF81F,0xF81F,0xF81F,0x953D,0x0820,0x0807,0xF81F,0xF81F,0xF81F,0xF81F,0xF81F,0xF81F,0xF81F,0xF81F,0xF81F,0x1002,0x0802,0xF81F,0xF81F,
  0xF81F,0xF81F,0xF81F,0xF81F,0xF81F,0xF81F,0xF81F,0x0000,0xF81F,0xF81F,0xF81F,0xF81F,0xF81F,0xF81F
};
static const uint16_t M17[] = {
  0xF81F,0xF81F,0xF81F,0xF81F,0xF81F,0xF81F,0xF81F,0xF81F,0xF81F,0xF81F,0xF81F,0xF81F,0xF81F,0xF81F,0xF81F,0xF81F,0x3108,0xF81F,0xF81F,0xF81F,0xF81F,0xF81F,0xF81F,0xF81F,
  0xF81F,0xF81F,0xF81F,0xF81F,0xF81F,0xF81F,0xF81F,0xF81F,0xF81F,0xF81F,0xF81F,0xF81F,0xF81F,0xF81F,0xF81F,0xF81F,0xF81F,0xF81F,0xF81F,0xF81F,0xF81F,0xF81F,0xF81F,0xF81F,
  0xF81F,0xF81F,0xF81F,0xF81F,0xF81F,0xF81F,0xF81F,0xF81F,0xF81F,0xF81F,0xF81F,0xF81F,0xF81F,0x0000,0xF81F,0xF81F,0xF81F,0xF81F,0xF81F,0xF81F,0xF81F,0xF81F,0xF81F,0xF81F,
  0xF81F,0xF81F,0xF81F,0xF81F,0xF81F,0xF81F,0xF81F,0xF81F,0xF81F,0xF81F,0xF81F,0xF81F,0xF81F,0xF81F,0xF81F,0xF81F,0xF81F,0xF81F,0xF81F,0xF81F,0xF81F,0xF81F,0x0000,0x8473,
  0xF81F,0xF81F,0xF81F,0xF81F,0xF81F,0xF81F,0xF81F,0xF81F,0xF81F,0xF81F,0xF81F,0xF81F,0xF81F,0xF81F,0xF81F,0xF81F,0xF81F,0xF81F,0xF81F,0xF81F,0xF81F,0xF81F,0xF81F,0xF81F,
  0xF81F,0xF81F,0xF81F,0xF81F,0xF81F,0xF81F,0xF81F,0xF81F,0xF81F,0xF81F,0xF81F,0xF81F,0xF81F,0xF81F,0xF81F,0xF81F,0xF81F,0xF81F,0x2985,0xF81F,0xF81F,0xF81F,0xF81F,0xF81F,
  0xF81F,0xF81F,0xF81F,0xF81F,0xF81F,0xF81F,0xF81F,0xF81F,0xF81F,0xF81F,0xF81F,0xF81F,0xF81F,0xF81F,0xF81F,0xF81F,0xF81F,0xF81F,0xF81F,0xF81F,0xF81F,0xF81F,0xF81F,0xF81F,
  0xF81F,0x0802,0x0002,0x0801,0x10C3,0x422A,0x8492,0x0001,0xF81F,0xF81F,0xF81F,0xF81F,0xF81F,0xF81F,0xF81F,0xF81F,0xF81F,0xF81F,0xF81F,0xF81F,0xF81F,0xF81F,0xF81F,0xF81F,
  0xF81F,0xF81F,0xF81F,0xF81F,0xF81F,0xF81F,0xF81F,0xF81F,0xF81F,0xF81F,0xF81F,0xF81F,0xF81F,0xF81F,0xF81F,0xF81F,0xF81F,0xF81F,0xF81F,0xF81F,0xF81F,0xF81F,0x41EA,0x7BF1,
  0x0882,0x0842,0x0801,0x0000,0x0020,0x1801,0xF81F,0xF81F,0xF81F,0xF81F,0xF81F,0xF81F,0xF81F,0xF81F,0xF81F,0xF81F,0xF81F,0xF81F,0xF81F,0xF81F,0xF81F,0xF81F,0xF81F,0xF81F,
  0xF81F,0xF81F,0xF81F,0xF81F,0x634E,0x8431,0x634E,0x422A,0x2987,0x2166,0x18E4,0x2946,0x5B4E,0x6BCF,0xA576,0xF81F,0xF81F,0xF81F,0xF81F,0xF81F,0xF81F,0xF81F,0xF81F,0xF81F,
  0xF81F,0xF81F,0xF81F,0xF81F,0xF81F,0xF81F,0xF81F,0xF81F,0xF81F,0xF81F,0xF81F,0xF81F,0xF81F,0xF81F,0xF81F,0xF81F,0xF81F,0xF81F,0xF81F,0xF81F,0xF81F,0xF81F,0xF81F,0xF81F,
  0xF81F,0xF81F,0x1004,0x8472,0x73F0,0x5AEE,0x2967,0x2146,0x2966,0x31C8,0x4A8A,0x7C51,0xA5D5,0xA5D6,0x0000,0x1002,0xF81F,0xF81F,0xF81F,0xF81F,0xF81F,0xF81F,0xF81F,0xF81F,
  0xF81F,0xF81F,0xF81F,0xF81F,0xF81F,0xF81F,0xF81F,0x0000,0x9514,0x7C31,0x1926,0x1925,0x1925,0x10C4,0x10C4,0x0862,0x4AEB,0x31E8,0x18E4,0x31C8,0x63AE,0x94D4,0xF81F,0xF81F,
  0xF81F,0xF81F,0xF81F,0xF81F,0xF81F,0xF81F,0xF81F,0xF81F,0xF81F,0xF81F,0xF81F,0xF81F,0xF81F,0xF81F,0xF81F,0xF81F,0xF81F,0xF81F,0xF81F,0xF81F,0xF81F,0xF81F,0xF81F,0xF81F,
  0xF81F,0xF81F,0xF81F,0xF81F,0xF81F,0xF81F,0xF81F,0x0002,0x9CD5,0x4AAB,0x426A,0x0021,0x636E,0x10C3,0x18E5,0x1905,0x1905,0x18E4,0x2146,0x428A,0x8472,0x73B0,0x0000,0xF81F,
  0xF81F,0xF81F,0xF81F,0xF81F,0xF81F,0xF81F,0xF81F,0xF81F,0xF81F,0xF81F,0xF81F,0x0000,0xF81F,0x428A,0x426A,0x18E4,0x31C8,0x31A7,0x2987,0x2146,0x18E4,0x10C4,0x31E8,0x10A3,
  0x0862,0x1905,0x0882,0x7430,0xF81F,0xF81F,0xF81F,0xF81F,0xF81F,0xF81F,0xF81F,0xF81F,0xF81F,0x1002,0x0001,0xF81F,0xF81F,0xF81F,0xF81F,0xF81F,0xF81F,0xF81F,0xF81F,0xF81F,
  0xF81F,0xF81F,0x0000,0x0000,0xF81F,0xF81F,0xF81F,0xF81F,0xF81F,0xF81F,0xF81F,0xF81F,0xF81F,0xF81F,0x7410,0x0841,0x4ACB,0x0021,0x0000,0x4A8B,0x18E4,0x2146,0x31A8,0x31C8,
  0x31A8,0x2967,0x2946,0x530C,0x7C10,0x1884,0x0000,0xF81F,0xF81F,0xF81F,0xF81F,0xF81F,0xF81F,0xF81F,0xF81F,0xF81F,0xF81F,0x422A,0x2987,0x2987,0x424A,0x426A,0x424A,0x3A09,
  0x31A7,0x1905,0x6BAE,0x2166,0x18E4,0x29A7,0x2146,0x2146,0x08A3,0x29E7,0x8433,0xF81F,0xF81F,0xF81F,0xF81F,0xF81F,0xF81F,0xF81F,0xF81F,0x5374,0x0001,0x6434,0x1802,0xF81F,
  0xF81F,0xF81F,0xF81F,0xF81F,0xF81F,0xF81F,0xF81F,0x6B30,0x322D,0x292B,0x0000,0xF81F,0xF81F,0xF81F,0xF81F,0xF81F,0xF81F,0xF81F,0x0001,0x520B,0x0000,0x0862,0x73F0,0x0041,
  0x1905,0x2125,0x428B,0x18E5,0x2946,0x3A29,0x3A4A,0x3A29,0x4249,0x4249,0x31E7,0x2146,0x7410,0x0802,0xF81F,0xF81F,0xF81F,0xF81F,0xF81F,0xF81F,0xF81F,0x414A,0x52CB,0x2946,
  0x4AAB,0x428B,0x4ACC,0x4AAB,0x31C8,0x428A,0x2987,0x6BCF,0x2125,0x2987,0x2987,0x6BCF,0x1925,0x2145,0x2987,0x0041,0x6C30,0x51CB,0xF81F,0xF81F,0xF81F,0xF81F,0xF81F,0xF81F,
  0xF81F,0x6356,0x3A51,0x0824,0xADDC,0x1802,0xF81F,0xF81F,0x28C5,0x3989,0xF81F,0xF81F,0x0000,0x63F3,0x298B,0x4250,0x0021,0xF81F,0xF81F,0xF81F,0xF81F,0xF81F,0xF81F,0xF81F,
  0x9C55,0x2966,0x10C3,0x18E4,0x8452,0x1083,0x638E,0x29A7,0x2166,0x426A,0x2146,0x3A09,0x426A,0x424A,0x4249,0x428A,0x4A8B,0x426A,0x10A3,0x73F0,0x2926,0xF81F,0xF81F,0xF81F,
  0xF81F,0xF81F,0xAE19,0x4249,0x3A29,0x4ACC,0x530D,0x52CC,0x422A,0x424A,0x424A,0x29A7,0x2126,0x2146,0x31E8,0x31E8,0x4ACB,0x1925,0x18E4,0x2146,0x2125,0x1925,0x1083,0x84B2,
  0x7B2F,0xF81F,0xF81F,0xF81F,0xF81F,0xF81F,0xF81F,0x839A,0x39D0,0x216B,0x0022,0x7C95,0x5AED,0x5B0D,0x636E,0x6B8F,0x5B0D,0x0842,0x6B73,0x1085,0x31EF,0x4A93,0x0000,0xF81F,
  0xF81F,0xF81F,0xF81F,0xF81F,0xF81F,0x94D4,0x634E,0x10E4,0x2986,0x10E4,0x7C52,0x1905,0x6BF0,0x2966,0x31E8,0x31C8,0x422A,0x5B2D,0x3A09,0x3A29,0x4AAB,0x4ACC,0x52AC,0x52EC,
  0x530D,0x3208,0x3A6A,0x7B90,0xF81F,0xF81F,0xF81F,0x628F,0x4A2A,0x426A,0x4AAB,0x530C,0x4A8B,0x4ACB,0x4A8B,0x4A6B,0x424A,0x2105,0x31C8,0x31A8,0x424A,0x31A8,0x638E,0x10A4,
  0x2166,0x29A7,0x1905,0x2166,0x0862,0x10C4,0x5AEE,0xF81F,0xF81F,0xF81F,0xF81F,0xF81F,0xF81F,0xF81F,0x39D0,0x210A,0x0000,0x428B,0x632D,0x5AEC,0x94D4,0x8C73,0x6BD0,0x4AAB,
  0x1885,0x0823,0x31AE,0x4232,0x0000,0xF81F,0xF81F,0xF81F,0xF81F,0xF81F,0x0803,0x7BF0,0x2987,0x10E5,0x31C7,0x10A3,0x5B2E,0x1925,0x1925,0x426A,0x31C8,0x39E8,0x31A7,0x31E9,
  0x2987,0x3A29,0x4AAC,0x424A,0x52CC,0x52CC,0x530C,0x530D,0x3A6A,0x31C8,0x7BB1,0xF81F,0x0000,0x0000,0x0000,0x0000,0x0000,0x5B2E,0x532D,0x530D,0x4AAB,0x4A8B,0x0863,0x6BD0,
  0x31C8,0x426A,0x428A,0x1925,0x31A8,0x31A7,0x2146,0x52EC,0x1946,0x3A08,0x2986,0x0862,0x428A,0x7BB2,0x0000,0xF81F,0xF81F,0xF81F,0xF81F,0x0000,0x49F2,0x0845,0x18E5,0x5B2D,
  0x632E,0x8CB3,0x7C31,0x8CB4,0x9515,0x4A4A,0x52AC,0x0000,0x18CA,0x296C,0xF81F,0xF81F,0xF81F,0xF81F,0xF81F,0x1865,0x7350,0x31C8,0x08A3,0x2166,0x29A7,0x31E8,0x31E9,0x2146,
  0x10C3,0x4A8B,0x29A7,0x422A,0x426B,0x31C8,0x73F0,0x31E8,0x4AAB,0x52EC,0x52EC,0x52EC,0x52AB,0x0841,0x0000,0x0000,0x0000,0x0000,0x0000,0xF81F,0xF81F,0xF81F,0xF81F,0x0800,
  0x6BEF,0x5B2E,0x52CC,0x422A,0x6BD0,0x10A4,0x4AAB,0x4A8B,0x424A,0x10C4,0x2146,0x31C8,0x2966,0x52CC,0x2126,0x31E8,0x2986,0x2165,0x10A3,0x63AF,0x8D15,0xF81F,0xF81F,0xF81F,
  0xF81F,0xF81F,0xF81F,0x29AE,0x3A29,0x634D,0x73D0,0x5B0D,0x73D0,0x8CB3,0x5AED,0x5B2D,0x52CC,0x18A5,0xF81F,0x1004,0xF81F,0xF81F,0xF81F,0xF81F,0x0843,0x8C73,0x4A4B,0x1925,
  0x1905,0x31E8,0x31C8,0x3A29,0x31E8,0x31C8,0x1905,0x6B8F,0x31E9,0x424A,0x4A8B,0x4AAB,0x428B,0x7431,0x4ACC,0x530D,0x52EC,0x734F,0x0800,0xF81F,0xF81F,0xF81F,0xF81F,0x0000,
  0xF81F,0xF81F,0xF81F,0xF81F,0xF81F,0xF81F,0xF81F,0x730F,0x52CD,0x3A09,0x52CC,0x3A29,0x4AAB,0x426B,0x3A29,0x18E4,0x29A7,0x39E8,0x2146,0x4AAB,0x1905,0x31E8,0x31C8,0x2145,
  0x0862,0x4AAA,0x636E,0x8CB4,0x20A4,0xF81F,0xF81F,0xF81F,0xF81F,0x18A6,0x52CB,0x0000,0x1062,0x7C31,0x8452,0x94B3,0x73F1,0x0000,0x2967,0x39C9,0x1802,0xF81F,0xF81F,0xF81F,
  0x0000,0x9CD6,0x83F2,0x4A8B,0x2126,0x10A3,0x29A7,0x4229,0x3A09,0x5B2D,0x10E4,0x3A29,0x3A29,0x29A7,0x31A8,0x4A8B,0x4A8B,0x426A,0x31E8,0x638F,0x2146,0x4ACC,0x1803,0xF81F,
  0xF81F,0xF81F,0xF81F,0xF81F,0xF81F,0xF81F,0xF81F,0xF81F,0xF81F,0xF81F,0xF81F,0xF81F,0xF81F,0xF81F,0x10A4,0x39C8,0x18E5,0x428B,0x4AAB,0x426B,0x3A09,0x3A09,0x2987,0x3A09,
  0x2946,0x52EC,0x18E5,0x39E8,0x29C7,0x2166,0x1904,0x10A3,0x31C8,0x5AED,0x7BB1,0x630F,0x18A5,0xF81F,0x0800,0x2107,0x5ACC,0x0822,0x445A,0x432D,0x5B2E,0x9D15,0x0842,0x6FFF,
  0x4A6B,0x4A4B,0x0020,0x0801,0xF81F,0x1846,0x9454,0x6B6F,0x41E9,0x3A49,0x0842,0x2987,0x31E8,0x3A09,0x31E8,0x5B2E,0x10C4,0x424A,0x3A29,0x2167,0x2126,0x4A6B,0x4A8B,0x4A8B,
  0x426A,0x31A7,0x4A6A,0x18E3,0xF81F,0xF81F,0xF81F,0xF81F,0xF81F,0xF81F,0xF81F,0xF81F,0xF81F,0xF81F,0xF81F,0xF81F,0xF81F,0xF81F,0xF81F,0xF81F,0x0822,0x52AC,0x4ACC,0x4AAC,
  0x4AAC,0x4A8B,0x29A7,0x5B2D,0x31A7,0x3A09,0x29A7,0x52CC,0x1905,0x3A09,0x3A08,0x29C7,0x29A7,0x1925,0x10A4,0x39E9,0x4A2B,0x6BB0,0x632E,0x4A8B,0x31A7,0x18E4,0x7BF0,0x1885,
  0x10A5,0x0021,0x634E,0x8452,0x0863,0x0022,0x5AED,0x632D,0x10A3,0x2986,0x634F,0x73B0,0x6B6F,0x39C8,0x3A29,0x0000,0x2166,0x2145,0x3A29,0x39E8,0x31E8,0x634E,0x18E4,0x31E8,
  0x424A,0x29A7,0x4AAB,0x31E9,0x426A,0x52AB,0x4A8A,0x4249,0x526B,0x0000,0xF81F,0xF81F,0xF81F,0xF81F,0xF81F,0xF81F,0xF81F,0xF81F,0xF81F,0xF81F,0xF81F,0xF81F,0xF81F,0xF81F,
  0xF81F,0xF81F,0xF81F,0xF81F,0xF81F,0xF81F,0x20C5,0x52AC,0x2145,0x6BCF,0x3A29,0x4249,0x29A7,0x29A7,0x4AAB,0x3A29,0x424A,0x2987,0x3A09,0x2146,0x1925,0x1063,0x31E8,0x31C8,
  0x31C8,0x2986,0x2966,0x39E8,0x10A3,0x5AEC,0x6B6F,0x4A4A,0x8432,0x9CD4,0x528B,0x6B6F,0x422A,0x31C7,0x10E3,0x10C4,0x3A49,0x3A29,0x31E8,0x18E4,0x10A3,0x2145,0x10C4,0x31C8,
  0x3A09,0x3A09,0x3A08,0x634E,0x1905,0x424A,0x426A,0x31E8,0x530D,0x29A7,0x528A,0x0820,0xF81F,0xF81F,0x0800,0xF81F,0xF81F,0xF81F,0xF81F,0xF81F,0xF81F,0xF81F,0xF81F,0xF81F,
  0xF81F,0xF81F,0xF81F,0xF81F,0xF81F,0xF81F,0xF81F,0xF81F,0xF81F,0xF81F,0xF81F,0xF81F,0xF81F,0x28C6,0x2146,0x634D,0x3A09,0x424A,0x3A29,0x10E4,0x636E,0x424A,0x426A,0x3A29,
  0x3A49,0x2987,0x1925,0x10E4,0x0842,0x2966,0x2987,0x2125,0x29A7,0x426A,0x2146,0x2966,0x632E,0x0842,0x3A6E,0x6391,0x52ED,0x6BAF,0x18E4,0x428A,0x29A7,0x0021,0x29C7,0x1925,
  0x2166,0x0883,0x2146,0x31C8,0x31C8,0x31E8,0x3A09,0x3A29,0x29C7,0x29A7,0x2987,0x424A,0x428A,0x3A29,0x5B2D,0x3187,0x0801,0xF81F,0xF81F,0xF81F,0xF81F,0xF81F,0xF81F,0xF81F,
  0xF81F,0xF81F,0xF81F,0xF81F,0xF81F,0xF81F,0xF81F,0xF81F,0xF81F,0xF81F,0xF81F,0xF81F,0xF81F,0xF81F,0xF81F,0xF81F,0xF81F,0xF81F,0xF81F,0xF81F,0x2165,0x52CC,0x422A,0x4A6B,
  0x424A,0x2146,0x636E,0x424A,0x424A,0x424A,0x18E4,0x31C8,0x2987,0x10C3,0x18E4,0x10E4,0x0042,0x0001,0x2966,0x3A09,0x426A,0x39E9,0x5B0D,0x638F,0x0003,0x0044,0x9D56,0x0021,
  0x31A8,0x73D0,0x426A,0x0842,0x0021,0x10C4,0x2125,0x2146,0x31C8,0x18E5,0x4229,0x4A8B,0x424A,0x424A,0x2166,0x2166,0x3A49,0x426A,0x4A6B,0x426A,0x634E,0x0841,0xF81F,0xF81F,
  0xF81F,0xF81F,0xF81F,0xF81F,0xF81F,0xF81F,0xF81F,0xF81F,0xF81F,0xF81F,0xF81F,0xF81F,0xF81F,0xF81F,0xF81F,0xF81F,0xF81F,0xF81F,0xF81F,0xF81F,0xF81F,0xF81F,0xF81F,0xF81F,
  0xF81F,0xF81F,0x0802,0x5A8B,0x0000,0x0000,0x62AD,0x422B,0x4AAC,0x31E8,0x426A,0x3A09,0x424A,0x3A08,0x1925,0x18E4,0x2146,0x1904,0x10C3,0x08A3,0x426A,0x426A,0x5B2D,0x5B6E,
  0x10C3,0x9D77,0x31EB,0x31A9,0x10A4,0x31A7,0x52AB,0x5B4E,0x5B6E,0x0862,0x10A3,0x1925,0x2125,0x29A7,0x3A09,0x3A29,0x39E9,0x3A09,0x4229,0x4249,0x2966,0x31A8,0x4AAC,0x0000,
  0x0000,0x0000,0x732E,0x0000,0xF81F,0xF81F,0xF81F,0xF81F,0xF81F,0xF81F,0xF81F,0xF81F,0xF81F,0xF81F,0xF81F,0xF81F,0xF81F,0xF81F,0xF81F,0xF81F,0xF81F,0xF81F,0xF81F,0xF81F,
  0xF81F,0xF81F,0xF81F,0xF81F,0xF81F,0xF81F,0xF81F,0xF81F,0xF81F,0xF81F,0xF81F,0xF81F,0xF81F,0xF81F,0x2967,0x1104,0x3A49,0x424A,0x3A2A,0x31C8,0x31E8,0x3A09,0x10A3,0x2145,
  0x18E4,0x18E4,0x2126,0x2987,0x8473,0x636F,0x6BF0,0x18C5,0x3A0A,0x2126,0x52EC,0x636E,0x636E,0x4AAB,0x31C8,0x0862,0x1925,0x2166,0x31A7,0x2125,0x29C7,0x426A,0x3A29,0x4229,
  0x4229,0x3A28,0x3A69,0x0841,0xF81F,0xF81F,0xF81F,0xF81F,0xF81F,0xF81F,0xF81F,0xF81F,0xF81F,0xF81F,0xF81F,0xF81F,0xF81F,0xF81F,0xF81F,0xF81F,0xF81F,0xF81F,0xF81F,0xF81F,
  0xF81F,0xF81F,0xF81F,0xF81F,0xF81F,0xF81F,0xF81F,0xF81F,0xF81F,0xF81F,0xF81F,0xF81F,0xF81F,0xF81F,0xF81F,0xF81F,0xF81F,0xF81F,0xF81F,0xF81F,0x1023,0x1924,0x0000,0x0001,
  0x10E3,0x3A09,0x3A29,0x18E4,0x31C8,0x2966,0x1905,0x18C4,0x2105,0x2967,0x7411,0x638F,0x7431,0x5B2E,0x636E,0x73F0,0x6B8F,0x7411,0x634E,0x530C,0x2166,0x0042,0x2146,0x1925,
  0x2987,0x39E8,0x10C4,0x4A4A,0x4209,0x18E4,0x0000,0x0001,0x42AB,0xF81F,0xF81F,0xF81F,0xF81F,0xF81F,0xF81F,0xF81F,0xF81F,0xF81F,0xF81F,0xF81F,0xF81F,0xF81F,0xF81F,0xF81F,
  0xF81F,0xF81F,0xF81F,0xF81F,0xF81F,0xF81F,0xF81F,0xF81F,0xF81F,0xF81F,0xF81F,0xF81F,0xF81F,0xF81F,0xF81F,0xF81F,0xF81F,0xF81F,0xF81F,0xF81F,0xF81F,0xF81F,0xF81F,0xF81F,
  0xF81F,0xF81F,0xF81F,0x0801,0xF81F,0xF81F,0xF81F,0x2987,0x3209,0x2145,0x3A29,0x2146,0x31A7,0x2125,0x0883,0x31E8,0x636E,0x73F0,0x426A,0x84B3,0x7C32,0x7C52,0x52ED,0x73F1,
  0x52EC,0x3A29,0x0862,0x10E4,0x29A7,0x1905,0x31C8,0x3A29,0x29A7,0x5AEC,0x0801,0xF81F,0xF81F,0xF81F,0x0000,0xF81F,0xF81F,0xF81F,0xF81F,0xF81F,0xF81F,0xF81F,0xF81F,0xF81F,
  0xF81F,0xF81F,0xF81F,0xF81F,0xF81F,0xF81F,0xF81F,0xF81F,0xF81F,0xF81F,0xF81F,0xF81F,0xF81F,0xF81F,0xF81F,0xF81F,0xF81F,0xF81F,0xF81F,0xF81F,0xF81F,0xF81F,0xF81F,0xF81F,
  0xF81F,0xF81F,0xF81F,0xF81F,0xF81F,0xF81F,0xF81F,0xF81F,0xF81F,0xF81F,0xF81F,0xF81F,0xF81F,0xF81F,0x39EA,0x2125,0x3A6A,0x31E8,0x29A7,0x2146,0x1083,0x29A7,0x426A,0x5B4D,
  0x5B4E,0x7C72,0x8CD4,0x94F4,0x7C31,0x426B,0x424A,0x31E8,0x0000,0x10E4,0x2166,0x31E8,0x31E8,0x4229,0x4A4B,0xF81F,0xF81F,0xF81F,0xF81F,0xF81F,0xF81F,0xF81F,0xF81F,0xF81F,
  0xF81F,0xF81F,0xF81F,0xF81F,0xF81F,0xF81F,0xF81F,0xF81F,0xF81F,0xF81F,0xF81F,0xF81F,0xF81F,0xF81F,0xF81F,0xF81F,0xF81F,0xF81F,0xF81F,0xF81F,0xF81F,0xF81F,0xF81F,0xF81F,
  0xF81F,0xF81F,0xF81F,0xF81F,0xF81F,0xF81F,0xF81F,0xF81F,0xF81F,0xF81F,0xF81F,0xF81F,0xF81F,0xF81F,0xF81F,0xF81F,0xF81F,0xF81F,0xF81F,0xF81F,0xF81F,0xF81F,0x1007,0x18C5,
  0x10A4,0x2926,0x0862,0x2966,0x0842,0x4229,0x4A8B,0x52ED,0x6B8F,0x73F0,0x5B0D,0x52EC,0x3187,0x31C7,0x0000,0x18C3,0x2105,0x0842,0xF81F,0xF81F,0x0801,0xF81F,0xF81F,0xF81F,
  0xF81F,0xF81F,0xF81F,0xF81F,0xF81F,0xF81F,0xF81F,0xF81F,0xF81F,0xF81F,0xF81F,0xF81F,0xF81F,0xF81F,0xF81F,0xF81F,0xF81F,0xF81F,0xF81F,0xF81F,0xF81F,0xF81F,0xF81F,0xF81F,
  0xF81F,0xF81F,0xF81F,0xF81F,0xF81F,0xF81F,0xF81F,0xF81F,0xF81F,0xF81F,0xF81F,0xF81F,0xF81F,0xF81F,0xF81F,0xF81F,0xF81F,0xF81F,0xF81F,0xF81F,0xF81F,0xF81F,0xF81F,0xF81F,
  0xF81F,0xF81F,0xF81F,0xF81F,0xF81F,0xF81F,0xF81F,0x0000,0x0020,0x530E,0x0000,0x0021,0x2987,0x4AAB,0x31E8,0x4AAB,0x3A2A,0x31C8,0x0841,0x4229,0x0841,0x0000,0x0000,0xF81F,
  0xF81F,0xF81F,0xF81F,0xF81F,0xF81F,0xF81F,0xF81F,0xF81F,0xF81F,0xF81F,0xF81F,0xF81F,0xF81F,0xF81F,0xF81F,0xF81F,0xF81F,0xF81F,0xF81F,0xF81F,0xF81F,0xF81F,0xF81F,0xF81F,
  0xF81F,0xF81F,0xF81F,0xF81F,0xF81F,0xF81F,0xF81F,0xF81F,0xF81F,0xF81F,0xF81F,0xF81F,0xF81F,0xF81F,0xF81F,0xF81F,0xF81F,0xF81F,0xF81F,0xF81F,0xF81F,0xF81F,0xF81F,0xF81F,
  0xF81F,0xF81F,0xF81F,0xF81F,0xF81F,0xF81F,0xF81F,0xF81F,0xF81F,0xF81F,0xF81F,0xF81F,0xF81F,0xF81F,0x0000,0x5B0E,0x2126,0x10C3,0x3208,0x31E8,0x29A7,0x3A4A,0x428A,0x18E5,
  0x2105,0x3A09,0x52CC,0xF81F,0xF81F,0xF81F,0xF81F,0xF81F,0xF81F,0xF81F,0xF81F,0xF81F,0xF81F,0xF81F,0xF81F,0xF81F,0xF81F,0xF81F,0xF81F,0xF81F,0xF81F,0xF81F,0xF81F,0xF81F,
  0xF81F,0xF81F,0xF81F,0xF81F,0xF81F,0xF81F,0xF81F,0xF81F,0xF81F,0xF81F,0xF81F,0xF81F,0xF81F,0xF81F,0xF81F,0xF81F,0xF81F,0xF81F,0xF81F,0xF81F,0xF81F,0xF81F,0xF81F,0xF81F,
  0xF81F,0xF81F,0xF81F,0xF81F,0xF81F,0xF81F,0xF81F,0xF81F,0xF81F,0xF81F,0xF81F,0xF81F,0xF81F,0xF81F,0xF81F,0xF81F,0xF81F,0xF81F,0xF81F,0xF81F,0x49EB,0x2124,0xF81F,0x0802,
  0x2104,0x10A3,0x1905,0x1905,0x10E3,0x2106,0x1023,0x1022,0x2186,0x6370,0xF81F,0xF81F,0xF81F,0xF81F,0xF81F,0xF81F,0xF81F,0xF81F,0xF81F,0xF81F,0xF81F,0xF81F,0xF81F,0xF81F,
  0xF81F,0xF81F,0xF81F,0xF81F,0xF81F,0xF81F,0xF81F,0xF81F,0xF81F,0xF81F,0xF81F,0xF81F,0xF81F,0xF81F,0xF81F,0xF81F,0xF81F,0xF81F,0xF81F,0xF81F,0xF81F,0xF81F,0xF81F,0xF81F,
  0xF81F,0xF81F,0xF81F,0xF81F,0xF81F,0xF81F,0xF81F,0xF81F,0xF81F,0xF81F,0xF81F,0xF81F,0xF81F,0xF81F,0xF81F,0xF81F,0xF81F,0xF81F,0xF81F,0xF81F,0xF81F,0xF81F,0xF81F,0xF81F,
  0xF81F,0xF81F,0x7B8F,0x3986,0xF81F,0xF81F,0x1884,0x1083,0x3208,0x31C7,0x18E4,0x0802,0xF81F,0xF81F,0x424E,0x0021,0x0000,0xF81F,0xF81F,0xF81F,0xF81F,0xF81F,0xF81F,0xF81F,
  0xF81F,0xF81F,0xF81F,0xF81F,0xF81F,0xF81F,0xF81F,0xF81F,0xF81F,0xF81F,0xF81F,0xF81F,0xF81F,0xF81F,0xF81F,0xF81F,0xF81F,0xF81F,0xF81F,0xF81F,0xF81F,0xF81F,0xF81F,0xF81F,
  0xF81F,0xF81F,0xF81F,0xF81F,0xF81F,0xF81F,0xF81F,0xF81F,0xF81F,0xF81F,0xF81F,0xF81F,0xF81F,0xF81F,0xF81F,0xF81F,0xF81F,0xF81F,0xF81F,0xF81F,0xF81F,0xF81F,0xF81F,0xF81F,
  0xF81F,0xF81F,0xF81F,0xF81F,0xF81F,0xF81F,0xF81F,0xF81F,0xF81F,0xF81F,0xF81F,0xF81F,0xF81F,0x2125,0x4269,0x52CB,0x20C4,0xF81F,0xF81F,0xF81F,0xF81F,0xF81F,0xF81F,0xF81F,
  0xF81F,0xF81F,0xF81F,0xF81F,0xF81F,0xF81F,0xF81F,0xF81F,0xF81F,0xF81F,0xF81F,0xF81F,0xF81F,0xF81F,0xF81F,0xF81F,0xF81F,0xF81F,0xF81F,0xF81F,0xF81F,0xF81F,0xF81F,0xF81F,
  0xF81F,0xF81F,0xF81F,0xF81F,0xF81F,0xF81F,0xF81F,0xF81F,0xF81F,0xF81F,0xF81F,0xF81F,0xF81F,0xF81F,0xF81F,0xF81F,0xF81F,0xF81F,0xF81F,0xF81F,0xF81F,0xF81F,0xF81F,0xF81F,
  0xF81F,0xF81F,0xF81F,0xF81F,0xF81F,0xF81F,0xF81F,0xF81F,0xF81F,0xF81F,0xF81F,0xF81F,0xF81F,0xF81F,0xF81F,0xF81F,0xF81F,0xF81F,0xF81F,0x3188,0x4A8B,0x5B0D,0x1063,0xF81F,
  0xF81F,0xF81F,0xF81F,0xF81F,0xF81F,0xF81F,0xF81F,0xF81F,0xF81F,0xF81F,0xF81F,0xF81F,0xF81F,0xF81F,0xF81F,0xF81F,0xF81F,0xF81F,0xF81F,0xF81F,0xF81F,0xF81F,0xF81F,0xF81F,
  0xF81F,0xF81F,0xF81F,0xF81F,0xF81F,0xF81F,0xF81F,0xF81F,0xF81F,0xF81F,0xF81F,0xF81F,0xF81F,0xF81F,0xF81F,0xF81F,0xF81F,0xF81F,0xF81F,0xF81F,0xF81F,0xF81F,0xF81F,0xF81F,
  0xF81F,0xF81F,0xF81F,0xF81F,0xF81F,0xF81F,0xF81F,0xF81F,0xF81F,0xF81F,0xF81F,0xF81F,0xF81F,0xF81F,0xF81F,0xF81F,0xF81F,0xF81F,0xF81F,0xF81F,0xF81F,0xF81F,0xF81F,0xF81F,
  0xF81F,0x0000,0x5ACD,0x630D,0x0000,0xF81F,0xF81F,0xF81F,0xF81F,0xF81F,0xF81F,0xF81F,0xF81F,0xF81F,0xF81F,0xF81F,0xF81F,0xF81F,0xF81F,0xF81F,0xF81F,0xF81F,0xF81F,0xF81F,
  0xF81F,0xF81F,0xF81F,0xF81F,0xF81F,0xF81F,0xF81F,0xF81F,0xF81F,0xF81F,0xF81F,0xF81F,0xF81F,0xF81F,0xF81F,0xF81F,0xF81F,0xF81F,0xF81F,0xF81F,0xF81F,0xF81F,0xF81F,0xF81F,
  0xF81F,0xF81F,0xF81F,0xF81F,0xF81F,0xF81F,0xF81F,0xF81F,0xF81F,0xF81F,0xF81F,0xF81F,0xF81F,0xF81F,0xF81F,0xF81F,0xF81F,0xF81F,0xF81F,0xF81F,0xF81F,0xF81F,0xF81F,0xF81F,
  0xF81F,0xF81F,0xF81F,0xF81F,0xF81F,0xF81F,0xF81F,0xF81F,0x632F,0x4A69,0xF81F,0xF81F,0xF81F,0xF81F,0xF81F,0xF81F,0xF81F,0xF81F,0xF81F,0xF81F,0xF81F,0xF81F,0xF81F,0xF81F,
  0xF81F,0xF81F,0xF81F,0xF81F,0xF81F,0xF81F,0xF81F,0xF81F,0xF81F,0xF81F,0xF81F,0xF81F,0xF81F,0xF81F,0xF81F,0xF81F,0xF81F,0xF81F,0xF81F,0xF81F,0xF81F,0xF81F,0xF81F,0xF81F,
  0xF81F,0xF81F,0xF81F,0xF81F,0xF81F,0xF81F,0xF81F,0xF81F,0xF81F,0xF81F,0xF81F,0xF81F,0xF81F,0xF81F,0xF81F,0xF81F,0xF81F,0xF81F,0xF81F,0xF81F,0xF81F,0xF81F,0xF81F,0xF81F,
  0xF81F,0xF81F,0xF81F,0xF81F,0xF81F,0xF81F,0xF81F,0xF81F,0xF81F,0xF81F,0xF81F,0xF81F,0xF81F,0xF81F,0x5ACE,0x5A4B,0xF81F,0xF81F,0xF81F,0xF81F,0xF81F,0xF81F,0xF81F,0xF81F,
  0xF81F,0xF81F,0xF81F,0xF81F,0xF81F,0xF81F,0xF81F,0xF81F,0xF81F,0xF81F,0xF81F,0xF81F,0xF81F,0xF81F,0xF81F,0xF81F,0xF81F,0xF81F,0xF81F,0xF81F,0xF81F,0xF81F,0xF81F,0xF81F,
  0xF81F,0xF81F,0xF81F,0xF81F,0xF81F,0xF81F,0xF81F,0xF81F,0xF81F,0xF81F,0xF81F,0xF81F,0xF81F,0xF81F,0xF81F,0xF81F,0xF81F,0xF81F,0xF81F,0xF81F,0xF81F,0xF81F,0xF81F,0xF81F,
  0xF81F,0xF81F,0xF81F,0xF81F,0xF81F,0xF81F,0xF81F,0xF81F,0xF81F,0xF81F,0xF81F,0xF81F,0xF81F,0xF81F,0xF81F,0xF81F,0xF81F,0xF81F,0xF81F,0xF81F,0x0001,0xF81F,0xF81F,0xF81F,
  0xF81F,0xF81F,0xF81F,0xF81F,0xF81F,0xF81F,0xF81F,0xF81F,0xF81F,0xF81F,0xF81F,0xF81F,0xF81F,0xF81F,0xF81F,0xF81F,0xF81F,0xF81F,0xF81F,0xF81F,0xF81F,0xF81F,0xF81F,0xF81F,
  0xF81F,0xF81F,0xF81F,0xF81F,0xF81F,0xF81F,0xF81F,0xF81F,0xF81F,0xF81F,0xF81F,0xF81F
};
static const uint16_t M18[] = {
  0xF81F,0xF81F,0xF81F,0xF81F,0xF81F,0xF81F,0xF81F,0xF81F,0xF81F,0xF81F,0xF81F,0xF81F,0xF81F,0xF81F,0xF81F,0xF81F,0xF81F,0xF81F,0x0804,0x0802,0xF81F,0xF81F,0xF81F,0xF81F,
  0xF81F,0xF81F,0xF81F,0xF81F,0xF81F,0xF81F,0xF81F,0xF81F,0xF81F,0x0803,0x0000,0x0001,0x0001,0xF81F,0xF81F,0xF81F,0xF81F,0xF81F,0xF81F,0xF81F,0xF81F,0xF81F,0xF81F,0xF81F,
  0xF81F,0xF81F,0xF81F,0x0802,0x0000,0xF81F,0xF81F,0xF81F,0xF81F,0xF81F,0xF81F,0xF81F,0xF81F,0xF81F,0xF81F,0xF81F,0xF81F,0xF81F,0xF81F,0xF81F,0xF81F,0xF81F,0xF81F,0xF81F,
  0xF81F,0xF81F,0xF81F,0xF81F,0xF81F,0xF81F,0xF81F,0xF81F,0xF81F,0xF81F,0xF81F,0xF81F,0xF81F,0xF81F,0xF81F,0xF81F,0x0000,0xCF3C,0xEFBE,0x0000,0xF81F,0xF81F,0xF81F,0xF81F,
  0xF81F,0xF81F,0xF81F,0xF81F,0xF81F,0xF81F,0x49CC,0x6B91,0x6BF0,0x6C11,0x9515,0x7C12,0x6BF1,0x4ACD,0xF81F,0xF81F,0xF81F,0xF81F,0xF81F,0xF81F,0xF81F,0xF81F,0xF81F,0xF81F,
  0xF81F,0xF81F,0xCE59,0xCEDB,0x0001,0xF81F,0xF81F,0xF81F,0xF81F,0xF81F,0xF81F,0xF81F,0xF81F,0xF81F,0xF81F,0xF81F,0xF81F,0xF81F,0xF81F,0xF81F,0xF81F,0xF81F,0xF81F,0xF81F,
  0xF81F,0xF81F,0xF81F,0xF81F,0xF81F,0xF81F,0xF81F,0xF81F,0xF81F,0xF81F,0xF81F,0xF81F,0xF81F,0xF81F,0xF81F,0x8CB3,0x8492,0x9DB6,0x9D35,0xF81F,0xF81F,0xF81F,0xF81F,0xF81F,
  0xF81F,0xF81F,0xF81F,0x0802,0x7C92,0x7411,0x9535,0x9D57,0x8493,0xADD9,0x9D16,0xA597,0x94F5,0x73D1,0x8432,0x0000,0xF81F,0xF81F,0xF81F,0xF81F,0xF81F,0xF81F,0xF81F,0xF81F,
  0xF81F,0xC699,0x9DB5,0x1945,0xBDFA,0xF81F,0xF81F,0xF81F,0xF81F,0xF81F,0xF81F,0xF81F,0xF81F,0xF81F,0xF81F,0xF81F,0xF81F,0xF81F,0xF81F,0xF81F,0xF81F,0xF81F,0xF81F,0xF81F,
  0xF81F,0xF81F,0xF81F,0xF81F,0xF81F,0xF81F,0xF81F,0xF81F,0xF81F,0xF81F,0xF81F,0xF81F,0xA537,0x94F4,0x528C,0x52EC,0x7431,0xC6BB,0x0000,0xF81F,0xF81F,0xF81F,0xF81F,0xF81F,
  0xF81F,0xF81F,0x6BB1,0x7C73,0x7C73,0x8CD5,0xD73D,0x9D97,0xB63A,0xADF9,0x9D36,0x94F5,0x8C94,0x73F1,0x5B2E,0x0801,0xF81F,0xF81F,0xF81F,0xF81F,0xF81F,0xF81F,0xF81F,0xC579,
  0x94F4,0x632E,0x20C7,0x7391,0xACD8,0xF81F,0xF81F,0xF81F,0xF81F,0xF81F,0xF81F,0xF81F,0xF81F,0xF81F,0xF81F,0xF81F,0xF81F,0xF81F,0xF81F,0xF81F,0xF81F,0xF81F,0xF81F,0xF81F,
  0xF81F,0xF81F,0xF81F,0xF81F,0xF81F,0xF81F,0xF81F,0xF81F,0xF81F,0xF81F,0xC69A,0x7C50,0x6B2F,0x28E6,0x41E9,0x532D,0x9596,0x5AEE,0xF81F,0xF81F,0xF81F,0xF81F,0xF81F,0x624E,
  0x8CF5,0x9536,0xBE7A,0xADF8,0xD73D,0x8CD4,0xCF1D,0xE79F,0xADF8,0x9515,0xCEFC,0xDF5E,0x8CF5,0x8CD4,0x7411,0xF81F,0xF81F,0xF81F,0xF81F,0xF81F,0xF81F,0x0000,0xCE5B,0x73B0,
  0x498A,0x0802,0x526D,0x73D1,0x8C92,0xF81F,0xF81F,0xF81F,0xF81F,0xF81F,0xF81F,0xF81F,0xF81F,0xF81F,0xF81F,0xF81F,0xF81F,0xF81F,0xF81F,0xF81F,0xF81F,0xF81F,0xF81F,0xF81F,
  0xF81F,0xF81F,0xF81F,0xF81F,0xF81F,0xF81F,0xF81F,0x0000,0xCEBC,0x740F,0x634E,0x520C,0xF81F,0x2064,0x4AAC,0x6C50,0xDF3C,0xF81F,0xF81F,0xF81F,0xF81F,0x4149,0x7411,0x84B4,
  0x9536,0x8493,0x9D97,0x9D77,0xB63A,0xC69B,0xD6FC,0x9D56,0xEFDF,0x9D76,0x94F5,0x8CF5,0x9515,0x8493,0x7BF0,0xF81F,0xF81F,0xF81F,0xF81F,0xF81F,0x9436,0x94D5,0x5B2E,0x1043,
  0xF81F,0xF81F,0x52AC,0x5BCE,0x84F2,0x9C14,0xF81F,0xF81F,0xF81F,0xF81F,0xF81F,0xF81F,0xF81F,0xF81F,0xF81F,0xF81F,0xF81F,0xF81F,0xF81F,0xF81F,0xF81F,0xF81F,0xF81F,0xF81F,
  0xF81F,0xF81F,0xF81F,0xF81F,0xF81F,0xF81F,0xCEDA,0x6B8F,0x5AED,0x49EB,0x1806,0xF81F,0xF81F,0x52AD,0x73F0,0x9DB6,0xF81F,0xF81F,0xF81F,0x0000,0x6B4F,0x6BB0,0x7431,0xDF5E,
  0x8CD4,0xCEFC,0xA5B7,0xAE19,0xD73D,0xD73E,0xD73E,0x9515,0x8494,0xB63A,0x8CF5,0xBE5B,0x7C32,0x73F0,0x3A4A,0xF81F,0xF81F,0xF81F,0x0000,0xCE7C,0x7C11,0x52EC,0x0802,0xF81F,
  0xF81F,0x1003,0x528C,0x5B4E,0x5BAE,0xF81F,0xF81F,0xF81F,0xF81F,0xF81F,0xF81F,0xF81F,0xF81F,0xF81F,0xF81F,0xF81F,0xF81F,0xF81F,0xF81F,0xF81F,0xF81F,0xF81F,0xF81F,0xF81F,
  0xF81F,0xF81F,0xF81F,0x0803,0xBD99,0x6B6F,0x528C,0x5A6C,0x0000,0xF81F,0xF81F,0xF81F,0x520C,0x634E,0x84B2,0xF81F,0xF81F,0xF81F,0x0801,0x636E,0xC6BB,0x5B0E,0x9535,0x8493,
  0x84B4,0x9D76,0xC6DC,0x9D76,0xA5D8,0xC69B,0x8CF5,0xCEDC,0x7412,0x8494,0x7C53,0x636F,0xAD97,0x424A,0xF81F,0xF81F,0xF81F,0x1001,0xB5D9,0x6B6E,0x4A6A,0xF81F,0xF81F,0xF81F,
  0xF81F,0x1003,0x526C,0x4AAC,0x7433,0xF81F,0xF81F,0xF81F,0xF81F,0xF81F,0xF81F,0xF81F,0xF81F,0xF81F,0xF81F,0xF81F,0xF81F,0xF81F,0xF81F,0xF81F,0xF81F,0xF81F,0xF81F,0xF81F,
  0xF81F,0xF81F,0x0843,0x6B90,0x3A2A,0x0863,0xA4F6,0x0000,0xF81F,0xF81F,0xF81F,0x0000,0x4A4B,0x73F0,0x4A6C,0xF81F,0xF81F,0x630E,0x5AEE,0x6BB0,0x7C32,0x6390,0x7C52,0x94F5,
  0x8CD4,0xA597,0xA5B7,0xADF9,0x9536,0x9D56,0x8CD4,0xADF8,0x7C52,0x7C52,0x5B0D,0x8493,0x7370,0x30C8,0xF81F,0x1804,0xDF1E,0x7C32,0x4A8A,0x1082,0xF81F,0xF81F,0xF81F,0xF81F,
  0x0001,0xD67C,0x0000,0x3A2A,0x7CF3,0x83D1,0xF81F,0xF81F,0xF81F,0xF81F,0xF81F,0xF81F,0xF81F,0xF81F,0xF81F,0xF81F,0xF81F,0xF81F,0xF81F,0xF81F,0xF81F,0xF81F,0xF81F,0xF81F,
  0x30C7,0x52AC,0x1063,0x20E5,0xE79F,0x2927,0xF7BF,0x0801,0xF81F,0xF81F,0x0000,0x41AA,0x632C,0xC65A,0x1801,0xF81F,0x52ED,0xC6BA,0x5B2E,0xB63A,0x636F,0x7411,0x84B4,0x9535,
  0xB639,0x9D76,0xADD8,0xA577,0x9536,0x8473,0x8CD4,0xA597,0x8CB4,0xA577,0x636F,0x52AD,0x3129,0xF81F,0xF81F,0xCE9B,0x73D1,0x4A6C,0xF81F,0xF81F,0xF81F,0xF81F,0xF75E,0xA517,
  0xB577,0xDEDC,0x0842,0x10E4,0x2A69,0xF81F,0xF81F,0xF81F,0xF81F,0xF81F,0xF81F,0xF81F,0xF81F,0xF81F,0xF81F,0xF81F,0xF81F,0xF81F,0xF81F,0xF81F,0xF81F,0xF81F,0xF81F,0xF81F,
  0x2927,0x7C11,0xD71E,0x9D16,0x3148,0x9CD5,0xCEDC,0x0000,0xF81F,0xF81F,0x0000,0x4AAA,0x6BF0,0xF81F,0x1003,0x42CB,0x530D,0x530D,0x5B4E,0x7C52,0x7411,0xCEDC,0x7C52,0xB65A,
  0x8CD4,0x9D56,0x8CD4,0x8473,0xBE3A,0x9515,0x7C52,0x7431,0x9515,0x5B2E,0x52EE,0x3148,0xF81F,0xF81F,0x8472,0x636F,0x3989,0xF81F,0xF81F,0xF81F,0xE75D,0xB538,0x532E,0x530D,
  0xAD57,0xFFFF,0x0001,0x3289,0xF81F,0xF81F,0xF81F,0xF81F,0xF81F,0xF81F,0xF81F,0xF81F,0xF81F,0xF81F,0xF81F,0xF81F,0xF81F,0xF81F,0xF81F,0xF81F,0xF81F,0xF81F,0x20A6,0x73D1,
  0xADB8,0x8C73,0x632F,0x1084,0x630E,0x8471,0xBE99,0x0820,0xF81F,0x1802,0x3A69,0x5B8E,0x7332,0x0000,0x2A28,0x4ACC,0x9535,0x5B0D,0x9536,0x8493,0x7432,0x8493,0x8493,0x7C52,
  0x7C53,0x8473,0x84B4,0x9535,0x8CF5,0x7C73,0x6BD0,0x7C73,0x52CD,0x5AED,0x2968,0xF81F,0xF81F,0x636E,0x4ACB,0x1002,0xF81F,0xF81F,0xBD19,0xA577,0x7390,0x31E8,0x3229,0x634E,
  0x9D36,0xDF3E,0x18C4,0x1021,0xF81F,0xF81F,0xF81F,0xF81F,0xF81F,0xF81F,0xF81F,0xF81F,0xF81F,0xF81F,0xF81F,0xF81F,0xF81F,0xF81F,0xF81F,0xF81F,0xF81F,0x7BD1,0xAE19,0x8473,
  0x6BEF,0x18E5,0x0801,0x3A0B,0x5B6E,0x8CF3,0xCE9B,0x0801,0xF81F,0x1083,0x42AB,0x6390,0x1044,0x3229,0x530C,0x1926,0xADF8,0x530D,0x8493,0x7C52,0x84B3,0x52AC,0x73F1,0x8432,
  0x6BD0,0x8CD4,0x8493,0x636F,0x63B0,0x9D76,0x29A8,0xA597,0x52ED,0x29A7,0x0000,0x6B71,0x4AEB,0x4249,0x1002,0xF81F,0xF81F,0x95B6,0x6BF0,0x52AD,0x1825,0xF81F,0x39E8,0x5B6F,
  0x7C73,0xB67B,0x39E8,0xF81F,0xF81F,0xF81F,0xF81F,0xF81F,0xF81F,0xF81F,0xF81F,0xF81F,0xF81F,0xF81F,0xF81F,0xF81F,0xF81F,0xF81F,0xF81F,0xF81F,0xBE7B,0x7C31,0x5AEC,0x4A2A,
  0xF81F,0xF81F,0xF81F,0x4AEC,0x63CF,0x7472,0xDF3E,0x0802,0x28E6,0x3209,0x4B0D,0x31C9,0x1084,0x3A4A,0x428B,0x530D,0x5B4E,0x8493,0x7C72,0x0883,0x5B4E,0x63AF,0x63AF,0x5B6F,
  0x1083,0x1106,0x7C73,0x6BF1,0x428B,0x63CF,0x638F,0x2126,0x2986,0x530C,0x532D,0x426A,0x31C7,0x1003,0xF81F,0x95B6,0x63CF,0x52EC,0x5A2D,0x0000,0xF81F,0xF81F,0x4209,0x6BD1,
  0x8D15,0xBE7A,0xF81F,0xF81F,0xF81F,0xF81F,0xF81F,0xF81F,0xF81F,0xF81F,0xF81F,0xF81F,0xF81F,0xF81F,0xF81F,0xF81F,0xF81F,0xF81F,0xC67B,0x7C31,0x5AEC,0x3127,0xF81F,0xF81F,
  0xF81F,0xF81F,0xF81F,0x52EC,0x638F,0x5B6F,0xB61A,0x0000,0x2106,0x424B,0x6BF0,0x0000,0x3A4A,0x3A29,0x52CC,0x3A2A,0x4ACC,0x4A6B,0x9555,0x94F5,0x9D77,0xADF8,0x8CB4,0xA597,
  0x84B4,0x0001,0x7410,0x52EC,0x426B,0x424B,0x29A8,0x0021,0x638F,0x4AAC,0x39C8,0x0021,0x83F3,0x8473,0x6BF0,0x5B0D,0xF81F,0xF81F,0xF81F,0xF81F,0xF81F,0xF81F,0x4A2C,0x5AEF,
  0xADB8,0xD73D,0xF81F,0xF81F,0xF81F,0xF81F,0xF81F,0xF81F,0xF81F,0xF81F,0xF81F,0xF81F,0xF81F,0xF81F,0xF81F,0x0802,0xCEBC,0x8452,0x52CC,0x1843,0xF81F,0xF81F,0xF81F,0xF81F,
  0xF81F,0xF81F,0x39A9,0x4ACC,0x5B6E,0x7431,0xA5D9,0x0842,0x3A0A,0x52CC,0x8CF4,0x0863,0x2987,0x3A6A,0x4ACB,0x7431,0x8CD4,0xADF9,0xA5B8,0xA5B8,0xBE59,0xBE7A,0xADF9,0xA577,
  0x84B3,0x31A7,0x10A3,0x424A,0x3A2A,0x2147,0x73D1,0x4A8C,0x420A,0x0001,0x630E,0x6BD1,0x636F,0x530D,0x41CA,0xF81F,0xF81F,0xF81F,0xF81F,0xF81F,0xF81F,0xF81F,0x414B,0x7431,
  0x9DD6,0xDF7D,0xF81F,0xF81F,0xF81F,0xF81F,0xF81F,0xF81F,0xF81F,0xF81F,0xF81F,0xF81F,0xF81F,0xF81F,0xBE5B,0x7C13,0x4A4B,0x2944,0xF81F,0xF81F,0xF81F,0xF81F,0xF81F,0xF81F,
  0x0801,0x1043,0x3988,0x3A2A,0x5B6F,0x6390,0x9D97,0x10C5,0x426A,0x4ACC,0x31E9,0x0000,0x10A4,0x9515,0x8453,0xA597,0x8CD5,0xEF9F,0xB639,0xC67B,0xD6FD,0xB63A,0x8CD4,0x8CF4,
  0x636F,0x9535,0x0002,0x0884,0x5ACD,0x4A8C,0x3A0A,0x0863,0x94D4,0x73B0,0x5B0E,0x4A8C,0x39C9,0x0801,0xF81F,0xF81F,0xF81F,0xF81F,0xF81F,0xF81F,0xF81F,0xF81F,0x2967,0x6C10,
  0x7C92,0x20C5,0xF81F,0xF81F,0xF81F,0xF81F,0xF81F,0xF81F,0xF81F,0xF81F,0xF81F,0xF81F,0x0001,0x9536,0x5A8C,0x0821,0xF81F,0xF81F,0xF81F,0xF81F,0xF81F,0x0801,0xFFFF,0x1906,
  0xDEDC,0x73B0,0x20E5,0x3A6A,0x4ACC,0x638F,0x7C72,0x18A4,0x31E9,0x4ACC,0x0020,0x9556,0x8494,0x8CD4,0xADD9,0xBE5A,0x9536,0xBE7B,0xC6BB,0x7C73,0xADF9,0xB65A,0x7C52,0x84B3,
  0x73F1,0x84D3,0x2967,0x4ACC,0x31A8,0x2166,0xA536,0x632F,0x5AED,0x4A6B,0x0822,0x0000,0xDF3D,0xDF5E,0xF7FF,0xF81F,0xF81F,0xF81F,0xF81F,0xF81F,0xF81F,0xF81F,0x2084,0x4A6B,
  0xADD8,0xF81F,0xF81F,0xF81F,0xF81F,0xF81F,0xF81F,0xF81F,0xF81F,0xF81F,0x0801,0xBDDB,0x6B70,0x630C,0xF81F,0xF81F,0xF81F,0xF81F,0xF81F,0xF81F,0xF7DF,0xA599,0x18C5,0x7C12,
  0xADB8,0xD6BB,0x0022,0x1905,0x42AB,0x4AED,0xB65A,0x0000,0x0884,0x0022,0x8CF5,0x8CF5,0x94F5,0x8CD5,0xBE3A,0xCEDC,0xCEDC,0xCEDC,0xBE5A,0xBE7A,0x8CF4,0x9515,0xB63A,0xA597,
  0x63CF,0x0842,0x0864,0x6BD0,0x9D56,0x52EE,0x52ED,0x31A8,0x29A7,0x7C11,0xA598,0x8412,0x2947,0xBDF9,0xD6BC,0xF81F,0xF81F,0xF81F,0xF81F,0xF81F,0xF81F,0x1002,0x528D,0x94D5,
  0x18C4,0xF81F,0xF81F,0xF81F,0xF81F,0xF81F,0xF81F,0xF81F,0xF81F,0x9CD6,0x9CD6,0x528C,0x0000,0xF81F,0xF81F,0xF81F,0xF81F,0xF81F,0xF81F,0xBDFA,0x8413,0x18A4,0x632F,0x6BB0,
  0x7411,0xD73D,0x428B,0x0021,0x2987,0x4AAB,0x63AF,0x10C3,0x9DB7,0x7C52,0x530E,0xE77E,0x8494,0xA5B7,0x8CD4,0x9515,0x8D15,0x8CB4,0x8CF5,0x84B4,0xA5D8,0x63B0,0x7411,0xA597,
  0x2146,0x530D,0x6BB0,0x426B,0x4AAC,0x0842,0x8D14,0x9495,0x7C13,0x6B2F,0x7BF1,0x1083,0x8472,0xC71A,0x4948,0xF81F,0xF81F,0xF81F,0xF81F,0xF81F,0xF81F,0x28E8,0x7B91,0xB5F8,
  0x1001,0xF81F,0xF81F,0xF81F,0xF81F,0xF81F,0xF81F,0xF81F,0xA516,0x638F,0x1062,0xF81F,0xF81F,0xF81F,0xF81F,0xF81F,0x0001,0xD6BC,0x8C93,0x5AEE,0x0842,0x4A6B,0x52ED,0x5B8E,
  0x5B8F,0x7452,0x8CF5,0x2967,0x0842,0x3A09,0x0841,0x638F,0x63B0,0x9D97,0x4ACC,0x9515,0x9D76,0xCEFC,0xCEDD,0xC6BC,0xBE3A,0xB5F8,0x73F1,0x7452,0xB639,0x7C93,0x530D,0x3A29,
  0x31C8,0x31E8,0x2187,0x2987,0xB638,0x7C72,0x6BB0,0x6B6F,0x526C,0x6B2E,0x0001,0x5B2F,0x9DD5,0xC6BA,0x0000,0xF81F,0xF81F,0xF81F,0xF81F,0xF81F,0xF81F,0x420D,0x7C31,0xCE7A,
  0xF81F,0xF81F,0xF81F,0xF81F,0xF81F,0xF81F,0x498B,0x8411,0x1843,0xF81F,0xF81F,0xF81F,0xF81F,0xF81F,0xF81F,0xAD19,0x8CB4,0x638E,0x1043,0xF81F,0xF81F,0x52CC,0x3A4A,0x31C9,
  0x2967,0x42AC,0x6BB0,0x84B4,0x2987,0x0021,0x7CB3,0x530D,0x6390,0x84F4,0x94F5,0xCEDB,0xA597,0xD73D,0x9D56,0xDF3E,0x9D56,0xA5D8,0x7411,0x7452,0x7C51,0x638F,0x424A,0x3A4A,
  0x4ACB,0x6BB0,0x7411,0x3A4A,0x428B,0x4A6B,0x62ED,0xF81F,0xF81F,0xF81F,0x49AF,0x636F,0x9574,0xF79F,0xF81F,0xF81F,0xF81F,0xF81F,0xF81F,0xF81F,0x0000,0x5B4E,0xBE58,0xF81F,
  0xF81F,0xF81F,0xF81F,0xF81F,0x1004,0x9452,0x3927,0xF81F,0xF81F,0xF81F,0xF81F,0xF81F,0xF81F,0x0000,0xCE9C,0x6B90,0x52CC,0xF81F,0xF81F,0xF81F,0xF81F,0x6B70,0xD6DD,0xC65B,
  0x10E5,0x1906,0x4AED,0x4AAD,0x0001,0x6BD0,0x4ACC,0x6BF0,0x9D56,0xA578,0xDF5E,0xA597,0xC69B,0xC69B,0x9D36,0xC69C,0xB63A,0xB63A,0x3A09,0x5B2D,0x634E,0x426A,0x52EC,0x4ACC,
  0x39E9,0x428B,0x4A8B,0xB5D8,0x28A5,0x2844,0xF81F,0xF81F,0xF81F,0x1007,0x4A4B,0x7C31,0xC65A,0x1001,0xF81F,0xF81F,0xF81F,0xF81F,0xF81F,0xF81F,0x0000,0x7B90,0xCDF8,0xF81F,
  0xF81F,0xF81F,0xF81F,0x7370,0x6B8D,0xF81F,0xF81F,0xF81F,0xF81F,0xF81F,0xF81F,0xF81F,0xF81F,0x7C32,0x530D,0x1924,0xF81F,0xF81F,0xF81F,0xF81F,0xE77F,0x6B71,0x8CF5,0xADF8,
  0xCEBC,0x7C51,0x10A4,0x0001,0x4A8B,0x29A8,0x6BAF,0xC69B,0x0001,0x3A8E,0xC69B,0xCEDC,0xC67B,0xC6BC,0x0001,0x10C5,0xADD8,0x7430,0x31E9,0x7410,0x0000,0x3209,0x2127,0x530D,
  0xADB8,0x8CD4,0x7C32,0xBDDA,0xF81F,0xF81F,0xF81F,0xF81F,0x1006,0x3168,0x638F,0xA5B6,0xF81F,0xF81F,0xF81F,0xF81F,0xF81F,0xF81F,0xF81F,0xF81F,0x41CA,0x9473,0xF81F,0xF81F,
  0xF81F,0xF81F,0x7390,0x2904,0xF81F,0xF81F,0xF81F,0xF81F,0xF81F,0xF81F,0xF81F,0xE75E,0x73F1,0x31C7,0xF81F,0xF81F,0xF81F,0xF81F,0x8C52,0xBE1B,0x52CE,0x5B6E,0x6BD0,0x73D1,
  0x73F2,0xB5F9,0x7C52,0x2105,0x4A8C,0x8452,0xADB7,0x0885,0x0086,0x3B70,0xAE19,0xC69B,0x1948,0x3AAF,0x0001,0xADD9,0x7431,0x0001,0x3A09,0x2968,0x4ACC,0x7BD1,0x7C12,0x73D2,
  0x62EE,0x634F,0x9D99,0x9454,0xF81F,0xF81F,0xF81F,0xF81F,0xF81F,0x42CA,0x6B90,0xCE7D,0xF81F,0xF81F,0xF81F,0xF81F,0xF81F,0xF81F,0xF81F,0x0803,0x7BB0,0x1063,0xF81F,0xF81F,
  0x2889,0x62AC,0x2003,0xF81F,0xF81F,0xF81F,0xF81F,0xF81F,0xF81F,0xCDFB,0x7412,0xF81F,0xF81F,0xF81F,0xF81F,0xF81F,0x0001,0xADB6,0x8C73,0x39C9,0x0000,0x52CD,0x52AD,0x52CD,
  0x52AC,0x422A,0x39C9,0x0823,0x6BD0,0xBE59,0x63D1,0x0000,0x0000,0x8D36,0x7CB4,0x0000,0x0001,0xBF7F,0x9515,0x5B2D,0x0001,0x2146,0x530D,0x5B4E,0x52ED,0x5AED,0x5AEF,0x0000,
  0x4AAC,0x7493,0x8D75,0xF81F,0xF81F,0xF81F,0xF81F,0xF81F,0x0801,0x426A,0x84B4,0x8C35,0xF81F,0xF81F,0xF81F,0xF81F,0xF81F,0xF81F,0xF81F,0x6AED,0x20C4,0xF81F,0xF81F,0x5B90,
  0x30E5,0xF81F,0xF81F,0xF81F,0xF81F,0xF81F,0xF81F,0xF81F,0xAD79,0x7C53,0xF81F,0xF81F,0xF81F,0xF81F,0xF81F,0x1043,0xC638,0x6BAE,0x1884,0xF81F,0x0801,0x1083,0x426A,0x422A,
  0x52CC,0x0822,0x5B8E,0x31E8,0x73F1,0x9597,0xA65B,0x8576,0x7C93,0x322A,0xB61A,0xB6BE,0x9558,0x7C72,0x29A7,0x6C10,0x0883,0x31E8,0x424B,0x52CD,0x1863,0xF81F,0xF81F,0x0803,
  0x6BF1,0xBF5B,0x0000,0xF81F,0xF81F,0xF81F,0xF81F,0xF81F,0x0800,0x6370,0x9D58,0x0822,0xF81F,0xF81F,0xF81F,0xF81F,0xF81F,0xF81F,0x1002,0x7390,0x0000,0x0000,0x538D,0xF81F,
  0xF81F,0xF81F,0xF81F,0xF81F,0xF81F,0xF81F,0xCEBC,0x8413,0x2084,0xF81F,0xF81F,0xF81F,0xF81F,0xF81F,0x0801,0xC659,0x6BAE,0x1824,0xF81F,0xF81F,0xF81F,0x0001,0x0000,0x0000,
  0x9557,0x7433,0x20C4,0x39E8,0x39C9,0x0021,0x9536,0x6BD1,0x2147,0xA576,0x428A,0x2105,0x4AAC,0x1083,0x5B2E,0x9536,0x0021,0x1023,0x2064,0xF81F,0xF81F,0xF81F,0x1001,0x5B6F,
  0xA679,0x0000,0xF81F,0xF81F,0xF81F,0xF81F,0xF81F,0xF81F,0x31AA,0x8C74,0xCEDE,0xF81F,0xF81F,0xF81F,0xF81F,0xF81F,0xF81F,0xF81F,0x632E,0x0000,0x0000,0x536B,0xF81F,0xF81F,
  0xF81F,0xF81F,0xF81F,0xF81F,0x1824,0x8D74,0x41A7,0xF81F,0xF81F,0xF81F,0xF81F,0xF81F,0x0801,0xDEBE,0x8431,0x4A68,0xF81F,0xF81F,0xF81F,0xF81F,0xF81F,0x0000,0xC69C,0x5B10,
  0x4AAB,0x39C7,0x0821,0x4A4B,0x3A2A,0x31C8,0x530D,0x1926,0x2146,0x10E4,0x1925,0x18A4,0x2966,0x4AAA,0x6BB1,0xC73E,0x0802,0xF81F,0xF81F,0xF81F,0xF81F,0xF81F,0x5ACE,0x8575,
  0xB618,0xF81F,0xF81F,0xF81F,0xF81F,0xF81F,0xF81F,0x0801,0x8492,0xA516,0x0020,0xF81F,0xF81F,0xF81F,0xF81F,0xF81F,0xF81F,0x4A8A,0x0000,0x0000,0x3167,0xF81F,0xF81F,0xF81F,
  0xF81F,0xF81F,0xF81F,0xACD8,0x3167,0xF81F,0xF81F,0xF81F,0xF81F,0xF81F,0xF81F,0x0000,0xC63D,0x73F0,0x3A26,0xF81F,0xF81F,0xF81F,0xF81F,0xF81F,0xBD38,0x9495,0x422C,0x10A2,
  0x28C6,0x1021,0x51ED,0xE77F,0x532E,0x1947,0x0042,0x0001,0xA597,0x20E5,0xF81F,0x0001,0x0842,0x3948,0x9DDA,0xBE9C,0xF81F,0xF81F,0xF81F,0xF81F,0xF81F,0xF81F,0x7CF4,0x7C91,
  0xF81F,0xF81F,0xF81F,0xF81F,0xF81F,0xF81F,0xF81F,0x1041,0x3228,0xB6BB,0xF81F,0xF81F,0xF81F,0xF81F,0xF81F,0xF81F,0x424A,0x0000,0xF81F,0xF81F,0xF81F,0xF81F,0xF81F,0xF81F,
  0xF81F,0xF81F,0xB577,0x4A8A,0xF81F,0xF81F,0xF81F,0xF81F,0xF81F,0xF81F,0x0000,0xBD9A,0x6B8F,0xF81F,0xF81F,0xF81F,0xF81F,0xF81F,0xF81F,0xA475,0x732F,0x1004,0xF81F,0xF81F,
  0xF81F,0xF81F,0xA61A,0x534E,0x4AEE,0x534F,0x0042,0xADB8,0x39C9,0xF81F,0xF81F,0xF81F,0x1883,0x536E,0x5AAD,0xF81F,0xF81F,0xF81F,0xF81F,0xF81F,0xF81F,0x6451,0xD75D,0x0000,
  0xF81F,0xF81F,0xF81F,0xF81F,0xF81F,0xF81F,0x1002,0x436C,0xB67A,0x1803,0xF81F,0xF81F,0xF81F,0xF81F,0xF81F,0xF81F,0xF81F,0xF81F,0xF81F,0xF81F,0xF81F,0xF81F,0xF81F,0xF81F,
  0x7BD4,0x636E,0x28C4,0xF81F,0xF81F,0xF81F,0xF81F,0xF81F,0xF81F,0xCE1B,0x7391,0x528D,0xF81F,0xF81F,0xF81F,0xF81F,0xF81F,0xF81F,0x51CD,0x9CB6,0xF81F,0xF81F,0xF81F,0xF81F,
  0x5A90,0x8516,0x10A5,0x18C6,0x2107,0x0021,0x94F5,0x10A3,0xF81F,0xF81F,0xF81F,0x0000,0x9D16,0xF81F,0xF81F,0xF81F,0xF81F,0xF81F,0xF81F,0xF81F,0x5B8F,0xADF9,0x0000,0xF81F,
  0xF81F,0xF81F,0xF81F,0xF81F,0xF81F,0x0801,0x3A0A,0x6BD2,0xB5F8,0xF81F,0xF81F,0xF81F,0xF81F,0xF81F,0xF81F,0xF81F,0xF81F,0xF81F,0xF81F,0xF81F,0xF81F,0xF81F,0x0000,0x8492,
  0x3988,0x1001,0xF81F,0xF81F,0xF81F,0xF81F,0xF81F,0xF81F,0xCEBB,0x63AF,0xF81F,0xF81F,0xF81F,0xF81F,0xF81F,0xF81F,0xF81F,0x0802,0x8CF3,0xF81F,0xF81F,0xF81F,0xF81F,0x2086,
  0x74B3,0x0000,0x0000,0x0001,0x1865,0x8455,0x0801,0xF81F,0xF81F,0x0000,0xA477,0x9434,0xF81F,0xF81F,0xF81F,0xF81F,0xF81F,0xF81F,0xF81F,0x6BD1,0xB5D9,0x9453,0xF81F,0xF81F,
  0xF81F,0xF81F,0xF81F,0xF81F,0xF81F,0x0000,0x6372,0xC69A,0x1803,0xF81F,0xF81F,0xF81F,0xF81F,0xF81F,0xF81F,0xF81F,0xF81F,0xF81F,0xF81F,0xF81F,0xF81F,0xD71C,0x7470,0x1883,
  0xF81F,0xF81F,0xF81F,0xF81F,0xF81F,0xF81F,0x0000,0xD71D,0x5B6D,0x0800,0xF81F,0xF81F,0xF81F,0xF81F,0xF81F,0xF81F,0xF81F,0x0801,0x6CAF,0x9515,0x1003,0xF81F,0xF81F,0x8C54,
  0x0000,0xF81F,0xF81F,0x1004,0x0802,0xF81F,0xF81F,0x1002,0x8CB7,0xF81F,0x1803,0xF81F,0xF81F,0xF81F,0xF81F,0xF81F,0xF81F,0xF81F,0x0801,0x8C74,0x9474,0xF81F,0xF81F,0xF81F,
  0xF81F,0xF81F,0xF81F,0xF81F,0xF81F,0x0824,0x8412,0x3107,0xF81F,0xF81F,0xF81F,0xF81F,0xF81F,0xF81F,0xF81F,0xF81F,0xF81F,0xF81F,0xF81F,0xF81F,0xB678,0x6BCD,0xF81F,0xF81F,
  0xF81F,0xF81F,0xF81F,0xF81F,0xF81F,0xF81F,0xBE59,0x5B8E,0xF81F,0xF81F,0xF81F,0xF81F,0xF81F,0xF81F,0xF81F,0xF81F,0xF81F,0x0000,0x63AE,0xF81F,0xF81F,0xF81F,0x0000,0xF81F,
  0xF81F,0xF81F,0x0000,0xF81F,0xF81F,0xF81F,0x42EF,0x1904,0xF81F,0xF81F,0xF81F,0xF81F,0xF81F,0xF81F,0xF81F,0xF81F,0xF81F,0x0001,0x6B30,0xB5D9,0xF81F,0xF81F,0xF81F,0xF81F,
  0xF81F,0xF81F,0xF81F,0xF81F,0x0803,0x73D1,0x5AEB,0xF81F,0xF81F,0xF81F,0xF81F,0xF81F,0xF81F,0xF81F,0xF81F,0xF81F,0xF81F,0xF81F,0xF81F,0x7410,0xF81F,0xF81F,0xF81F,0xF81F,
  0xF81F,0xF81F,0xF81F,0xF81F,0xA496,0x9575,0x6BAF,0xF81F,0xF81F,0xF81F,0xF81F,0xF81F,0xF81F,0xF81F,0xF81F,0xF81F,0xF81F,0x0802,0x1003,0xF81F,0xF81F,0xF81F,0xF81F,0xF81F,
  0xF81F,0xF81F,0xF81F,0xF81F,0xF81F,0x1003,0xF81F,0xF81F,0xF81F,0xF81F,0xF81F,0xF81F,0xF81F,0xF81F,0xF81F,0xF81F,0x1004,0x6AD0,0xB5B8,0x0000,0xF81F,0xF81F,0xF81F,0xF81F,
  0xF81F,0xF81F,0xF81F,0xF81F,0x73B0,0x8471,0xF81F,0xF81F,0xF81F,0xF81F,0xF81F,0xF81F,0xF81F,0xF81F,0xF81F,0xF81F,0xF81F,0x9432,0x52EB,0x0000,0xF81F,0xF81F,0xF81F,0xF81F,
  0xF81F,0xF81F,0xF81F,0x94D5,0x530D,0x0821,0xF81F,0xF81F,0xF81F,0xF81F,0xF81F,0xF81F,0xF81F,0xF81F,0xF81F,0xF81F,0xF81F,0xF81F,0xF81F,0xF81F,0xF81F,0xF81F,0xF81F,0xF81F,
  0xF81F,0xF81F,0xF81F,0xF81F,0xF81F,0xF81F,0xF81F,0xF81F,0xF81F,0xF81F,0xF81F,0xF81F,0xF81F,0xF81F,0xF81F,0xF81F,0x0822,0x6BCF,0x0000,0xF81F,0xF81F,0xF81F,0xF81F,0xF81F,
  0xF81F,0xF81F,0xF81F,0x0000,0x738F,0x1042,0xF81F,0xF81F,0xF81F,0xF81F,0xF81F,0xF81F,0xF81F,0xF81F,0xF81F,0x0000,0x7B70,0x0000,0xF81F,0xF81F,0xF81F,0xF81F,0xF81F,0xF81F,
  0xF81F,0xF81F,0xBDD8,0x73AF,0x0801,0xF81F,0xF81F,0xF81F,0xF81F,0xF81F,0xF81F,0xF81F,0xF81F,0xF81F,0xF81F,0xF81F,0xF81F,0xF81F,0xF81F,0xF81F,0xF81F,0xF81F,0xF81F,0xF81F,
  0xF81F,0xF81F,0xF81F,0xF81F,0xF81F,0xF81F,0xF81F,0xF81F,0xF81F,0xF81F,0xF81F,0xF81F,0xF81F,0xF81F,0xF81F,0x1044,0xA5D7,0x0801,0xF81F,0xF81F,0xF81F,0xF81F,0xF81F,0xF81F,
  0xF81F,0xF81F,0xF81F,0x5B4D,0x0000,0xF81F,0xF81F,0xF81F,0xF81F,0xF81F,0xF81F,0xF81F,0xF81F,0xF81F,0x0000,0x73D0,0x0001,0xF81F,0xF81F,0xF81F,0xF81F,0xF81F,0xF81F,0xF81F,
  0xF81F,0xAD96,0x73AF,0x0000,0xF81F,0xF81F,0xF81F,0xF81F,0xF81F,0xF81F,0xF81F,0xF81F,0xF81F,0xF81F,0xF81F,0xF81F,0xF81F,0xF81F,0xF81F,0xF81F,0xF81F,0xF81F,0xF81F,0xF81F,
  0xF81F,0xF81F,0xF81F,0xF81F,0xF81F,0xF81F,0xF81F,0xF81F,0xF81F,0xF81F,0xF81F,0xF81F,0xF81F,0xF81F,0x1844,0xA5D7,0x0800,0xF81F,0xF81F,0xF81F,0xF81F,0xF81F,0xF81F,0xF81F,
  0xF81F,0xF81F,0x2125,0x7B6F,0x0000,0xF81F,0xF81F,0xF81F,0xF81F,0xF81F,0xF81F,0xF81F,0xF81F,0x0000,0x2966,0xF81F,0xF81F,0xF81F,0xF81F,0xF81F,0xF81F,0xF81F,0xF81F,0xF81F,
  0x8452,0x6B4F,0x0000,0xF81F,0xF81F,0xF81F,0xF81F,0xF81F,0xF81F,0xF81F,0xF81F,0xF81F,0xF81F,0xF81F,0xF81F,0xF81F,0xF81F,0xF81F,0xF81F,0xF81F,0xF81F,0xF81F,0xF81F,0xF81F,
  0xF81F,0xF81F,0xF81F,0xF81F,0xF81F,0xF81F,0xF81F,0xF81F,0xF81F,0xF81F,0xF81F,0xF81F,0xF81F,0x1024,0x9D36,0x0000,0xF81F,0xF81F,0xF81F,0xF81F,0xF81F,0xF81F,0xF81F,0xF81F,
  0xF81F,0xF81F,0x7BAF,0x0000,0xF81F,0xF81F,0xF81F,0xF81F,0xF81F,0xF81F,0xF81F,0x0801,0x648E,0xF81F,0xF81F,0xF81F,0xF81F,0xF81F,0xF81F,0xF81F,0xF81F,0xF81F,0x0000,0xADB6,
  0x1063,0xF81F,0xF81F,0xF81F,0xF81F,0xF81F,0xF81F,0xF81F,0xF81F,0xF81F,0xF81F,0xF81F,0xF81F,0xF81F,0xF81F,0xF81F,0xF81F,0xF81F,0xF81F,0xF81F,0xF81F,0xF81F,0xF81F,0xF81F,
  0xF81F,0xF81F,0xF81F,0xF81F,0xF81F,0xF81F,0xF81F,0xF81F,0xF81F,0xF81F,0xF81F,0xF81F,0xF81F,0x73F0,0xCE7B,0xF81F,0xF81F,0xF81F,0xF81F,0xF81F,0xF81F,0xF81F,0xF81F,0xF81F,
  0x1002,0x6BAD,0x5A6A,0xF81F,0xF81F,0xF81F,0xF81F,0xF81F,0xF81F,0xF81F,0x0801,0x5C2C,0xF81F,0xF81F,0xF81F,0xF81F,0xF81F,0xF81F,0xF81F,0xF81F,0xF81F,0x0000,0xA575,0x0021,
  0xF81F,0xF81F,0xF81F,0xF81F,0xF81F,0xF81F,0xF81F,0xF81F,0xF81F,0xF81F,0xF81F,0xF81F,0xF81F,0xF81F,0xF81F,0xF81F,0xF81F,0xF81F,0xF81F,0xF81F,0xF81F,0xF81F,0xF81F,0xF81F,
  0xF81F,0xF81F,0xF81F,0xF81F,0xF81F,0xF81F,0xF81F,0xF81F,0xF81F,0xF81F,0xF81F,0xF81F,0x530C,0xA618,0xF81F,0xF81F,0xF81F,0xF81F,0xF81F,0xF81F,0xF81F,0xF81F,0xF81F,0xF81F,
  0x0000,0x634D,0xF81F,0xF81F,0xF81F,0xF81F,0xF81F,0xF81F,0xF81F,0x0000,0x534B,0x0801,0xF81F,0xF81F,0xF81F,0xF81F,0xF81F,0xF81F,0xF81F,0xF81F,0x0000,0xA535,0x0821,0xF81F,
  0xF81F,0xF81F,0xF81F,0xF81F,0xF81F,0xF81F,0xF81F,0xF81F,0xF81F,0xF81F,0xF81F,0xF81F,0xF81F,0xF81F,0xF81F,0xF81F,0xF81F,0xF81F,0xF81F,0xF81F,0xF81F,0xF81F,0xF81F,0xF81F,
  0xF81F,0xF81F,0xF81F,0xF81F,0xF81F,0xF81F,0xF81F,0xF81F,0xF81F,0xF81F,0xF81F,0x4A2B,0x9DF7,0xF81F,0xF81F,0xF81F,0xF81F,0xF81F,0xF81F,0xF81F,0xF81F,0xF81F,0xF81F,0x0000,
  0x632C,0xF81F,0xF81F,0xF81F,0xF81F,0xF81F,0xF81F,0xF81F,0xF81F,0x0000,0xF81F,0xF81F,0xF81F,0xF81F,0xF81F,0xF81F,0xF81F,0xF81F,0xF81F,0x0000,0x9D74,0x1022,0xF81F,0xF81F,
  0xF81F,0xF81F,0xF81F,0xF81F,0xF81F,0xF81F,0xF81F,0xF81F,0xF81F,0xF81F,0xF81F,0xF81F,0xF81F,0xF81F,0xF81F,0xF81F,0xF81F,0xF81F,0xF81F,0xF81F,0xF81F,0xF81F,0xF81F,0xF81F,
  0xF81F,0xF81F,0xF81F,0xF81F,0xF81F,0xF81F,0xF81F,0xF81F,0xF81F,0xF81F,0x4A0B,0x9DF6,0xF81F,0xF81F,0xF81F,0xF81F,0xF81F,0xF81F,0xF81F,0xF81F,0xF81F,0xF81F,0xF81F,0x0000,
  0xF81F,0xF81F,0xF81F,0xF81F,0xF81F,0xF81F,0xF81F,0xF81F,0xF81F,0xF81F,0xF81F,0xF81F,0xF81F,0xF81F,0xF81F,0xF81F,0xF81F,0xF81F,0x0801,0x9D34,0x1022,0xF81F,0xF81F,0xF81F,
  0xF81F,0xF81F,0xF81F,0xF81F,0xF81F,0xF81F,0xF81F,0xF81F,0xF81F,0xF81F,0xF81F,0xF81F,0xF81F,0xF81F,0xF81F,0xF81F,0xF81F,0xF81F,0xF81F,0xF81F,0xF81F,0xF81F,0xF81F,0xF81F,
  0xF81F,0xF81F,0xF81F,0xF81F,0xF81F,0xF81F,0xF81F,0xF81F,0xF81F,0x522C,0x8D95,0xF81F,0xF81F,0xF81F,0xF81F,0xF81F,0xF81F,0xF81F,0xF81F,0xF81F,0xF81F,0xF81F,0xF81F,0xF81F,
  0xF81F,0xF81F,0xF81F,0xF81F,0xF81F,0xF81F,0xF81F,0xF81F,0xF81F,0xF81F,0xF81F,0xF81F,0xF81F,0xF81F,0xF81F,0xF81F,0xF81F,0x0802,0x9CF3,0x0821,0xF81F,0xF81F,0xF81F,0xF81F,
  0xF81F,0xF81F,0xF81F,0xF81F,0xF81F,0xF81F,0xF81F,0xF81F,0xF81F,0xF81F,0xF81F,0xF81F,0xF81F,0xF81F,0xF81F,0xF81F,0xF81F,0xF81F,0xF81F,0xF81F,0xF81F,0xF81F,0xF81F,0xF81F,
  0xF81F,0xF81F,0xF81F,0xF81F,0xF81F,0xF81F,0xF81F,0xF81F,0x4A2B,0xA5F7,0xF81F,0xF81F,0xF81F,0xF81F,0xF81F,0xF81F,0xF81F,0xF81F,0xF81F,0xF81F,0xF81F,0xF81F,0xF81F,0xF81F,
  0xF81F,0xF81F,0xF81F,0xF81F,0xF81F,0xF81F,0xF81F,0xF81F,0xF81F,0xF81F,0xF81F,0xF81F,0xF81F,0xF81F,0xF81F,0xF81F,0xF81F,0xF81F,0x3167,0xF81F,0xF81F,0xF81F,0xF81F,0xF81F,
  0xF81F,0xF81F,0xF81F,0xF81F,0xF81F,0xF81F,0xF81F,0xF81F,0xF81F,0xF81F,0xF81F,0xF81F,0xF81F,0xF81F,0xF81F,0xF81F,0xF81F,0xF81F,0xF81F,0xF81F,0xF81F,0xF81F,0xF81F,0xF81F,
  0xF81F,0xF81F,0xF81F,0xF81F,0xF81F,0xF81F,0xF81F,0x636D,0x0000,0xF81F,0xF81F,0xF81F,0xF81F,0xF81F,0xF81F,0xF81F,0xF81F,0xF81F,0xF81F,0xF81F,0xF81F,0xF81F,0xF81F,0xF81F,
  0xF81F,0xF81F,0xF81F,0xF81F,0xF81F,0xF81F,0xF81F,0xF81F,0xF81F,0xF81F,0xF81F,0xF81F,0xF81F,0xF81F,0xF81F,0xF81F,0x0000,0x5B8D,0x0800,0xF81F,0xF81F,0xF81F,0xF81F,0xF81F,
  0xF81F,0xF81F,0xF81F,0xF81F,0xF81F,0xF81F,0xF81F,0xF81F,0xF81F,0xF81F,0xF81F,0xF81F,0xF81F,0xF81F,0xF81F,0xF81F,0xF81F,0xF81F,0xF81F,0xF81F,0xF81F,0xF81F,0xF81F,0xF81F,
  0xF81F,0xF81F,0xF81F,0xF81F,0xF81F,0x0000,0x636D,0x0800,0xF81F,0xF81F,0xF81F,0xF81F,0xF81F,0xF81F,0xF81F,0xF81F,0xF81F,0xF81F,0xF81F,0xF81F,0xF81F,0xF81F,0xF81F,0xF81F,
  0xF81F,0xF81F,0xF81F,0xF81F,0xF81F,0xF81F,0xF81F,0xF81F,0xF81F,0xF81F,0xF81F,0xF81F,0xF81F,0xF81F,0xF81F,0x0000,0x638D,0x0000,0xF81F,0xF81F,0xF81F,0xF81F,0xF81F,0xF81F,
  0xF81F,0xF81F,0xF81F,0xF81F,0xF81F,0xF81F,0xF81F,0xF81F,0xF81F,0xF81F,0xF81F,0xF81F,0xF81F,0xF81F,0xF81F,0xF81F,0xF81F,0xF81F,0xF81F,0xF81F,0xF81F,0xF81F,0xF81F,0xF81F,
  0xF81F,0xF81F,0xF81F,0xF81F,0x0000,0x7B8F,0x0802,0xF81F,0xF81F,0xF81F,0xF81F,0xF81F,0xF81F,0xF81F,0xF81F,0xF81F,0xF81F,0xF81F,0xF81F,0xF81F,0xF81F,0xF81F,0xF81F,0xF81F,
  0xF81F,0xF81F,0xF81F,0xF81F,0xF81F,0xF81F,0xF81F,0xF81F,0xF81F,0xF81F,0xF81F,0xF81F,0xF81F,0xF81F,0xF81F,0x1083,0xF81F,0xF81F,0xF81F,0xF81F,0xF81F,0xF81F,0xF81F,0xF81F,
  0xF81F,0xF81F,0xF81F,0xF81F,0xF81F,0xF81F,0xF81F,0xF81F,0xF81F,0xF81F,0xF81F,0xF81F,0xF81F,0xF81F,0xF81F,0xF81F,0xF81F,0xF81F,0xF81F,0xF81F,0xF81F,0xF81F,0xF81F,0xF81F,
  0xF81F,0xF81F,0xF81F,0xF81F,0x0841,0xF81F,0xF81F,0xF81F,0xF81F,0xF81F,0xF81F,0xF81F,0xF81F,0xF81F,0xF81F,0xF81F,0xF81F,0xF81F,0xF81F,0xF81F,0xF81F,0xF81F
};
static const uint16_t M19[] = {
  0xF81F,0xF81F,0xF81F,0xF81F,0xF81F,0xF81F,0xF81F,0xF81F,0xF81F,0xF81F,0xF81F,0xF81F,0xF81F,0xF81F,0xF81F,0xF81F,0xF81F,0xF81F,0xF81F,0xF81F,0xF81F,0xF81F,0xF81F,0xF81F,
  0xF81F,0xF81F,0xF81F,0xF81F,0xF81F,0xF81F,0xF81F,0xF81F,0xF81F,0xF81F,0xF81F,0xF81F,0xF81F,0xF81F,0xF81F,0xF81F,0xF81F,0xF81F,0xF81F,0xF81F,0xF81F,0xF81F,0xF81F,0xF81F,
  0xF81F,0xF81F,0xF81F,0xF81F,0xF81F,0xF81F,0xF81F,0xF81F,0xF81F,0xF81F,0xF81F,0xF81F,0xF81F,0xF81F,0xF81F,0xF81F,0xF81F,0xF81F,0xF81F,0xF81F,0xF81F,0xF81F,0xF81F,0x7185,
  0xF81F,0xF81F,0xF81F,0xF81F,0xF81F,0xF81F,0xF81F,0xF81F,0xF81F,0xF81F,0xF81F,0xF81F,0xF81F,0xF81F,0xF81F,0xF81F,0xF81F,0xF81F,0xF81F,0xF81F,0xF81F,0xF81F,0xF81F,0xF81F,
  0xF81F,0xF81F,0xF81F,0xF81F,0xF81F,0xF81F,0xF81F,0xF81F,0xF81F,0xF81F,0xF81F,0xF81F,0xF81F,0xF81F,0xF81F,0xF81F,0xF81F,0xF81F,0xF81F,0xF81F,0xF81F,0xF81F,0xF81F,0xF81F,
  0xF81F,0xF81F,0xF81F,0xF81F,0xF81F,0xF81F,0xF81F,0xF81F,0xF81F,0xF81F,0xF81F,0xF81F,0xF81F,0xF81F,0xF81F,0xF81F,0xF81F,0xF81F,0xF81F,0xF81F,0xF81F,0xF81F,0xF81F,0xF81F,
  0xF81F,0xF81F,0xF81F,0xF81F,0xF81F,0xF81F,0xF81F,0xF81F,0x8B46,0xFFF3,0x71A1,0xF81F,0xF81F,0xF81F,0xF81F,0xF81F,0xF81F,0xF81F,0xF81F,0xF81F,0xF81F,0xF81F,0xF81F,0xF81F,
  0xF81F,0xF81F,0xF81F,0xF81F,0xF81F,0xF81F,0xF81F,0xF81F,0xF81F,0xF81F,0xF81F,0xF81F,0xF81F,0xF81F,0xF81F,0xF81F,0xF81F,0xF81F,0xF81F,0xF81F,0xF81F,0xF81F,0xF81F,0xF81F,
  0xF81F,0xF81F,0xF81F,0xF81F,0xF81F,0xF81F,0xF81F,0xF81F,0xF81F,0xF81F,0xF81F,0xF81F,0xF81F,0xF81F,0xF81F,0xF81F,0xF81F,0xF81F,0xF81F,0xF81F,0xF81F,0xF81F,0xF81F,0xF81F,
  0xF81F,0xF81F,0xF81F,0xF81F,0xF81F,0xF81F,0xF81F,0xF81F,0xF81F,0xF81F,0xF81F,0xF81F,0xF81F,0xF81F,0xF81F,0xF81F,0xF81F,0xF81F,0xA429,0xF7B4,0xFFF1,0xE727,0xF81F,0xF81F,
  0xF81F,0xF81F,0xF81F,0xF81F,0xF81F,0xF81F,0xF81F,0xF81F,0xF81F,0xF81F,0xF81F,0xF81F,0xF81F,0xF81F,0xF81F,0xF81F,0xF81F,0xF81F,0xF81F,0xF81F,0xF81F,0xF81F,0xF81F,0xF81F,
  0xF81F,0xF81F,0xF81F,0xF81F,0xF81F,0xF81F,0xF81F,0xF81F,0xF81F,0xF81F,0xF81F,0xF81F,0xF81F,0xF81F,0xF81F,0xF81F,0xF81F,0xF81F,0xF81F,0xF81F,0xF81F,0xF81F,0xF81F,0xF81F,
  0xF81F,0xF81F,0x68C3,0xF81F,0xF81F,0xF81F,0xF81F,0xF81F,0xF81F,0xF81F,0xF81F,0xF81F,0xF81F,0xF81F,0xF81F,0xF81F,0xF81F,0xF81F,0xF81F,0xF81F,0xF81F,0xF81F,0xF81F,0xF81F,
  0xF81F,0xF81F,0xF81F,0xF81F,0x7AC4,0xFFF6,0xFFF5,0xEF86,0xF767,0xF81F,0xF81F,0xF81F,0xF81F,0xF81F,0xF81F,0xF81F,0xF81F,0xF81F,0xF81F,0xF81F,0xF81F,0xF81F,0xF81F,0xF81F,
  0xF81F,0xF81F,0xF81F,0xF81F,0xF81F,0xF81F,0x9BA3,0xF81F,0xF81F,0xF81F,0xF81F,0xF81F,0xF81F,0xF81F,0xF81F,0xF81F,0xF81F,0xF81F,0xF81F,0xF81F,0xF81F,0xF81F,0xF81F,0xF81F,
  0xF81F,0xF81F,0xF81F,0xFFEC,0x71C3,0xF81F,0xF81F,0xF81F,0xF81F,0xF81F,0xF81F,0xF81F,0xD64D,0xEF48,0xA2A9,0xF81F,0xF81F,0xF81F,0xF81F,0xF81F,0xF81F,0xF81F,0xF81F,0xF81F,
  0xF81F,0xF81F,0xF81F,0xF81F,0xF81F,0xF81F,0xF81F,0xF81F,0xE6AE,0x7943,0xF81F,0xF81F,0xF81F,0xF81F,0x6241,0xFFF8,0xFFF7,0xFFF0,0xF7C4,0xEFA4,0xF81F,0xF81F,0xF81F,0xF81F,
  0xF81F,0xF81F,0xF81F,0xF81F,0xF81F,0xF81F,0xF81F,0xF81F,0xF81F,0xF81F,0xF81F,0xF81F,0xF81F,0xF81F,0xF81F,0xF81F,0xF81F,0xFFF0,0xFFF5,0xFFF4,0xA467,0x8A43,0xF81F,0xF81F,
  0xF81F,0xF81F,0xF81F,0xF81F,0xF74E,0xF81F,0xF81F,0xF81F,0xF81F,0xF81F,0xF81F,0xF81F,0xF81F,0xF81F,0xFFEB,0xEFB5,0xFFB1,0xF81F,0xF81F,0xF81F,0xF81F,0xF81F,0xEF0E,0xF7B2,
  0xEF86,0xD663,0xB28B,0xF81F,0xF81F,0xF81F,0xF81F,0xF81F,0xF81F,0xF81F,0xF81F,0xF81F,0xF81F,0xF81F,0xF81F,0xF81F,0xF81F,0xF81F,0xFFF4,0xFFF5,0xA481,0xF81F,0xF81F,0xF81F,
  0xC58D,0xFFF1,0xFFF7,0xFFF8,0xEF86,0xF7E4,0xEFC3,0x6884,0xF81F,0xF81F,0xF81F,0xF81F,0xF81F,0xF81F,0xF81F,0xF81F,0xF81F,0xF81F,0xF81F,0xF81F,0xF81F,0xF81F,0xF81F,0xF81F,
  0xF81F,0xF81F,0xF81F,0xF81F,0xF7C8,0xEF71,0xF7CC,0xF7AC,0xFFF5,0xFFF6,0xF81F,0xF81F,0xF81F,0xF81F,0xB4A6,0xF7B2,0xFFCE,0x7044,0xF81F,0xF81F,0xF81F,0xF81F,0xF81F,0xF81F,
  0x5061,0xF7E7,0xFFF3,0xE74A,0x7221,0xF81F,0xF81F,0xF81F,0xDE87,0xFFED,0xBDC7,0x4A00,0x3160,0xBDA8,0x5064,0xF81F,0xF81F,0xF81F,0xF81F,0xF81F,0xF81F,0xF81F,0xF81F,0xF81F,
  0xF81F,0xF81F,0xF81F,0xF81F,0xFFF2,0xFFF4,0xFFF3,0x9CA0,0xF81F,0xF81F,0xF81F,0xFFF0,0xEFA3,0xFFF6,0xF7F1,0xEFC4,0xF7C4,0xF7E3,0xABC7,0xF81F,0xF81F,0xF81F,0xF81F,0xF81F,
  0xF81F,0xF81F,0xF81F,0xF81F,0xF81F,0xF81F,0xF81F,0xF81F,0xF81F,0xF81F,0xF81F,0xF81F,0xF81F,0xF81F,0xF81F,0xFFC4,0xFFF3,0xF7CB,0xF7CC,0xEF8D,0xFFF7,0xFF6E,0xF81F,0xF81F,
  0xF81F,0xFFCA,0xFFF5,0xF7A8,0xFFAC,0xF81F,0xF81F,0xF81F,0xF81F,0xF81F,0xF81F,0x5922,0xE762,0xEF66,0xEF66,0xEF87,0xF81F,0x68E5,0x5200,0x83C0,0x7BA1,0xAD8D,0x950A,0x94EA,
  0x94EA,0x7B60,0x6906,0xF81F,0xF81F,0xF81F,0xF81F,0xF81F,0xF81F,0xABAB,0x9BC7,0xF81F,0xF81F,0xF81F,0x5920,0xE764,0xFFF0,0xF7AC,0xBDC1,0xF81F,0xF81F,0xA4E8,0xEF83,0xF7C1,
  0xF7B1,0xEF66,0xEFC3,0xEFE3,0xF7E4,0xC585,0xF81F,0xF81F,0xF81F,0xF81F,0xF81F,0xF81F,0xF81F,0xF81F,0xF81F,0xF81F,0xF81F,0xF81F,0xF81F,0xF81F,0xF81F,0xF81F,0xF81F,0xF81F,
  0xF81F,0xF81F,0xF7A4,0xEF67,0xEF90,0xF7AD,0xEFAE,0xDF48,0xFFF0,0xB524,0xF81F,0xF81F,0xEF89,0xFFF4,0xEF64,0xEF65,0xEEAB,0xF81F,0xF81F,0xF81F,0xF81F,0xF81F,0x50C1,0xE701,
  0xF783,0xBDE0,0xB584,0xA588,0x9D67,0x9D47,0x4222,0x9D09,0x94E9,0x94E9,0x9509,0x950A,0xD6A7,0x8C20,0x9CC9,0xA52A,0xF81F,0xF81F,0xF81F,0xC58C,0xFFF6,0xFFF2,0xF81F,0xF81F,
  0xF81F,0xC5A8,0xE740,0xF7EF,0x8BE0,0xC5E0,0x9248,0xA3AA,0xE786,0xF7C2,0xF7C2,0xFFCD,0xFFEB,0xEF88,0xC602,0xC5E1,0xC4E9,0xF81F,0xF81F,0xF81F,0xF81F,0xF81F,0xF81F,0xF81F,
  0xF81F,0xF81F,0xF81F,0xF81F,0xF81F,0xF81F,0xF81F,0xF81F,0xF81F,0xF81F,0xF81F,0xF81F,0xF81F,0xF784,0xF783,0xEFB0,0xEFB0,0xF7B2,0xDF43,0xE721,0xFFF0,0xAC86,0xF81F,0xC5E2,
  0xEF2E,0xEF61,0xE741,0xFFE9,0x6AA0,0x4A44,0x4A64,0x39C3,0x2841,0x3100,0xDEE4,0xF7C3,0xBDE0,0x6302,0x9509,0x9D68,0x7406,0x4223,0x94C8,0x94E9,0x9CEA,0x950A,0x950A,0x8404,
  0xA587,0x9D09,0xA54B,0x3022,0xF81F,0xCE29,0xF78F,0xEF49,0xFFF2,0x3162,0x4204,0x41E3,0xE70B,0xEF60,0xFFEB,0x9C41,0xC602,0xA501,0xFFEC,0xF7C2,0xF7C2,0xF7C2,0xFFEF,0x9441,
  0x8BE0,0x9400,0xDEC4,0xF81F,0xF81F,0xF81F,0xF81F,0xF81F,0xF81F,0xF81F,0xF81F,0xF81F,0xF81F,0xF81F,0xF81F,0xF81F,0xF81F,0xF81F,0xF81F,0xF81F,0xF81F,0xF81F,0xF81F,0xF81F,
  0xF7A5,0xF7A4,0xEF8A,0xFFF8,0xFFF2,0xE741,0xE740,0xFFEA,0xD6C7,0x6220,0xB560,0xEF46,0xE743,0xD6E1,0xD6A0,0x41E0,0x8CEA,0x8CE9,0x5AE5,0x4A24,0x3160,0x9CA2,0xF7A4,0xCE40,
  0x62A2,0x73C9,0x8448,0x8C89,0x39A2,0x94E9,0x94E9,0x94E9,0x94C9,0x94EB,0x4A04,0xA56A,0x9509,0x842A,0x2862,0xDDCB,0xFFE8,0xDEE2,0xDEA1,0xFF8B,0x5AA6,0x9D2C,0x952A,0x52C0,
  0xEF42,0xFFE9,0x9400,0x9420,0xFFF3,0xE744,0xF7C3,0xF7C3,0xF7C3,0xD689,0x8BE0,0x8BE0,0x9420,0xDE65,0xF81F,0xF81F,0xF81F,0xF81F,0xF81F,0xF81F,0xF81F,0xF81F,0xF81F,0xF81F,
  0xF81F,0xF81F,0xF81F,0xF81F,0xF81F,0xF81F,0xF81F,0xF81F,0xF81F,0xF81F,0xF81F,0xF7C5,0xF7A4,0xE76A,0xFFD8,0xF7EF,0xE740,0xE741,0xE761,0xEF68,0xC625,0xA480,0xC621,0xDEC4,
  0xAD47,0x41A0,0x9D2B,0x8D09,0x952B,0x4A24,0x8C26,0xEF4E,0x9441,0xA4A1,0xD641,0x5A81,0x5286,0x6308,0x5B26,0x5B25,0x5AE6,0x6366,0x94E9,0x94CA,0x6B67,0x62E5,0xA569,0x94CA,
  0x5AA7,0x18A0,0xD6C3,0xCE41,0xCE61,0xD681,0xEF09,0x3162,0x7C09,0x8D09,0x8468,0x6B20,0xC5A2,0x9C42,0xCE2A,0xEF65,0xF7E3,0xF7C3,0xF7E3,0xEFA6,0x83C0,0x9400,0x8C00,0xAD41,
  0x69E0,0xF81F,0xF81F,0xF81F,0xF81F,0xF81F,0xF81F,0xF81F,0xF81F,0xF81F,0xF81F,0xF81F,0xF81F,0xF81F,0xF81F,0xF81F,0xF81F,0xF81F,0xF81F,0xF81F,0xF81F,0xF81F,0xF7E8,0xDEA2,
  0xA500,0xA4C0,0xF7CC,0xEF61,0xEF81,0xEF81,0xEF81,0xEFA4,0xAD21,0x4A00,0x5B25,0x7C69,0x848A,0x8CE9,0x950A,0x4A64,0x4A04,0xB568,0xEF90,0xB581,0x8BC0,0xD662,0x5AA0,0x5287,
  0x5AC7,0x6328,0x5AE7,0x844A,0x5AE7,0x4224,0x52A6,0x5B05,0x6B68,0x73A8,0x5AC6,0x5AA7,0x1880,0xB560,0xCDE3,0xD6A2,0xCE61,0xEF2A,0x3142,0x4A25,0x8CA9,0x94EA,0x4A42,0x93E3,
  0xBDA6,0xFFEA,0xF7C3,0xF7C3,0xF7C3,0xEFA4,0xFFF0,0x9C40,0x9C40,0x9440,0xD6C4,0xF81F,0xF81F,0xF81F,0xF81F,0xF81F,0xF81F,0xF81F,0xF81F,0xF81F,0xF81F,0xF81F,0xF81F,0xF81F,
  0xF81F,0xF81F,0xF81F,0xF81F,0xF81F,0xF81F,0xF81F,0xF81F,0xF81F,0x6A82,0xCE20,0xA4E0,0xACE0,0x94A0,0xE763,0xEF81,0xEF81,0xEF81,0xDEE4,0x7BE2,0x7C08,0x94EA,0x8CC9,0x73E8,
  0x8CC9,0x8CCA,0x39C3,0x2100,0xBD86,0xE72A,0xEF67,0x9C20,0xB520,0x7BA0,0x5286,0x5AA7,0x5AE7,0x6307,0x5AA6,0x6B48,0x6348,0x94C9,0x8448,0x6B49,0x6B28,0x5A86,0x4A04,0x28E0,
  0xBD41,0xACE0,0xE6C3,0xD681,0xE6E9,0x2901,0x4204,0x7C09,0x8CE9,0x8449,0x49E0,0xDEC3,0xBDA0,0xDEA2,0xF7C3,0xF7C3,0xFFEE,0x9400,0x9C40,0x9C60,0xA500,0xBDA2,0xF81F,0xF81F,
  0xF81F,0xF81F,0xF81F,0xF81F,0xF81F,0xF81F,0xF81F,0xF81F,0xF81F,0xF81F,0xF81F,0xF81F,0xF81F,0xF81F,0xF81F,0xF81F,0xF81F,0xF81F,0xF81F,0xF81F,0xF81F,0xDF03,0xA4A0,0xA4A0,
  0x9CA0,0xFFEC,0xE761,0xE760,0xEF62,0x7BE4,0x952B,0x950A,0x94E9,0x94E9,0x8CCA,0x7C29,0x6347,0x41C4,0x2901,0xC607,0xEF67,0xDEE2,0xF787,0xACE1,0xDE84,0x1040,0x1880,0x4203,
  0x6327,0x6328,0x6327,0x6327,0x39E4,0x6328,0x6308,0x6B29,0x2100,0x18A0,0x6B20,0xB521,0xACA0,0xB520,0xE703,0x83C0,0x2900,0x41E5,0x846A,0x950A,0x7C29,0x2900,0xD687,0xFFEA,
  0xCE03,0xEF63,0xEF63,0xDEAE,0x9C40,0xA480,0x9C80,0xBDA0,0x8282,0xF81F,0xF81F,0xF81F,0xF81F,0xF81F,0xF81F,0xF81F,0xF81F,0xF81F,0xF81F,0xF81F,0xF81F,0xF81F,0xF81F,0xF81F,
  0xF81F,0xF81F,0xF81F,0xF81F,0xF81F,0xF81F,0xF81F,0xF81F,0xB524,0xB560,0x9C80,0x9C80,0x9460,0xEF87,0xE741,0xE723,0x8C8B,0x952A,0x94E9,0x9529,0x9509,0x94EA,0x7C2A,0x5B07,
  0x41C3,0x2901,0x5260,0xFFA8,0xBDC0,0xBD61,0xCDC2,0xACC5,0x5267,0x5286,0xCE08,0xDEE6,0x5224,0x6327,0x6347,0x62E7,0x3182,0xBDA2,0xF768,0x3140,0x5266,0x1880,0xACC1,0xACA0,
  0xC5E2,0xDE83,0x8380,0x3141,0x4A05,0x4A24,0x6307,0x5264,0xFFF1,0xFFD2,0xFFE8,0xB580,0xC5E3,0xFFEA,0x9400,0x9C40,0xB541,0xA4A1,0xDEC1,0x6982,0xF81F,0x91E8,0xBD6B,0xEEEC,
  0xF81F,0xF81F,0xF81F,0xF81F,0xF81F,0xF81F,0xF81F,0xF81F,0xF81F,0xF81F,0xF81F,0xF81F,0xF81F,0xF81F,0xF81F,0xF81F,0xF81F,0xF81F,0xF81F,0xF81F,0xD6A3,0xAD01,0x9460,0x9420,
  0xA4E1,0xFFE9,0xB5A3,0x94EB,0x7C47,0x950A,0x9529,0x9529,0x6BA8,0x6348,0x5286,0x41A3,0x1880,0x7B40,0xB522,0xBDA0,0x9C40,0x8BE0,0x7B64,0x4A05,0xA567,0x9463,0x9C63,0x62A4,
  0x41C3,0x5AA7,0x3183,0x18C0,0x7360,0x4180,0x9CC7,0x5AA5,0x1060,0x9C43,0x9C41,0xE6E4,0x8BE0,0x5240,0xC5EC,0x41C2,0x39C3,0x7368,0xD6E3,0xDF21,0xFFEB,0xE741,0xD662,0x6280,
  0xAD04,0x8BE1,0x9400,0xC5E1,0xA4E0,0xAD40,0xF7CD,0xF7EE,0xFFF4,0xFFF2,0xEF28,0xF81F,0xF81F,0xF81F,0xF81F,0xF81F,0xF81F,0xF81F,0xF81F,0xF81F,0xF81F,0xF81F,0xF81F,0xF81F,
  0xF81F,0xF81F,0xF81F,0xF81F,0xA424,0xBC86,0x8AE3,0xAD25,0xB581,0xC646,0xEF8C,0x8380,0xDEC5,0x2100,0x84A9,0x8CA9,0x94E9,0x9509,0x9509,0x52C6,0x7C0A,0x5287,0x3182,0x4200,
  0x5240,0x7B40,0xC5C2,0xB540,0xC5C4,0x5201,0x4A26,0x6344,0xA566,0x20E0,0x5AE5,0x2100,0x18A0,0x39E4,0x62E7,0x18C0,0x8483,0xA54B,0x39C3,0x1040,0x5A20,0x9C62,0xCE03,0x5A80,
  0xFFF4,0xBD64,0x41C1,0x41E3,0x6306,0xF7A4,0xE721,0xFFE7,0xAD20,0xDEC3,0x6AA0,0x8BE1,0x8BE0,0x83A0,0xDEC3,0xD683,0xF7C5,0xEFA5,0xFFD2,0xFFF3,0xDF05,0x9324,0xF81F,0xF81F,
  0xF81F,0xF81F,0xF81F,0xF81F,0xF81F,0xF81F,0xF81F,0xF81F,0xF81F,0xF81F,0xF81F,0xF81F,0xF81F,0xF81F,0xF81F,0xF78D,0xF7AE,0xFFCF,0xCE2D,0xDF26,0xA4E0,0xBDC3,0xE708,0xAD01,
  0x20E0,0x8468,0x8CC9,0x8CE9,0x8CE9,0x8CE9,0x5AE7,0x7C2A,0x52A6,0x20E0,0xFFE9,0xEF8C,0x9485,0xBD83,0xD660,0xE6E2,0xAD00,0x28E0,0x4A05,0x5285,0x20E0,0x6B88,0x6B68,0x6B68,
  0x6B68,0x6B48,0x18C0,0x6B66,0x39A4,0x3163,0xC5C7,0xF746,0xD604,0x62C0,0xFFCA,0xFFED,0xAD03,0x41C1,0x39E3,0x6306,0xEFA4,0xE720,0xFFC7,0xB560,0xE725,0x6AA0,0x9420,0xBD65,
  0x6AE0,0x7360,0xF7C2,0xE741,0xEF60,0xE724,0xD665,0xE6A4,0xF81F,0xF81F,0xF81F,0xF81F,0xF81F,0xF81F,0xF81F,0xF81F,0xF81F,0xF81F,0xF81F,0xF81F,0xF81F,0xF81F,0xF81F,0xF81F,
  0xF81F,0xF81F,0xA3C8,0xF7A8,0xCE03,0xB569,0xFFEF,0xE723,0xCE41,0xD660,0xE724,0x6B40,0x7C49,0x846A,0x8C8A,0x6B68,0x4A85,0x5AE7,0x8C8B,0x5286,0x20C0,0xDEE1,0xE74A,0xEF4D,
  0x9CA0,0xD660,0xB540,0xE6E2,0x3140,0x2941,0x3162,0x1060,0x6307,0x6327,0x6307,0x6307,0x6B49,0x18C0,0x5AE6,0x3183,0x1880,0xD685,0xE701,0xE6E3,0x8381,0xFFE8,0xFFEA,0x9420,
  0x39A2,0x41E3,0x5283,0xE740,0xDEE0,0xDEA1,0xD683,0xBD62,0x8BE0,0xCE24,0xF7C6,0xFFEB,0xFFF0,0x83E0,0xEF81,0xEF62,0x9420,0xCDC3,0xBCA7,0xF81F,0xF81F,0xF81F,0xF81F,0xF81F,
  0xF81F,0xF81F,0xF81F,0xF81F,0xF81F,0xF81F,0xF81F,0xF81F,0xF81F,0xF81F,0xF81F,0xF81F,0xF81F,0xF81F,0xDE6A,0x9CA0,0xA4C2,0xCE80,0xE746,0xD6A0,0xD6A0,0xD6A1,0x9463,0x0860,
  0x1060,0x5AC7,0x7C09,0x8C8A,0x8C8A,0x73E8,0x52A6,0x28E0,0xE740,0xE723,0xFFEF,0xBD83,0xCE00,0xFFEA,0xBD40,0x7324,0x8C8A,0x6B67,0x18A0,0x18A0,0x4A43,0x5263,0x5AC4,0x4A43,
  0x20E0,0x20E0,0xAD8E,0x18A0,0xE6E6,0xE723,0xCE24,0x7320,0xFFE9,0xA501,0x93E0,0x3161,0x41E4,0x52A4,0x9460,0xE701,0xD681,0x83C0,0xAD20,0xE703,0xEF82,0xEF81,0xF7A8,0xFFEC,
  0x9421,0xF784,0x9CC0,0x8BC0,0xCDA6,0xF81F,0xF81F,0xF81F,0xF81F,0xF81F,0xF81F,0xF81F,0xF81F,0xF81F,0xF81F,0xF81F,0xF81F,0xF81F,0xF81F,0xF81F,0xF81F,0xF81F,0xF81F,0xF81F,
  0xF81F,0xF81F,0xACA3,0x6AE0,0xAD22,0xBDE0,0xF786,0xDF02,0xD688,0x73C9,0x8CEA,0x8CE9,0x8D09,0x8CE8,0x8CC8,0x8CE8,0x8C6A,0x4204,0x28E0,0xE720,0xE760,0xE745,0xEF4C,0xDEA5,
  0xF785,0xF749,0x9C65,0x5285,0x52A4,0x73A6,0x9D4B,0x7C47,0x6BC6,0x7C47,0x8CA9,0x9D2A,0xBE0D,0x6346,0x28E0,0xAD00,0x9C40,0x83A0,0xE6C9,0x9C80,0x8BE0,0x8BE0,0x2941,0x39C4,
  0x5283,0x8449,0xAD23,0xAD02,0x7BA3,0x6280,0xE6E2,0xE720,0xFFEC,0xE6EA,0xEEEA,0xA483,0x8380,0x8BE1,0xC5E5,0xF81F,0xF81F,0xF81F,0xF81F,0xF81F,0xF81F,0xF81F,0xF81F,0xF81F,
  0xF81F,0xF81F,0xF81F,0xF81F,0xF81F,0xF81F,0xF81F,0xF81F,0xF81F,0xF81F,0xF81F,0xF81F,0xF81F,0x9D0D,0x8429,0x6B65,0x41E0,0x8C40,0xCE68,0x5286,0x954A,0x9529,0x9529,0x9509,
  0x8CE8,0x8CE9,0x950A,0x4A45,0x4204,0x20E0,0xDEC5,0xEF60,0xEF60,0xEF66,0x9C43,0xF784,0xFFAA,0xBD65,0x3984,0x4A26,0x4205,0x5286,0x5287,0x5AA7,0x5AC7,0x5AC7,0x5AC7,0x5287,
  0x5266,0xB546,0xCE23,0xEF0A,0xFFD2,0xF750,0x9C61,0x9C60,0x28E0,0x2101,0x39C4,0x8CC8,0x6BA7,0x6B89,0x6B68,0x73C7,0x3960,0xDEA0,0xE724,0xDE87,0xACA1,0x72E0,0x93E1,0x8BE0,
  0xC5E5,0x4A24,0xF81F,0xF81F,0xF81F,0xF81F,0xF81F,0xF81F,0xF81F,0xF81F,0xF81F,0xF81F,0xF81F,0xF81F,0xF81F,0xF81F,0xF81F,0xF81F,0xF81F,0xF81F,0xF81F,0xF81F,0xF81F,0xF81F,
  0x8CCA,0x84A8,0x8CA9,0x8CCA,0x3A00,0x2940,0x4A65,0x6BC7,0x9D4A,0x8CC9,0x9509,0x8D08,0x8CE8,0x8469,0x4A46,0x39C4,0x1880,0x83C2,0xEF61,0xEF41,0xEF63,0x49E0,0xEF43,0xF743,
  0xB520,0x20A0,0x4A26,0x41E5,0x5286,0x5266,0x5287,0x5287,0x5AA7,0x5286,0x5266,0x41C3,0xD684,0xC600,0xFFD1,0xFFB1,0xF74D,0xA4A1,0x9C42,0x1860,0x41E4,0x4204,0x8CC9,0x6B88,
  0x6B68,0x6B68,0x7388,0x4A00,0xE703,0xD684,0xACC1,0xC5A3,0x6260,0x8C00,0x5240,0x62E3,0x6307,0xF81F,0xF81F,0xF81F,0xF81F,0xF81F,0xF81F,0xF81F,0xF81F,0xF81F,0xF81F,0xF81F,
  0xF81F,0xF81F,0xF81F,0xF81F,0xF81F,0xF81F,0xF81F,0xF81F,0xF81F,0xF81F,0x18A1,0x846A,0x73E9,0x52C7,0x7C29,0x8CA9,0x2100,0x6B89,0x5B08,0x5AE7,0x5AA6,0x52C6,0x7C48,0x9529,
  0x6B66,0x4A46,0x1040,0x1060,0x20C0,0xEF44,0xDEE0,0xE721,0x6AC0,0xE705,0xEF20,0xFFA6,0xAD00,0x4A00,0x4A20,0x5245,0x5266,0x5A67,0x5267,0x5266,0x1060,0xD68A,0xDE84,0xBD80,
  0xEF07,0xF78F,0xE6E6,0xCDE6,0x3140,0x20C0,0x1860,0x4A05,0x4A25,0x6327,0x5AA6,0x5AC7,0x5286,0x41E5,0xBDC0,0xCE03,0x93E0,0x9442,0x3980,0x4A24,0x6B88,0x4A65,0x6B48,0x6327,
  0x28E2,0xF81F,0xF81F,0xF81F,0xF81F,0xF81F,0xF81F,0xF81F,0xF81F,0xF81F,0xF81F,0xF81F,0xF81F,0xF81F,0xF81F,0xF81F,0xF81F,0xF81F,0xF81F,0xF81F,0xF81F,0x18C1,0x5AE8,0x6308,
  0x39E3,0x6328,0x5B07,0x6B69,0x6328,0x5AC7,0x39C3,0x52A7,0x5AC7,0x5AE7,0x6308,0x39A2,0x4A25,0x6B89,0x94CA,0x8C8B,0x83C3,0xE724,0xDEA0,0xAD25,0x2900,0xB541,0xF762,0xF785,
  0x7B60,0xEF42,0xC5A4,0xB524,0xBD44,0xB504,0xAD03,0xE707,0xDEC2,0xAD00,0xBD60,0xFFE6,0xC5E1,0xB569,0x3980,0x8405,0x8444,0xA547,0x4A04,0x4A45,0x4A45,0x4A45,0x4A25,0x4205,
  0x20E1,0xB524,0xA4A6,0x7344,0x6327,0x6307,0x6347,0x6B48,0x2941,0x73A8,0x5265,0x28A2,0xF81F,0xF81F,0xF81F,0xF81F,0xF81F,0xF81F,0xF81F,0xF81F,0xF81F,0xF81F,0xF81F,0xF81F,
  0xF81F,0xF81F,0xF81F,0xF81F,0xF81F,0xF81F,0xF81F,0xF81F,0xF81F,0x5266,0x52A7,0x5286,0x5AC7,0x5266,0x5AC7,0x5AC7,0x52A7,0x5266,0x52A7,0x5AA7,0x5AC7,0x5AA7,0x41A3,0x20E1,
  0x5AA7,0x52C4,0x9509,0x6B47,0x8C45,0xCE41,0xAD24,0x1880,0x2920,0x2900,0xDEA6,0xC5A4,0xE721,0xFFC5,0xBD60,0xBD80,0xBD40,0xBD80,0xF7C5,0xF765,0xAD01,0xD6A3,0xBD80,0x9C84,
  0x20A0,0xA588,0xA5A7,0x9D67,0x94C9,0x3982,0x4A45,0x2100,0x2960,0x2960,0x2960,0x3181,0x2940,0x3161,0x39A3,0x4A65,0x6327,0x6B69,0x2920,0x73A8,0x5285,0x41C3,0xF81F,0xF81F,
  0xF81F,0xF81F,0xF81F,0xF81F,0xF81F,0xF81F,0xF81F,0xF81F,0xF81F,0xF81F,0xF81F,0xF81F,0xF81F,0xF81F,0xF81F,0xF81F,0xF81F,0xF81F,0xF81F,0xF81F,0x20A0,0x3982,0x5286,0x5AE8,
  0x20E1,0x5AE7,0x6308,0x4A25,0x5266,0x5287,0x4A26,0x5287,0x5266,0x3162,0x1880,0x5AA7,0x5AA7,0x5AC6,0x8CA9,0x8428,0x18A0,0x18A0,0x94EB,0x8488,0x7C27,0x8C48,0x83E7,0x6B43,
  0xC5E4,0xEF64,0xBD60,0xB540,0xFFE8,0xEF69,0x62C0,0x41E0,0x4A03,0x5AC6,0x73C7,0x73C8,0x5AC4,0x5AC6,0x5286,0x5AA6,0x20C0,0x41E4,0x8CAA,0x7427,0x73C7,0x7BE7,0x7C08,0x73E7,
  0x73E7,0x73C8,0x3183,0x39A3,0x39C4,0x4A45,0x4204,0x4A25,0x0820,0xF81F,0xF81F,0xF81F,0xF81F,0xF81F,0xF81F,0xF81F,0xF81F,0xF81F,0xF81F,0xF81F,0xF81F,0xF81F,0xF81F,0xF81F,
  0xD60A,0xF81F,0xF81F,0xF81F,0xF81F,0xF81F,0x1020,0x52C7,0x18A0,0x18A1,0x41C4,0x20E1,0x6308,0x5AE7,0x4A45,0x4A25,0x4A45,0x4A25,0x5287,0x39C4,0x20E1,0x18C1,0x5A87,0x5AA6,
  0x5AC7,0x6347,0xAD8B,0x1880,0x5AC7,0x52C7,0x5B06,0x9D49,0x9508,0x9D28,0x8CC7,0x94A8,0x62C0,0xFFA4,0xF786,0xB541,0x83E7,0x73E7,0x8428,0x8C89,0x8469,0x8CAA,0x39E2,0x6B69,
  0x6B48,0x5266,0x5265,0x2901,0x4204,0xADCE,0x6348,0xA56C,0x9D29,0x9D28,0xA56B,0x5B26,0x62E7,0x39C3,0x1060,0x4A04,0x4A25,0x3984,0x0820,0x5AC6,0x38E2,0xF81F,0xF81F,0xF81F,
  0xF81F,0xF81F,0xEE6C,0xF81F,0xF81F,0xF81F,0xF81F,0xF81F,0xF81F,0xF81F,0xF81F,0xFFF3,0xC5C7,0xF81F,0xF81F,0xF81F,0xF81F,0x4A45,0x6307,0x4A45,0x20C0,0x62C3,0x1880,0x41C4,
  0x5286,0x4A05,0x4A25,0x4A45,0x5266,0x4205,0x4205,0x1060,0x5287,0x4A46,0x39A3,0x5266,0x6B48,0x73A8,0x7BCA,0x6B68,0x6348,0x5AE7,0x6B89,0x6B68,0x73A8,0x6BA6,0x9D49,0x94C7,
  0xF768,0xAD04,0x7BE7,0x9509,0x8CC9,0x73C7,0x5AE6,0x5AE7,0x5AC7,0x2941,0x5AE7,0x5266,0x5286,0x5AA7,0x20C0,0x3162,0x41E4,0x6B68,0x6B47,0x8CC4,0x8446,0x5AC7,0x4A45,0x41E4,
  0x39C4,0x20E1,0x4204,0x1040,0x1880,0x41E4,0x6327,0x4222,0xF81F,0xF81F,0xF81F,0xF81F,0xCE68,0xF791,0xF81F,0xF81F,0xF81F,0xF81F,0xF81F,0xF81F,0xF81F,0x58C2,0xFFF4,0xD6AA,
  0xF81F,0xF81F,0xF81F,0x2802,0x8469,0x6327,0x5265,0x3140,0xCE03,0x62A3,0x1880,0x41C4,0x4A46,0x5266,0x5266,0x4204,0x41E4,0x4A05,0x1040,0x4A45,0x52E7,0x73C9,0x1060,0x4A05,
  0x3983,0x6327,0x6327,0x6348,0x6327,0x6307,0x6B48,0x6B49,0x6B69,0x6BA7,0x9D29,0x4A00,0x2900,0x73C6,0x7C08,0x5B07,0x6328,0x6328,0x5AE7,0x5AC8,0x3183,0x5286,0x5AA7,0x5AC7,
  0x41C4,0x3122,0x20E0,0x41E3,0x4204,0x5B06,0xAD8D,0x5265,0x5266,0x4A45,0x4204,0x4A05,0x18A0,0x1060,0xA4A6,0x18A0,0x4A45,0x5285,0x6B87,0x2803,0xF81F,0xF81F,0xF81F,0xDEE9,
  0xFFF5,0x7063,0xF81F,0xF81F,0xF81F,0xF81F,0xF81F,0xF81F,0xDECA,0xEF8E,0xFFF3,0xCDC5,0xF81F,0xF81F,0x2121,0x8468,0x6B68,0x5286,0xBDA5,0xF762,0xA4A4,0x3162,0x18A0,0x18A0,
  0x18A0,0x41E5,0x41C4,0x41E5,0x1060,0x1880,0x4A24,0x52A6,0x5AE7,0x5B27,0x73E9,0x4A43,0x5AE6,0x5B07,0x5AC6,0x6B48,0x6327,0x5AE6,0x6B49,0x6B28,0x6328,0x5B07,0x49E0,0x28E0,
  0x6347,0x6328,0x6308,0x6308,0x6308,0x6328,0x5AC7,0x4A45,0x5266,0x39A3,0x5AA3,0x5AA3,0x4204,0x18A0,0x41C3,0x4204,0x6B89,0x5AA6,0x5266,0x5286,0x5286,0x4A04,0x2901,0x4202,
  0x4A01,0xBD81,0x3160,0x4A45,0x52A6,0x6B67,0x5266,0xF81F,0xF81F,0xC5E3,0xF76C,0xF7CB,0x9B84,0xF81F,0xF81F,0xF81F,0xF81F,0xF81F,0xF81F,0xF7CC,0xF7AA,0xFFF3,0xB580,0xA480,
  0xF81F,0x39A2,0x84A8,0x6347,0x5266,0xB546,0xE6E1,0x7B41,0x3162,0x3983,0x3963,0x3962,0x3963,0x3163,0x3183,0x3182,0x1880,0x4204,0x41E4,0x52A7,0x5AE8,0x5AE7,0x73C8,0x39C3,
  0x5AE7,0x5AC7,0x52A6,0x6348,0x5B27,0x6307,0x6328,0x6328,0x6308,0x4A00,0x2920,0x6347,0x5AC6,0x5AE7,0x6348,0x6328,0x5AE7,0x5286,0x41E1,0x9CC5,0x8C26,0x6B46,0x4225,0x41E4,
  0x18C0,0x3983,0x3982,0x5AC7,0x4A24,0x2101,0x1880,0x20C0,0x2901,0x2920,0x7382,0xB523,0xBD41,0xA4C6,0x5265,0x4A65,0x6B67,0x5AC6,0xF81F,0xC567,0xC640,0xFFF0,0xEFA8,0xEF4A,
  0xF81F,0xF81F,0xF81F,0xF81F,0xF81F,0x5960,0xEFA8,0xFFEB,0xFFF3,0xC621,0xCE40,0xF81F,0x3943,0x7C29,0x6307,0x4A86,0x3160,0xC5C5,0x9447,0x7BEA,0x6328,0x3162,0x3983,0x39A3,
  0x39A3,0x41A3,0x39A2,0x20C1,0x39C4,0x4A25,0x4A24,0x5AE7,0x5AE7,0x5B07,0x52C5,0x5286,0x5AE7,0x5AE7,0x62E7,0x6348,0x52A6,0x5AE8,0x5B08,0x5AC7,0x49E0,0x3160,0x4A85,0x52A6,
  0x6B89,0x6B88,0x5AC7,0x5265,0x41E1,0xBE06,0xA548,0x52A6,0x4A65,0x39A3,0x39C4,0x39A4,0x1060,0x1060,0x1060,0x1880,0x20C0,0x41A3,0x41A3,0x39C3,0x5AA6,0xB586,0xEF41,0x51E0,
  0xB545,0x5AA6,0x5265,0x6B27,0x3182,0xF81F,0xE706,0xB560,0xFFF0,0xEFA5,0xF7A8,0x9267,0xF81F,0xF81F,0xF81F,0xF81F,0x9CA1,0xF7C5,0xF7A7,0xFFF1,0xDF04,0xBDA0,0xD628,0x30C2,
  0x4A46,0x6308,0x5286,0x4A25,0x62C2,0x2920,0x73E8,0x6B88,0x5286,0x4A04,0x39A3,0x39A2,0x39C3,0x3982,0xF81F,0x1861,0x4A04,0x4204,0x4A25,0x5266,0x5AC7,0x5AE6,0x8C6B,0x5265,
  0x52C6,0x6328,0x5AE7,0x6308,0x6307,0x52A6,0x52A7,0x4A00,0x4A00,0x4A04,0x5286,0x5285,0x5AA6,0x41C2,0x6301,0xAD49,0x73A7,0x5AC7,0x5286,0x3182,0x39A3,0x39C4,0x3183,0x1000,
  0xF81F,0x2101,0x3162,0x3162,0x41A3,0x41A3,0x52A6,0x6327,0x7BC8,0xE723,0x8BC0,0x9404,0x5A86,0x5286,0x5286,0x3102,0xC5C4,0xCE82,0xB540,0xFFF0,0xF7C4,0xEF85,0xA4A3,0xF81F,
  0xF81F,0xF81F,0xF81F,0xE769,0xEFA5,0xF7E5,0xFFEE,0xD683,0xAD20,0xBD61,0x4180,0x3981,0x2920,0x3981,0x62A2,0x7B63,0x5287,0x4A46,0x5B07,0x6308,0x41E4,0x4A46,0x41E4,0x41C3,
  0x2823,0xF81F,0xF81F,0x3102,0x39C3,0x41E4,0x4204,0x4A25,0x4A86,0x52C6,0x6347,0x5265,0x5B07,0x6328,0x5B07,0x5AC7,0x4A25,0x3142,0xF7A8,0xE705,0x5A83,0x4205,0x41C3,0x3980,
  0xA525,0x6306,0x5AC7,0x5AC7,0x5286,0x41E4,0x5AC7,0x3162,0x2102,0x0840,0xF81F,0xF81F,0x2042,0x3182,0x5286,0x6328,0x6B28,0x6306,0x5AE7,0x6B47,0x20C0,0xDE62,0x9C61,0x62A0,
  0x49E0,0x3140,0x3120,0xBD61,0xACE1,0xCDE3,0xFFED,0xEF85,0xEF85,0xE743,0xF81F,0xF81F,0xF81F,0xF81F,0xF7AB,0xF7CD,0xF7C5,0xFFEC,0xAD21,0xACE0,0xACE0,0x9401,0xA4A2,0x9C81,
  0xA4C1,0xAD00,0xC5C5,0x2921,0x5286,0x6328,0x39C3,0x4A45,0x4A45,0x41E4,0x3142,0xF81F,0xF81F,0xF81F,0x1802,0x20C1,0x39A3,0x41C4,0x41E4,0x4204,0x4A65,0x39E1,0x41E3,0x5265,
  0x5287,0x5AC7,0x4A65,0x41E4,0x41C0,0xFFC7,0xEF64,0xBDA1,0x18A0,0x2900,0xC5EA,0x52A4,0x4A65,0x4A45,0x5265,0x4204,0x4A04,0x5286,0x39A3,0x18A0,0x1000,0xF81F,0xF81F,0xF81F,
  0x3163,0x41E4,0x4224,0x6308,0x5AC6,0x6307,0x6307,0x28E0,0xEF23,0xC581,0xBD61,0xE6C6,0x83C0,0xAD02,0xACE0,0xACC0,0xCE44,0xE74A,0xF7AB,0xF7C9,0xDEC2,0xF81F,0xF81F,0xF81F,
  0xF81F,0x7B40,0x7BC0,0xE746,0xFFCA,0xAD23,0xA4A0,0xA4C0,0x83A4,0xCDEE,0x5A60,0xE705,0xEF46,0xC5C0,0x3160,0x5AE8,0x5286,0x39A3,0x4A25,0x4205,0x41C4,0xF81F,0xF81F,0xF81F,
  0xF81F,0xF81F,0x20E0,0x5281,0x1880,0x3983,0x41E4,0x41E4,0x2900,0x3121,0x4205,0x4A05,0x4A25,0x4A45,0x41E0,0xE727,0xEF22,0xF743,0xCE00,0xDEC8,0x2901,0x5266,0x4A25,0x4A45,
  0x4A45,0x4A24,0x4A25,0x4A45,0x2901,0x83E4,0x6AE1,0x1001,0xF81F,0xF81F,0xF81F,0x1801,0x41C4,0x4A05,0x4A04,0x3983,0x6B48,0x6B47,0x3120,0xDEE2,0xF7C8,0xF768,0x62A0,0xFFB0,
  0x9403,0xACC0,0xACC0,0xDE84,0xE725,0xEF68,0x9C81,0x93A4,0xF81F,0xF81F,0xF81F,0xF81F,0x6A60,0x9460,0xCE25,0xD6A0,0xAD66,0x9C80,0x9C61,0xD66F,0xEF74,0xDE87,0xBD84,0xF7AA,
  0xDEA1,0x7341,0x3162,0x39A3,0x4204,0x41E3,0x41E3,0x28A2,0xF81F,0xF81F,0xF81F,0xF81F,0xF81F,0x1860,0x7BA0,0xACE2,0x7B81,0x18A0,0x1880,0x3960,0xDEA6,0x20E0,0x3162,0x3162,
  0x1880,0xF7C7,0xF784,0xEF62,0xF783,0xE6E2,0xDEC2,0x20C0,0x4A04,0x41E5,0x41E4,0x1080,0x1040,0x1880,0x5A81,0x9440,0xCE42,0x7341,0xF81F,0xF81F,0xF81F,0xF81F,0xF81F,0x1881,
  0x2921,0x39A3,0x4A04,0x4A04,0x5245,0xD643,0xEF46,0xF7CB,0xA503,0xF7AB,0xFFF5,0x62A0,0xA4A1,0xACC0,0xE6C5,0xC5E0,0xCE26,0x9421,0x72C0,0xF81F,0xF81F,0xF81F,0xF81F,0x9A69,
  0x9CA0,0x7B61,0xCE43,0xCE48,0xA4C0,0x5A60,0xEF4F,0xEF2B,0xD662,0x4A00,0x6AC0,0xBD83,0xF785,0xB543,0x3140,0x3960,0x3160,0x3043,0xF81F,0xF81F,0xF81F,0xF81F,0xF81F,0xF81F,
  0xF81F,0x5A60,0xB561,0xAD20,0x83A0,0xC5E3,0xA4A0,0xEF24,0xEF84,0xCE07,0xC5C6,0xEF67,0xA4A0,0xFFC7,0xF762,0xF782,0xF7C3,0xC5A1,0xC5E1,0x7BA0,0x83E0,0x8400,0xBDE3,0x9420,
  0x8BC0,0xDEE3,0xE723,0x9CA0,0x51A4,0xF81F,0xF81F,0xF81F,0xF81F,0xF81F,0xF81F,0xF81F,0x41A0,0x5220,0x5240,0x9440,0xE702,0xFFEB,0x5240,0x7BC4,0xD6A3,0xF7D3,0xFFF1,0x5220,
  0xACC0,0xEF27,0xB520,0x83C1,0xA482,0x70E6,0xF81F,0xF81F,0xF81F,0xF81F,0xF81F,0xBD63,0x7321,0x8C00,0xDEAA,0xA4E0,0x3960,0xEF24,0xEF44,0xD663,0xA4E2,0x4A20,0x83C3,0xFFEB,
  0xD641,0xBDE0,0xC601,0xAD05,0xF81F,0xF81F,0xF81F,0xF81F,0xF81F,0xF81F,0xF81F,0xF81F,0x49A2,0x7B40,0xB563,0xA4C5,0xB521,0x9C80,0xFFC7,0xFFE5,0xFFA4,0xF7A4,0xC5E0,0x8BA0,
  0x9C20,0xF763,0xEF82,0xE6C2,0x9C41,0x9440,0x8400,0xFFE4,0xC5E0,0xA4C0,0x9400,0x8360,0xD661,0x8C00,0x62A0,0xF81F,0xF81F,0xF81F,0xF81F,0xF81F,0xF81F,0xF81F,0xF81F,0x8422,
  0xBDA2,0xCE21,0xDE81,0xE703,0x7B82,0x41C0,0xDEC5,0xDEC3,0xDEA2,0xE723,0x4A20,0xB501,0xF7A9,0x9440,0x8BC0,0xB524,0xF81F,0xF81F,0xF81F,0xF81F,0xF81F,0xF81F,0xB564,0x7321,
  0x9400,0xFFEC,0xA4E0,0x39A0,0xCE60,0xF785,0xDEA4,0xBDA0,0x5240,0x7365,0xD663,0xCE23,0x9442,0x4A00,0x1880,0x1801,0xF81F,0xF81F,0xF81F,0xF81F,0xF81F,0xF81F,0xF81F,0xF81F,
  0x4981,0x41C1,0x3142,0x5220,0x8BE1,0xF7C6,0xFFE7,0xC582,0xB520,0xF7A4,0xA440,0x8360,0xACA0,0xCE23,0x9421,0x9C41,0x5200,0xF7A6,0xF765,0xB500,0xA4A2,0x5A61,0x2900,0x3980,
  0x5222,0xF81F,0xF81F,0xF81F,0xF81F,0xF81F,0xF81F,0xF81F,0xF81F,0x3864,0x20C0,0x6AE0,0xB544,0xC5E1,0xEF46,0x6B24,0x4A00,0xC5E0,0xE6E3,0xE721,0xEF42,0x5220,0xB500,0xEF26,
  0x9420,0x8BC0,0xD5C7,0xF81F,0xF81F,0xF81F,0xF81F,0xF81F,0xF81F,0x69C1,0x83E0,0x9420,0xFFEB,0x9CC0,0x39A0,0xA4E0,0xBDA2,0xE6E4,0xC5E0,0xDECA,0x5A85,0x1860,0x39C3,0x31A1,
  0x4A85,0x5286,0x4A05,0xF81F,0xF81F,0xF81F,0xF81F,0xF81F,0xF81F,0xF81F,0xF81F,0xF81F,0x2922,0x5AA6,0x6327,0x6B68,0x83E0,0xBDC0,0xC582,0xB520,0xB560,0xAD21,0xBD44,0x6AA0,
  0x8BA1,0x9402,0x5200,0xEF66,0xFF87,0xACE0,0x9421,0x3161,0x6328,0x7369,0x39C3,0x1801,0xF81F,0xF81F,0xF81F,0xF81F,0xF81F,0xF81F,0xF81F,0xF81F,0x41E4,0x7389,0x52C5,0x5285,
  0x39A1,0x3982,0x39A2,0xD666,0xAD00,0xE6E4,0xAD41,0x9CA0,0x5220,0x9CA0,0xEF69,0x8BE0,0x8380,0x4840,0xF81F,0xF81F,0xF81F,0xF81F,0xF81F,0xF81F,0x89E6,0x8C20,0x8BE0,0xF7A8,
  0x9CC0,0x5240,0xBD81,0xA4A0,0xE6E5,0xCE00,0xDEC8,0x4A04,0x5AC3,0x6387,0x73C9,0x7388,0x4245,0x41C4,0xF81F,0xF81F,0xF81F,0xF81F,0xF81F,0xF81F,0xF81F,0xF81F,0xF81F,0x3963,
  0x41A3,0x7BC9,0x6BA8,0x6B46,0xC5A2,0x9C20,0xC5A3,0xACE0,0xF767,0x62A0,0x9400,0x9CA2,0x7B40,0xCE28,0xDEC4,0xACE0,0xA4A0,0x3141,0x62E8,0x6B28,0x5265,0x41A3,0x1840,0xF81F,
  0xF81F,0xF81F,0xF81F,0xF81F,0xF81F,0xF81F,0xF81F,0x39C4,0x4A44,0x6B68,0x6B68,0x6B88,0x6B88,0x3981,0xC602,0xB500,0xE726,0x8BE0,0x8C20,0x3120,0xAD22,0xC605,0x83A0,0x8360,
  0x58A2,0xF81F,0xF81F,0xF81F,0xE709,0xA442,0xF81F,0x60E5,0x8C20,0x83A0,0xB563,0xA4C0,0x83E4,0xBD85,0x9C80,0xD682,0xC5A0,0xD628,0x3962,0x8C24,0x6328,0x3183,0x39A4,0x39A3,
  0x39C4,0xF81F,0xF81F,0xF81F,0xF81F,0xF81F,0xF81F,0xF81F,0x2822,0x3142,0x20A0,0x41E4,0x41E4,0x5AC6,0x6307,0x9442,0xA480,0x93E0,0xAD00,0xAD21,0xCE43,0x7B20,0x6AE1,0x7B60,
  0xEF25,0xB520,0xB541,0x41A0,0x3162,0x6309,0x41E4,0x41E4,0x3162,0x2901,0x2862,0xF81F,0xF81F,0xF81F,0xF81F,0xF81F,0xF81F,0xF81F,0x39C4,0x39A3,0x41C4,0x39A3,0x6B67,0x6BA6,
  0x3162,0xCE46,0xB500,0xD663,0x9401,0x9C86,0x41C0,0xB562,0x7340,0x8361,0x7B20,0x60C5,0xF81F,0x93A0,0xF72C,0xA425,0xF78A,0xDEE5,0xB526,0x7B63,0x83A0,0xBD84,0xAD00,0x5AC3,
  0x2900,0x8C25,0xCE05,0xBDA2,0x7B64,0x20C1,0x8C22,0x4A66,0x39A4,0x39A4,0x39C4,0x41C4,0xF81F,0xF81F,0xF81F,0xF81F,0xF81F,0xF81F,0xF81F,0x2061,0x5AA6,0x5265,0x1880,0x41C4,
  0x4A25,0x41E4,0x1060,0x8380,0x9440,0x8BC0,0xAD01,0xA4C0,0xDEA5,0x3940,0xD663,0xBDA0,0xC584,0x72E0,0x2922,0x4A05,0x4A25,0x41E4,0x20C1,0x5A87,0x4A25,0x3142,0xF81F,0xF81F,
  0xF81F,0xF81F,0xF81F,0xF81F,0xF81F,0x39E4,0x41C4,0x41C4,0x41E4,0x41C4,0x8446,0x2901,0x6B01,0xB523,0xC584,0x2100,0x4204,0x3960,0xAD41,0x7B60,0x7B60,0x8C26,0x9C84,0xE707,
  0xEF6B,0xDE6B,0x8AE4,0xF78C,0xFFEC,0xBDA3,0x5242,0x8380,0xBDA5,0xAD20,0x52C4,0x948C,0x6B67,0x2940,0x4A20,0x3141,0x20C0,0x9442,0x5287,0x41C4,0x41C4,0x41E4,0x49E5,0xF81F,
  0xF81F,0xF81F,0xF81F,0xF81F,0xF81F,0xF81F,0x2061,0x5AA6,0x6307,0x5AA6,0x3143,0x41C4,0x41E5,0x4A26,0x41C0,0x9441,0x93E0,0xB522,0xA461,0xCE04,0x3100,0xD643,0xA4A0,0x6261,
  0x41A1,0x39A3,0x4A05,0x3984,0x18C1,0x39A4,0x5A87,0x41C3,0x20E1,0xF81F,0xF81F,0xF81F,0xF81F,0xF81F,0xF81F,0xF81F,0x41C5,0x41E4,0x41E4,0x41E4,0x5246,0x9CC6,0x2921,0x1880,
  0x20E0,0x2101,0x62E7,0x73A8,0x5242,0xB583,0x7B60,0x7B40,0x28E0,0xCE45,0xF787,0xFFCB,0xA389,0xF81F,0xF76A,0xDEA6,0x83C0,0x7BA8,0x7BA0,0xA4C2,0xA4E0,0x6306,0x8449,0x7C27,
  0x7C07,0x7BE8,0x39C4,0x20C0,0xA4E3,0x5286,0x41E4,0x41E4,0x41E4,0x3102,0xF81F,0xF81F,0xF81F,0xF81F,0xF81F,0xF81F,0xF81F,0x1840,0x39C3,0x2942,0x5286,0x6348,0x6B68,0x738A,
  0x1060,0x0840,0x7B44,0x9403,0x8BC3,0x8BE2,0x7B21,0x18A0,0x3120,0x49C1,0x41C2,0x20C0,0x18A0,0x20C0,0x6B48,0x6B89,0x52A6,0x20C0,0x3983,0x18C1,0xF81F,0xF81F,0xF81F,0xF81F,
  0xF81F,0xF81F,0xF81F,0x2822,0x3162,0x41E4,0x41E4,0x5246,0xB546,0x3121,0x41E3,0x7C08,0x73C8,0x73E8,0x7C08,0x5AA4,0xB563,0x7B60,0x7B40,0x39A4,0xC5C6,0xD663,0xE6C6,0xF81F,
  0xF81F,0x8B84,0xC5A1,0x6AE0,0x7BA9,0x6B22,0x8BE0,0x9464,0x5AC7,0x7BE9,0x73E7,0x7408,0x5B06,0x4A25,0x3121,0xB545,0x4A26,0x41E5,0x41E5,0x2881,0xF81F,0xF81F,0xF81F,0xF81F,
  0xF81F,0xF81F,0xF81F,0xF81F,0x1820,0x39A4,0x3162,0x41C4,0x5285,0x73C9,0x7C09,0x7408,0x73E9,0x18C0,0x6B68,0x6B68,0x6B68,0x6B88,0x73A8,0x73A8,0x6B67,0x5AE5,0x20E0,0x7C09,
  0x6BA8,0x6B88,0x4A45,0x3183,0x39A3,0x3983,0x1080,0x2083,0xF81F,0xF81F,0xF81F,0xF81F,0xF81F,0xF81F,0xF81F,0x20E2,0x49E5,0x4A05,0x5266,0xAD45,0x41E4,0x41C3,0x7C08,0x7C08,
  0x7C28,0x6B68,0x6B28,0x7320,0x7B80,0x6B01,0x5AC7,0x2900,0xA4C0,0x59A0,0xF81F,0xF81F,0xF81F,0xBD06,0x3140,0x6327,0x7BE8,0x83E2,0xAD29,0x6328,0x39C3,0x73C9,0x73C8,0x4204,
  0x4A25,0x41C3,0xC5C3,0x7341,0x6B21,0x7343,0xF81F,0xF81F,0xF81F,0xF81F,0xF81F,0xF81F,0xF81F,0xF81F,0xF81F,0x20C1,0x18A0,0x2922,0x41E4,0x41E5,0x4205,0x4A04,0x4A85,0x6327,
  0x5286,0x7C47,0x7C47,0x7C67,0x7C47,0x7C67,0x7C47,0x7C48,0x7C48,0x7369,0x73CA,0x7BCA,0x41C4,0x41E4,0x3142,0x39C4,0x18A0,0x5246,0x4A05,0x2002,0xF81F,0xF81F,0xF81F,0xF81F,
  0xF81F,0xF81F,0xF81F,0x62E1,0x6B01,0x62C0,0xBDA5,0x5246,0x4A45,0x4203,0x7C08,0x6347,0x6307,0x6B48,0x9CC6,0x7382,0x6328,0x5285,0x1860,0xC549,0xF81F,0xF81F,0xF81F,0xF81F,
  0x50C5,0x2922,0x6308,0x5AE6,0x6348,0x5265,0x6328,0x5B08,0x52C6,0x73A9,0x4A25,0x4A05,0x2920,0xCE42,0xB562,0xA502,0x9CC5,0xF81F,0xF81F,0xF81F,0xF81F,0xF81F,0xF81F,0xF81F,
  0xF81F,0x4105,0x5286,0x39C4,0x18A0,0x3963,0x4205,0x4205,0x4A05,0x41C4,0x41C4,0x39A4,0x52A6,0x5AC6,0x5AC6,0x5AE6,0x5AE6,0x846A,0x6B87,0x4204,0x4A25,0x39A3,0x3983,0x4A05,
  0x41C3,0x2921,0x18C0,0x18C0,0x5265,0x5245,0x28E2,0xF81F,0xF81F,0xF81F,0xF81F,0xF81F,0xF81F,0xF81F,0xAD27,0xC604,0xD664,0xCE61,0x39A1,0x4204,0x4204,0x7C08,0x62E7,0x6308,
  0x5B07,0x5285,0x5AE7,0x5AA6,0x5286,0x1880,0xF81F,0xF81F,0xF81F,0xF81F,0xF81F,0xC628,0x7383,0x18A0,0x39C4,0x3162,0x2100,0x6328,0x6327,0x6327,0x2101,0x4A25,0x5266,0x9422,
  0x4A20,0x5245,0x4A05,0x4A25,0x2842,0xF81F,0xF81F,0xF81F,0xF81F,0xF81F,0xF81F,0x2022,0x5265,0x5AA6,0x5AC7,0x39A2,0x39C3,0x20C0,0x41E4,0x41E4,0x39C3,0x4A05,0x4205,0x5246,
  0x4A05,0x4A25,0x4A25,0x4204,0x4A45,0x4A45,0x41E5,0x41E5,0x41C4,0x39C3,0x41C4,0x20E1,0x20E1,0x5245,0x4A25,0x62E7,0x5AE7,0x4A05,0xF81F,0xF81F,0xF81F,0xF81F,0xF81F,0xF81F,
  0x1020,0x41E4,0x4A26,0x4A24,0x5A80,0x7362,0x39A3,0x4A25,0x7BCA,0x5AE7,0x5AC7,0x6307,0x3160,0x2100,0x3163,0x18A0,0x83E1,0xE6EA,0xF81F,0xF81F,0xF81F,0xF81F,0xCE86,0xB5A4,
  0x9486,0x5284,0xB546,0xBDA0,0x5AC5,0x6B68,0x6348,0x2921,0x41C4,0x18A0,0xA4E7,0x5286,0x4A25,0x41E4,0x41E4,0x2002,0xF81F,0xF81F,0xF81F,0xF81F,0xF81F,0xF81F,0x4A66,0x6307,
  0x6B48,0x4204,0x6BA8,0x6BC8,0x73A8,0x4203,0x2922,0x4A25,0x5225,0x20C0,0x4A05,0x5246,0x4A25,0x4A05,0x4A05,0x4205,0x4205,0x4205,0x18A0,0x39A3,0x41E4,0x1060,0x4226,0x5286,
  0x5AC6,0x6308,0x5AC6,0x5AC6,0x5286,0x28A3,0xF81F,0xF81F,0xF81F,0xF81F,0xF81F,0x1840,0x41E4,0x4A05,0x5AC7,0x41E4,0x83E2,0x39A1,0x41E4,0x4204,0x5AC7,0x5AE7,0x9463,0xE767,
  0xDECB,0x39C2,0x9CC4,0xCE22,0xEF46,0xF81F,0xF81F,0xF81F,0xF81F,0x49C0,0xBDC4,0x9483,0x7366,0xBDA2,0xCE40,0x39A1,0x6347,0x6347,0x2901,0x3162,0x41C0,0x9C84,0x5AA7,0x39C4,
  0x41C4,0x39C4,0x1801,0xF81F,0xF81F,0xF81F,0xF81F,0xF81F,0xF81F,0x6B47,0x6BA7,0x6327,0x6327,0x6367,0x6B87,0x6BA8,0x6327,0x4A05,0x1060,0x1880,0x20C1,0x3983,0x4A25,0x5266,
  0x4A05,0x41E5,0x4205,0x4A05,0x18A0,0x2922,0x1880,0x1880,0x20C1,0x5266,0x5B07,0x5AE6,0x5AA6,0x5AE7,0x5AC6,0x62C7,0x3103,0xF81F,0xF81F,0xF81F,0xF81F,0xF81F,0x1840,0x4A04,
  0x49E4,0x41E4,0x6308,0x7BE1,0x5242,0x3162,0x4A25,0x5AE7,0x6326,0xB562,0xF787,0xCE68,0x62C5,0xA4C2,0xBD83,0x38A0,0xF81F,0xF81F,0xF81F,0xF81F,0xF81F,0x2902,0x6304,0x6B07,
  0x83E1,0xCE02,0x9C66,0x6B68,0x5B06,0x41E4,0x4A25,0x18C0,0xB5A9,0x4A46,0x39C4,0x41C4,0x39C3,0x1801,0xF81F,0xF81F,0xF81F,0xF81F,0xF81F,0x39C3,0x73E8,0x6BA7,0x3182,0x6348,
  0x6367,0x6B67,0x6B87,0x6B88,0x4A05,0x2920,0x9463,0x3980,0x5266,0x2901,0x18A0,0x18A0,0x18A0,0x18A1,0x1080,0x4205,0x18A0,0xAD01,0x4A41,0x2901,0x5286,0x5B07,0x5B27,0x4A64,
  0x6307,0x6307,0x6307,0x62C6,0xF81F,0xF81F,0xF81F,0xF81F,0xF81F,0x1821,0x4A05,0x41E4,0x41E4,0x4A66,0x7BC2,0x3160,0x41E4,0x20E1,0x5285,0x9C82,0xB520,0xEF26,0x7323,0x62E6,
  0x3980,0x3100,0xF81F,0xF81F,0xF81F,0xF81F,0xF81F,0xF81F,0x41E4,0x4A25,0x1060,0x7B87,0x8C03,0x8C26,0x39C3,0x6307,0x41E4,0x4205,0x1880,0x4A21,0x39A4,0x41C4,0x39C4,0x2922,
  0xF81F,0xF81F,0xF81F,0xF81F,0xF81F,0xF81F,0x3183,0x39E3,0x39E3,0x73C8,0x6B87,0x6B87,0x6B87,0x7C0A,0x41E4,0x28E1,0x4202,0x9CA2,0x3960,0x4205,0x5286,0x4A45,0x4A65,0x4A65,
  0x4A45,0x41E4,0x20E1,0x1060,0x83C1,0x3180,0x1880,0x39A3,0x5B27,0x5B27,0x6327,0x4204,0x6B28,0x62E7,0x5245,0xF81F,0xF81F,0xF81F,0xF81F,0xF81F,0xF81F,0x20E2,0x41C4,0x39C4,
  0x41C5,0x5AA0,0x28E0,0x41E4,0x2921,0x7363,0xA4A1,0x9C82,0x3980,0x5265,0x18A0,0x3983,0x5245,0xF81F,0xF81F,0xF81F,0xF81F,0xF81F,0xF81F,0x5AC6,0x5AC7,0x39A2,0x83C0,0x3160,
  0x20C0,0x1060,0x4A24,0x39C3,0x4205,0x1080,0x3162,0x41E4,0x41E4,0x39A4,0xF81F,0xF81F,0xF81F,0xF81F,0xF81F,0xF81F,0x1842,0x6BA8,0x6B87,0x6BA7,0x7C08,0x7C48,0x6B87,0x73C8,
  0x4A44,0x41A3,0x41E4,0x4203,0x5A63,0x3143,0x20C0,0x39A3,0x39A3,0x39A3,0x39A3,0x39A3,0x39A3,0x18C1,0x2102,0x18C0,0x2101,0x3163,0x3983,0x6327,0x6347,0x6348,0x2900,0x3141,
  0x2921,0x3161,0xF81F,0xF81F,0xF81F,0xF81F,0xF81F,0xF81F,0xF81F,0x3163,0x39A4,0x39A4,0x39A3,0x2942,0x4204,0x2942,0x7344,0x6B01,0x39A1,0x39A0,0x83E3,0x4204,0x5AE7,0x62E7,
  0xF81F,0xF81F,0xF81F,0xF81F,0xF81F,0x20C1,0x6B89,0x6B69,0x6B66,0xE702,0x5A60,0x39C3,0x4A05,0x18A0,0x18A0,0x20E1,0x3162,0x18A0,0x20C0,0x20E0,0x2901,0xF81F,0xF81F,0xF81F,
  0xF81F,0xF81F,0xF81F,0x1080,0x6326,0x6327,0x6347,0x7C29,0x7C48,0x7C28,0x7BEA,0x4A04,0x3983,0x7BE9,0x39C3,0x41A4,0x3163,0x1060,0x39A3,0x39A4,0x39C4,0x41C4,0x39C3,0x39A3,
  0x1040,0x3984,0x39A4,0x39A3,0x4A45,0x20E1,0x4204,0x6368,0x6327,0x41E3,0x6B48,0x6B88,0x6B88,0x41E4,0xF81F,0xF81F,0xF81F,0xF81F,0xF81F,0xF81F,0x1080,0x20E1,0x20E1,0x20E0,
  0x3142,0x1060,0x1080,0x39A4,0x41C5,0x5246,0xAD23,0xD682,0x6327,0x6308,0x5AC6,0x41E4,0xF81F,0xF81F,0xF81F,0xF81F,0x28E2,0x6368,0x6348,0x6327,0x83E4,0x6B66,0x4203,0x6B68,
  0x6368,0x6369,0x3183,0x41E4,0x4204,0x3983,0x2940,0x73A5,0xF81F,0xF81F,0xF81F,0xF81F,0xF81F,0xF81F,0x2101,0x3162,0x3963,0x3983,0x41A3,0x39A3,0x5285,0x5225,0x4204,0x6367,
  0x5AE6,0x39C3,0x41C4,0x41C4,0xF81F,0x3964,0x3983,0x41C3,0x41E3,0x41C4,0x3124,0x2863,0x39A4,0x39A3,0x3142,0x6B48,0x3982,0x4204,0x6B68,0x6327,0x6327,0x4204,0x6B67,0x6347,
  0x41E4,0xF81F,0xF81F,0xF81F,0xF81F,0xF81F,0xF81F,0x8427,0x18A0,0x2901,0x4A25,0x4204,0x4204,0x6348,0x6347,0x6348,0x31A3,0x9445,0x7363,0x6328,0x62E7,0x5AE7,0x4A05,0xF81F,
  0xF81F,0xF81F,0xF81F,0x3182,0x6348,0x6328,0x4A65,0x6B68,0x6B88,0x3181,0x6327,0x6347,0x5B27,0x3983,0x41C4,0x3122,0x5AC5,0xA5A8,0xA566,0x7BE4,0xF81F,0xF81F,0xF81F,0xF81F,
  0xF81F,0x20C1,0x2940,0x2960,0x3160,0x39A0,0x2920,0x2901,0x3141,0x6B88,0x73E9,0x2921,0x41C4,0x2922,0x1802,0xF81F,0xF81F,0xF81F,0xF81F,0xF81F,0xF81F,0xF81F,0xF81F,0x3924,
  0x3983,0x39A3,0x6328,0x5B07,0x28E1,0x39A4,0x5B07,0x5AE6,0x18C0,0x5AA7,0x5286,0x3184,0xF81F,0xF81F,0xF81F,0xF81F,0xF81F,0x94C8,0xA545,0x9D46,0x5AC3,0x28E0,0x5286,0x4A44,
  0x6B68,0x6347,0x6347,0x3181,0x8466,0x6B69,0x4A66,0x5AE8,0x6307,0x39C3,0xF81F,0xF81F,0xF81F,0xF81F,0x8C88,0x73A6,0x6308,0x6B89,0x6327,0x6B67,0x4A44,0x6347,0x6367,0x6347,
  0x39A3,0x4205,0x2101,0x6B86,0xA548,0xA547,0x9D26,0x2801,0xF81F,0xF81F,0xF81F,0x6223,0x41C0,0x62C0,0xF7CB,0xFFEA,0xFFE9,0xFFEE,0xDEEE,0x41E4,0x73E9,0x4A45,0x49E5,0x39A3,
  0x3163,0xF81F,0xF81F,0xF81F,0xF81F,0xF81F,0xF81F,0xF81F,0xF81F,0xF81F,0xF81F,0x3983,0x41C4,0x39A3,0x6348,0x4A25,0x20E1,0x52A6,0x52A6,0x18A1,0x2923,0x2102,0x1080,0xF81F,
  0xF81F,0xF81F,0xF81F,0x59E7,0x9D25,0xA566,0xA566,0x5AC4,0x4A04,0x4A25,0x4A24,0x6B68,0x6348,0x6347,0x2940,0x8467,0x73A8,0x4A24,0x6308,0x7BA6,0x9441,0xF81F,0xF81F,0xF81F,
  0xF81F,0xA504,0xE704,0x3160,0x5AC6,0x6B47,0x7BC8,0x7BE9,0x6BA8,0x6388,0x6368,0x41C4,0x39A3,0x3142,0x6B47,0x6B46,0x9D08,0x9506,0x9CEA,0xF81F,0xF81F,0x9423,0xF7C6,0xFFE5,
  0xF7C6,0x9CC3,0xCE6A,0xEF4B,0xDEA2,0xAD02,0x3182,0x5AE6,0x3163,0x39C4,0x39A3,0x1000,0xF81F,0xF81F,0xF81F,0xF81F,0xF81F,0xF81F,0xF81F,0xF81F,0xF81F,0xF81F,0x41A5,0x41C3,
  0x41C4,0x4204,0x6348,0x20E1,0x20C0,0x20E0,0xC5A7,0x6B02,0xBDA9,0xE702,0xEF63,0x40C0,0xF81F,0xF81F,0xA508,0xA586,0xA567,0x73A5,0x5AA6,0x41C4,0x41C4,0x4204,0x6B68,0x6B68,
  0x6B89,0x4223,0x8428,0x73A7,0x4A65,0x28E0,0xD684,0xA4A1,0xF81F,0xF81F,0xF81F,0xF81F,0x20A0,0xC603,0x3160,0x5AA6,0x6B68,0x6B66,0xA522,0xE727,0x8C63,0x6B89,0x4A25,0x41C4,
  0x18A0,0x3962,0x62C6,0x6B65,0x94E7,0x6B65,0xF81F,0xF81F,0xA503,0xF785,0xF7E5,0xF7E5,0xF7C5,0xEFC6,0x7B61,0xC600,0xB564,0x41E4,0x4204,0x2922,0x39A3,0x41C4,0xF81F,0xF81F,
  0xF81F,0xF81F,0xF81F,0xF81F,0xF81F,0xF81F,0xF81F,0xF81F,0xF81F,0xF81F,0x39A4,0x41E4,0x41E4,0x41C4,0xA4C8,0xF7A2,0xF784,0x9420,0xE6E1,0xDEE1,0xEF61,0xF782,0xE747,0xF81F,
  0xF81F,0x6B23,0xA584,0x6B63,0x5AC6,0x4A04,0x20C1,0x41C4,0x39C3,0x6B67,0xB585,0xB566,0x6307,0x7BE9,0x7387,0x5AA6,0x2920,0xE6E7,0x49A1,0xF81F,0xF81F,0xF81F,0xF81F,0xF81F,
  0x41C1,0x2901,0x5286,0x6B07,0x83E6,0xC602,0xDEE2,0xEF47,0x5AC7,0x5266,0x41C4,0x1880,0x1080,0x5245,0x6B46,0x8C49,0x1800,0xF81F,0xF81F,0xA4E3,0xAD20,0xF7C5,0xF7C4,0xF7C5,
  0xE766,0xA4A1,0xACE2,0xAD42,0x4A25,0x39A3,0x39A3,0x39A4,0x2002,0xF81F,0xF81F,0xF81F,0xF81F,0xF81F,0xF81F,0xF81F,0xF81F,0xF81F,0xF81F,0xF81F,0xF81F,0x20C1,0x2922,0x2921,
  0x20E0,0xDEA4,0xF7A2,0x83A0,0x9C80,0xEF43,0xEF42,0xEF62,0xE724,0xA501,0xF81F,0xF81F,0x2080,0x62E4,0x6327,0x5A86,0x2901,0x20C1,0x2921,0x4204,0x7388,0xA522,0x9C81,0x5AE6,
  0x5AC6,0x5AE6,0x62C7,0x1880,0x51C2,0xF81F,0xF81F,0xF81F,0xF81F,0xF81F,0xF81F,0xF81F,0x20E0,0x2922,0x5AA6,0x7365,0xB585,0xD6A4,0xEF46,0x4225,0x5246,0x41E4,0x1880,0x1880,
  0x2101,0x4A45,0x5245,0x2022,0xF81F,0xF81F,0x9442,0x9420,0x8C00,0xDEE4,0xEF85,0x7B80,0xA4C1,0x7B40,0xCE44,0x2900,0x18C0,0x18A0,0x2863,0xF81F,0xF81F,0xF81F,0xF81F,0xF81F,
  0xF81F,0xF81F,0xF81F,0xF81F,0xF81F,0xF81F,0xF81F,0xF81F,0x2922,0x2921,0x6282,0xE6C4,0xE703,0xF724,0x9423,0x9C60,0xDE84,0xEF62,0xEF44,0x83E0,0x83A1,0xF81F,0xF81F,0x1080,
  0x5AC7,0x4204,0x20E1,0x1880,0x18A1,0x3183,0x5245,0x4A45,0xB540,0x8C20,0x62E7,0x4A44,0x5245,0x20C0,0x2941,0xF81F,0xF81F,0xF81F,0xF81F,0xF81F,0xF81F,0xF81F,0xF81F,0x4165,
  0x3161,0x2921,0x2901,0x1040,0x3980,0x7345,0x18C0,0x1880,0x20C0,0x20E1,0x5245,0x18A0,0x4204,0x4A24,0xF81F,0xF81F,0x6B48,0x7322,0x8BE0,0x8BC0,0x83A0,0xCE25,0x7B20,0x9CA1,
  0x8382,0xF784,0xEF63,0x6B20,0x3183,0x2041,0xF81F,0xF81F,0xF81F,0xF81F,0xF81F,0xF81F,0xF81F,0xF81F,0xF81F,0xF81F,0xF81F,0xF81F,0x1802,0x39C4,0x52C6,0x4A24,0x5242,0xBD43,
  0xB541,0x9423,0x9C41,0xA4C1,0xF785,0x8C02,0x83C1,0x7343,0x2904,0xF81F,0xF81F,0x5AA7,0x39C3,0x1060,0x41E4,0x18A1,0x1040,0x1060,0x18A0,0x5AA0,0x1880,0x28E1,0x20C0,0x28E1,
  0x41C3,0x1821,0xF81F,0xF81F,0xF81F,0xF81F,0xF81F,0xF81F,0xF81F,0xF81F,0xF81F,0x2922,0x5265,0x4204,0x3983,0x52A6,0x5AC6,0x4A45,0x4A05,0x39A3,0x20C0,0x5245,0x20A1,0xF81F,
  0x2003,0xF81F,0x3924,0x6BC6,0x3980,0x83A0,0x8BC0,0x8380,0x8BE2,0x7B61,0x9CA2,0x7B41,0xDEC6,0x5260,0x20E0,0x5286,0x4A25,0xF81F,0xF81F,0xF81F,0xF81F,0xF81F,0xF81F,0xF81F,
  0xF81F,0xF81F,0xF81F,0xF81F,0xF81F,0x1802,0x3983,0x4A24,0x6327,0x5AC6,0x5220,0x9C64,0x9403,0x9421,0x9C21,0x9441,0x8C02,0x5240,0x3160,0x4A45,0xF81F,0xF81F,0xF81F,0x2003,
  0x1861,0x41E4,0x1880,0x41E4,0x41E4,0x5AA6,0x5AE5,0x5AA7,0x2101,0x5265,0x5286,0x28A1,0xF81F,0xF81F,0xF81F,0xF81F,0xF81F,0xF81F,0xF81F,0xF81F,0xF81F,0xF81F,0xF81F,0x2102,
  0x41E3,0x4A45,0x4A45,0x6367,0x6B68,0x5285,0x39A3,0x4205,0x41C4,0xF81F,0xF81F,0xF81F,0xF81F,0x3162,0x8469,0x6B68,0x3960,0x7320,0x7320,0x7B40,0x7320,0x6B00,0x3982,0x3180,
  0x5286,0x62E7,0x39C4,0x41C4,0xF81F,0xF81F,0xF81F,0xF81F,0xF81F,0xF81F,0xF81F,0xF81F,0xF81F,0xF81F,0xF81F,0xF81F,0x1802,0x39A3,0x39A3,0x39C3,0x8CC8,0x7367,0x5285,0x3162,
  0x8BC3,0x8BE2,0x8BE3,0x49E0,0x6307,0x6327,0x3183,0xF81F,0xF81F,0xF81F,0xF81F,0x2003,0x3983,0x41E4,0x41E4,0x5286,0x6348,0x5B06,0x5AC7,0x5266,0x4A45,0x20A1,0xF81F,0xF81F,
  0xF81F,0xF81F,0xF81F,0xF81F,0xF81F,0xF81F,0xF81F,0xF81F,0xF81F,0xF81F,0xF81F,0xF81F,0x39A3,0x39C3,0x52A6,0x4A64,0x6308,0x39A3,0x39A3,0x20E1,0xF81F,0xF81F,0xF81F,0xF81F,
  0x3964,0x5AE5,0x848A,0x73C9,0x1080,0x10A0,0x1880,0x1060,0x5AC7,0x6348,0x5285,0x6B68,0x39A3,0x3984,0x4184,0xF81F,0xF81F,0xF81F,0xF81F,0xF81F,0xF81F,0xF81F,0xF81F,0xF81F,
  0xF81F,0xF81F,0xF81F,0xF81F,0x41A3,0x41C3,0x41C3,0x94E7,0x5266,0x5265,0x6B88,0x6307,0x5AE7,0x6328,0x5A86,0x5A86,0x41A3,0x3983,0xF81F,0xF81F,0xF81F,0xF81F,0xF81F,0x20A1,
  0x4A04,0x41C3,0x52A6,0x52A5,0x39C3,0x20E1,0x41C4,0xF81F,0xF81F,0xF81F,0xF81F,0xF81F,0xF81F,0xF81F,0xF81F,0xF81F,0xF81F,0xF81F,0xF81F,0xF81F,0xF81F,0xF81F,0xF81F,0xF81F,
  0xF81F,0x2002,0x4A25,0x41E4,0x39A3,0x1040,0xF81F,0xF81F,0xF81F,0xF81F,0xF81F,0x3163,0x41E4,0x73A8,0x6B68,0x73C8,0x73A7,0x73A8,0x73A7,0x73A7,0x73C9,0x4A25,0x6B69,0x3983,
  0x3984,0x3983,0xF81F,0xF81F,0xF81F,0xF81F,0xF81F,0xF81F,0xF81F,0xF81F,0xF81F,0xF81F,0xF81F,0xF81F,0xF81F,0x1880,0x41C3,0x39A3,0x94C6,0x4A45,0x39A3,0x5266,0x5AC7,0x62E7,
  0x4A86,0x41C4,0x41E4,0x41A3,0xF81F,0xF81F,0xF81F,0xF81F,0xF81F,0xF81F,0xF81F,0x28C2,0x3141,0x5245,0x5285,0x30E3,0xF81F,0xF81F,0xF81F,0xF81F,0xF81F,0xF81F,0xF81F,0xF81F,
  0xF81F,0xF81F,0xF81F,0xF81F,0xF81F,0xF81F,0xF81F,0xF81F,0xF81F,0xF81F,0xF81F,0xF81F,0xF81F,0xF81F,0xF81F,0xF81F,0xF81F,0xF81F,0xF81F,0xF81F,0xF81F,0xF81F,0x18E2,0x41E4,
  0x4204,0x5286,0x5285,0x5AA6,0x5285,0x5286,0x52A6,0x5266,0x41E5,0x3983,0x3163,0x3183,0x3163,0xF81F,0xF81F,0xF81F,0xF81F,0xF81F,0xF81F,0xF81F,0xF81F,0xF81F,0xF81F,0xF81F,
  0xF81F,0xF81F,0x62E2,0xD68B,0x39A2,0x8CA4,0x3983,0x62E8,0x4A05,0x39A4,0x39A4,0x4A25,0x41C4,0x41C4,0x3162,0xF81F,0xF81F,0xF81F,0xF81F,0xF81F,0xF81F,0xF81F,0xF81F,0xF81F,
  0xF81F,0xF81F,0xF81F,0xF81F,0xF81F,0xF81F,0xF81F,0xF81F,0xF81F,0xF81F,0xF81F,0xF81F,0xF81F,0xF81F,0xF81F,0xF81F,0xF81F,0xF81F,0xF81F,0xF81F,0xF81F,0xF81F,0xF81F,0xF81F,
  0xF81F,0xF81F,0xF81F,0xF81F,0xF81F,0xF81F,0xF81F,0xF81F,0xF81F,0x1802,0x39C4,0x4A25,0x31A3,0x5286,0x52A6,0x4A25,0x4A25,0x5AE7,0x5AA6,0x41E5,0x2101,0x3983,0x3183,0x2102,
  0xF81F,0xF81F,0xF81F,0xF81F,0xF81F,0xF81F,0xF81F,0xF81F,0xF81F,0xF81F,0xF81F,0xF81F,0xF81F,0x2942,0x5AC1,0xBD83,0x73A2,0x3984,0x4204,0x52A7,0x39C3,0x41C4,0x1060,0x4204,
  0x41C3,0x3983,0xF81F,0xF81F,0xF81F,0xF81F,0xF81F,0xF81F,0xF81F,0xF81F,0xF81F,0xF81F,0xF81F,0xF81F,0xF81F,0xF81F,0xF81F,0xF81F,0xF81F,0xF81F,0xF81F,0xF81F,0xF81F,0xF81F,
  0xF81F,0xF81F,0xF81F,0xF81F,0xF81F,0xF81F,0xF81F,0xF81F,0xF81F,0xF81F,0xF81F,0xF81F,0xF81F,0xF81F,0xF81F,0xF81F,0xF81F,0xF81F,0xF81F,0xF81F,0x28A3,0x41C4,0x4A66,0x3182,
  0x4205,0x4A25,0x4A25,0x4A05,0x39A3,0x41E5,0x4A06,0x3142,0x2942,0xC5E8,0x4A21,0xF81F,0xF81F,0xF81F,0xF81F,0xF81F,0xF81F,0xF81F,0xF81F,0xF81F,0xF81F,0xF81F,0xF81F,0xF81F,
  0x20E1,0x41C4,0x41C2,0xDEEA,0x2920,0x3983,0x5AA7,0x39A3,0x41C4,0x1060,0x41E5,0x41E4,0x4A04,0x2903,0xF81F,0xF81F,0xF81F,0xF81F,0xF81F,0xF81F,0xF81F,0xF81F,0xF81F,0xF81F,
  0xF81F,0xF81F,0xF81F,0xF81F,0xF81F,0xF81F,0xF81F,0xF81F,0xF81F,0xF81F,0xF81F,0xF81F,0xF81F,0xF81F,0xF81F,0xF81F,0xF81F,0xF81F,0xF81F,0xF81F,0xF81F,0xF81F,0xF81F,0xF81F,
  0xF81F,0xF81F,0xF81F,0xF81F,0xF81F,0xF81F,0xF81F,0x4A26,0x41E5,0x41E4,0x3142,0x4A25,0x4A05,0x41E5,0x3162,0x4A25,0x41C5,0x41E5,0x5AC3,0xC5E6,0xC5E5,0xF81F,0xF81F,0xF81F,
  0xF81F,0xF81F,0xF81F,0xF81F,0xF81F,0xF81F,0xF81F,0xF81F,0xF81F,0xF81F,0xF81F,0x20C0,0x41C4,0x39C4,0xDEC9,0x20E0,0x3983,0x5AA7,0x41C4,0x4A05,0x1880,0x39A3,0x41E4,0x41E3,
  0x3143,0xF81F,0xF81F,0xF81F,0xF81F,0xF81F,0xF81F,0xF81F,0xF81F,0xF81F,0xF81F,0xF81F,0xF81F,0xF81F,0xF81F,0xF81F,0xF81F,0xF81F,0xF81F,0xF81F,0xF81F,0xF81F,0xF81F,0xF81F,
  0xF81F,0xF81F,0xF81F,0xF81F,0xF81F,0xF81F,0xF81F,0xF81F,0xF81F,0xF81F,0xF81F,0xF81F,0xF81F,0xF81F,0xF81F,0xF81F,0xF81F,0xF81F,0x4205,0x41E5,0x41E4,0x3142,0x5245,0x4A25,
  0x1060,0x4205,0x4205,0x39C5,0x39A3,0xEF65,0x6B62,0x41A3,0xF81F,0xF81F,0xF81F,0xF81F,0xF81F,0xF81F,0xF81F,0xF81F,0xF81F,0xF81F,0xF81F,0xF81F,0xF81F,0x28E2,0x18A0,0x3183,
  0x39A4,0x9465,0x1880,0x3143,0x39A3,0x3162,0x20A0,0x39C3,0x5265,0x4A25,0x41E4,0x2922,0xF81F,0xF81F,0xF81F,0xF81F,0xF81F,0xF81F,0xF81F,0xF81F,0xF81F,0xF81F,0xF81F,0xF81F,
  0xF81F,0xF81F,0xF81F,0xF81F,0xF81F,0xF81F,0xF81F,0xF81F,0xF81F,0xF81F,0xF81F,0xF81F,0xF81F,0xF81F,0xF81F,0xF81F,0xF81F,0xF81F,0xF81F,0xF81F,0xF81F,0xF81F,0xF81F,0xF81F,
  0xF81F,0xF81F,0xF81F,0xF81F,0x3183,0x41C4,0x41E4,0x41E4,0x2901,0x5265,0x5266,0x20E0,0x4A25,0x4A05,0x41E4,0x73C2,0x10A0,0x39C4,0x3183,0xF81F,0xF81F,0xF81F,0xF81F,0xF81F,
  0xF81F,0xF81F,0xF81F,0xF81F,0xF81F,0xF81F,0xF81F,0xF81F,0x28C2,0x39A3,0x2922,0x41C4,0x3140,0x18A0,0x18A0,0x20C0,0x2100,0x6326,0x6B88,0x5AE6,0x5245,0x41E4,0x39A3,0x1001,
  0xF81F,0xF81F,0xF81F,0xF81F,0xF81F,0xF81F,0xF81F,0xF81F,0xF81F,0xF81F,0xF81F,0xF81F,0xF81F,0xF81F,0xF81F,0xF81F,0xF81F,0xF81F,0xF81F,0xF81F,0xF81F,0xF81F,0xF81F,0xF81F,
  0xF81F,0xF81F,0xF81F,0xF81F,0xF81F,0xF81F,0xF81F,0xF81F,0xF81F,0xF81F,0xF81F,0xF81F,0xF81F,0xF81F,0xF81F,0x2943,0x39C4,0x2902,0x2922,0x20C0,0x5245,0x5AA6,0x20E0,0x4A25,
  0x4A25,0x41E4,0x8423,0x18C0,0x39A4,0x3983,0xF81F,0xF81F,0xF81F,0xF81F,0xF81F,0xF81F,0xF81F,0xF81F,0xF81F,0xF81F,0xF81F,0xF81F,0xF81F,0x28C2,0x39A3,0x2900,0x39A3,0x20E0,
  0x20E0,0x4A44,0x73A8,0x73A8,0x5B06,0x5266,0x3142,0x4A45,0x4225,0x52A6,0x2902,0xF81F,0xF81F,0xF81F,0xF81F,0xF81F,0xF81F,0xF81F,0xF81F,0xF81F,0xF81F,0xF81F,0xF81F,0xF81F,
  0xF81F,0xF81F,0xF81F,0xF81F,0xF81F,0xF81F,0xF81F,0xF81F,0xF81F,0xF81F,0xF81F,0xF81F,0xF81F,0xF81F,0xF81F,0xF81F,0xF81F,0xF81F,0xF81F,0xF81F,0xF81F,0xF81F,0xF81F,0xF81F,
  0xF81F,0xF81F,0x2922,0x3183,0x52C6,0x5AC6,0x52A5,0x39C3,0x39A2,0x2901,0x4A05,0x4A05,0x3983,0x8C43,0x20E0,0x39A4,0x3163,0x2942,0xF81F,0xF81F,0xF81F,0xF81F,0xF81F,0xF81F,
  0xF81F,0xF81F,0xF81F,0xF81F,0xF81F,0xF81F,0xF81F,0x39A3,0x41C3,0x3982,0x39A3,0x41C3,0x41C3,0x2922,0x2921,0x3162,0x2942,0x6348,0x6347,0x6347,0x6367,0x6B88,0x3984,0xF81F,
  0xF81F,0xF81F,0xF81F,0xF81F,0xF81F,0xF81F,0xF81F,0xF81F,0xF81F,0xF81F,0xF81F,0xF81F,0xF81F,0xF81F,0xF81F,0xF81F,0xF81F,0xF81F,0xF81F,0xF81F,0xF81F,0xF81F,0xF81F,0xF81F,
  0xF81F,0xF81F,0xF81F,0xF81F,0xF81F,0xF81F,0xF81F,0xF81F,0xF81F,0xF81F,0xF81F,0xF81F,0xF81F,0x1080,0x4A25,0x4225,0x4A65,0x39C3,0x6BA8,0x73E8,0x6346,0x5B05,0x5266,0x1880,
  0x6B63,0x20E0,0x3162,0x2921,0x3163,0xF81F,0xF81F,0xF81F,0xF81F,0xF81F,0xF81F,0xF81F,0xF81F,0xF81F,0xF81F,0xF81F,0xF81F,0xF81F,0xF81F,0x20E1,0x20E1,0x39A3,0x39A3,0x2101,
  0x3983,0x6B47,0x6347,0x6B68,0x20E0,0x5AC6,0x6B68,0x6B48,0x5AC7,0x41C3,0x2002,0xF81F,0xF81F,0xF81F,0xF81F,0xF81F,0xF81F,0xF81F,0xF81F,0xF81F,0xF81F,0xF81F,0xF81F,0xF81F,
  0xF81F,0xF81F,0xF81F,0xF81F,0xF81F,0xF81F,0xF81F,0xF81F,0xF81F,0xF81F,0xF81F,0xF81F,0xF81F,0xF81F,0xF81F,0xF81F,0xF81F,0xF81F,0xF81F,0xF81F,0xF81F,0xF81F,0xF81F,0xF81F,
  0x5AC7,0x5AE7,0x5AC6,0x5AE7,0x39C3,0x2120,0x31A2,0x6BA8,0x73C8,0x6326,0x7368,0x2921,0x4A26,0x41C4,0x41C4,0x3163,0xF81F,0xF81F,0xF81F,0xF81F,0xF81F,0xF81F,0xF81F,0xF81F,
  0xF81F,0xF81F,0xF81F,0xF81F,0xF81F,0xF81F,0xF81F,0x1801,0x3983,0x39A3,0x20C1,0x2942,0x5AE6,0x6367,0x6327,0x41E3,0x39C3,0x4A25,0x41E4,0x41C3,0x41E4,0x1802,0xF81F,0xF81F,
  0xF81F,0xF81F,0xF81F,0xF81F,0xF81F,0xF81F,0xF81F,0xF81F,0xF81F,0xF81F,0xF81F,0xF81F,0xF81F,0xF81F,0xF81F,0xF81F,0xF81F,0xF81F,0xF81F,0xF81F,0xF81F,0xF81F,0xF81F,0xF81F,
  0xF81F,0xF81F,0xF81F,0xF81F,0xF81F,0xF81F,0xF81F,0xF81F,0xF81F,0xF81F,0x6328,0x7C29,0x73E8,0x73E9,0x6B87,0x6B87,0x6B68,0x10A0,0x18A0,0x18C0,0x18C0,0x4A04,0x41C3,0x2901,
  0x41C4,0x41C3,0x28E2,0xF81F,0xF81F,0xF81F,0xF81F,0xF81F,0xF81F,0xF81F,0xF81F,0xF81F,0xF81F,0xF81F,0xF81F,0xF81F,0xF81F,0xF81F,0xF81F,0x2002,0x3164,0x1060,0x3142,0x39A2,
  0x41E4,0x39A3,0x39A3,0x3983,0x39A3,0x39A3,0x39A3,0x3982,0x2002,0xF81F,0xF81F,0xF81F,0xF81F,0xF81F,0xF81F,0xF81F,0xF81F,0xF81F,0xF81F,0xF81F,0xF81F,0xF81F,0xF81F,0xF81F,
  0xF81F,0xF81F,0xF81F,0xF81F,0xF81F,0xF81F,0xF81F,0xF81F,0xF81F,0xF81F,0xF81F,0xF81F,0xF81F,0xF81F,0xF81F,0xF81F,0xF81F,0xF81F,0xF81F,0xF81F,0x2922,0x39A3,0x6327,0x6B68,
  0x6327,0x6BC7,0x73A8,0x4224,0x7BE8,0x6367,0x73C9,0x3162,0x2921,0x39A3,0x20C0,0x3983,0x3103,0xF81F,0xF81F,0xF81F,0xF81F,0xF81F,0xF81F,0xF81F,0xF81F,0xF81F,0xF81F,0xF81F,
  0xF81F,0xF81F,0xF81F,0xF81F,0xF81F,0xF81F,0xF81F,0xF81F,0xF81F,0x2081,0x39A3,0x39C3,0x39A3,0x3182,0x2922,0x3122,0x3103,0xF81F,0xF81F,0xF81F,0xF81F,0xF81F,0xF81F,0xF81F,
  0xF81F,0xF81F,0xF81F,0xF81F,0xF81F,0xF81F,0xF81F,0xF81F,0xF81F,0xF81F,0xF81F,0xF81F,0xF81F,0xF81F,0xF81F,0xF81F,0xF81F,0xF81F,0xF81F,0xF81F,0xF81F,0xF81F,0xF81F,0xF81F,
  0xF81F,0xF81F,0xF81F,0xF81F,0xF81F,0xF81F,0xF81F,0x20E1,0x39A4,0x39A4,0x39A4,0x41E4,0x39C3,0x41E4,0x5AE7,0x73E8,0x6B88,0x4A45,0x3142,0x2101,0x39A3,0x18A1,0xF81F,0xF81F,
  0xF81F,0xF81F,0xF81F,0xF81F,0xF81F,0xF81F,0xF81F,0xF81F,0xF81F,0xF81F,0xF81F,0xF81F,0xF81F,0xF81F,0xF81F,0xF81F,0xF81F,0xF81F,0xF81F,0xF81F,0xF81F,0xF81F,0xF81F,0xF81F,
  0xF81F,0xF81F,0xF81F,0xF81F,0xF81F,0xF81F,0xF81F,0xF81F,0xF81F,0xF81F,0xF81F,0xF81F,0xF81F,0xF81F,0xF81F,0xF81F,0xF81F,0xF81F,0xF81F,0xF81F,0xF81F,0xF81F,0xF81F,0xF81F,
  0xF81F,0xF81F,0xF81F,0xF81F,0xF81F,0xF81F,0xF81F,0xF81F,0xF81F,0xF81F,0xF81F,0xF81F,0xF81F,0xF81F,0xF81F,0xF81F,0xF81F,0xF81F,0x18E1,0x39A3,0x3983,0x3983,0x39C4,0x39A3,
  0x20E0,0x41C3,0x41E4,0x4A05,0x4A25,0x3162,0x1880,0x2101,0xF81F,0xF81F,0xF81F,0xF81F,0xF81F,0xF81F,0xF81F,0xF81F,0xF81F,0xF81F,0xF81F,0xF81F,0xF81F,0xF81F,0xF81F,0xF81F,
  0xF81F,0xF81F,0xF81F,0xF81F,0xF81F,0xF81F,0xF81F,0xF81F,0xF81F,0xF81F,0xF81F,0xF81F,0xF81F,0xF81F,0xF81F,0xF81F,0xF81F,0xF81F,0xF81F,0xF81F,0xF81F,0xF81F,0xF81F,0xF81F,
  0xF81F,0xF81F,0xF81F,0xF81F,0xF81F,0xF81F,0xF81F,0xF81F,0xF81F,0xF81F,0xF81F,0xF81F,0xF81F,0xF81F,0xF81F,0xF81F,0xF81F,0xF81F,0xF81F,0xF81F,0xF81F,0xF81F,0xF81F,0xF81F,
  0xF81F,0xF81F,0xF81F,0xF81F,0xF81F,0xF81F,0xF81F,0x18C1,0x2963,0x3182,0x39C3,0x20E0,0x39A3,0x41C4,0x4A04,0x41E4,0x39A3,0x2003,0xF81F,0xF81F,0xF81F,0xF81F,0xF81F,0xF81F,
  0xF81F,0xF81F,0xF81F,0xF81F,0xF81F,0xF81F,0xF81F,0xF81F,0xF81F,0xF81F,0xF81F,0xF81F,0xF81F,0xF81F,0xF81F,0xF81F,0xF81F,0xF81F,0xF81F,0xF81F,0xF81F,0xF81F,0xF81F,0xF81F,
  0xF81F,0xF81F,0xF81F,0xF81F,0xF81F,0xF81F,0xF81F,0xF81F,0xF81F,0xF81F,0xF81F,0xF81F,0xF81F,0xF81F,0xF81F,0xF81F,0xF81F,0xF81F,0xF81F,0xF81F,0xF81F,0xF81F,0xF81F,0xF81F,
  0xF81F,0xF81F,0xF81F,0xF81F,0xF81F,0xF81F,0xF81F,0xF81F,0xF81F,0xF81F,0xF81F,0xF81F,0xF81F,0xF81F,0xF81F,0xF81F,0xF81F,0xF81F,0xF81F,0xF81F,0xF81F,0xF81F,0xF81F,0xF81F,
  0x2122,0x2122,0x18E2,0xF81F,0xF81F,0xF81F,0xF81F,0xF81F,0xF81F,0xF81F,0xF81F,0xF81F,0xF81F,0xF81F,0xF81F,0xF81F,0xF81F,0xF81F,0xF81F,0xF81F,0xF81F,0xF81F,0xF81F,0xF81F,
  0xF81F,0xF81F,0xF81F,0xF81F,0xF81F,0xF81F,0xF81F,0xF81F,0xF81F,0xF81F,0xF81F,0xF81F,0xF81F,0xF81F,0xF81F,0xF81F,0xF81F,0xF81F,0xF81F,0xF81F,0xF81F,0xF81F,0xF81F,0xF81F,
  0xF81F,0xF81F,0xF81F,0xF81F,0xF81F,0xF81F,0xF81F,0xF81F,0xF81F,0xF81F
};
static const uint16_t M20[] = {
  0xF81F,0xF81F,0xF81F,0xF81F,0xF81F,0xF81F,0xF81F,0xF81F,0xF81F,0xF81F,0xF81F,0xF81F,0xF81F,0xF81F,0xF81F,0xF81F,0xF81F,0xF81F,0xF81F,0xF81F,0xF81F,0xF81F,0xF81F,0xF81F,
  0xF81F,0xF81F,0xF81F,0xF81F,0x3908,0x84B3,0x84B3,0x84D4,0x84D4,0x84F5,0x9516,0xF81F,0xF81F,0xF81F,0xF81F,0xF81F,0xF81F,0xF81F,0xF81F,0xF81F,0xF81F,0xF81F,0xF81F,0xF81F,
  0xF81F,0xF81F,0xF81F,0xF81F,0xF81F,0xF81F,0xF81F,0xF81F,0xF81F,0xF81F,0xF81F,0xF81F,0xF81F,0xF81F,0xF81F,0xF81F,0xF81F,0xF81F,0xF81F,0xF81F,0xF81F,0xF81F,0xF81F,0xF81F,
  0xF81F,0xF81F,0xF81F,0xF81F,0xF81F,0xF81F,0xF81F,0xF81F,0xF81F,0xF81F,0xF81F,0xF81F,0xF81F,0xF81F,0xF81F,0xF81F,0xF81F,0xF81F,0xF81F,0x7CB3,0x8515,0x7D15,0x8D76,0x8D97,
  0x8D97,0x8D77,0x8D77,0x8556,0x8493,0xF81F,0xF81F,0xF81F,0xF81F,0xF81F,0xF81F,0xF81F,0xF81F,0xF81F,0xF81F,0xF81F,0xF81F,0xF81F,0xF81F,0xF81F,0xF81F,0xF81F,0xF81F,0xF81F,
  0xF81F,0xF81F,0xF81F,0xF81F,0xF81F,0xF81F,0xF81F,0xF81F,0xF81F,0xF81F,0xF81F,0xF81F,0xF81F,0xF81F,0xF81F,0xF81F,0xF81F,0xF81F,0xF81F,0xF81F,0xF81F,0xF81F,0xF81F,0xF81F,
  0xF81F,0xF81F,0xF81F,0xF81F,0xF81F,0xF81F,0xF81F,0xF81F,0xF81F,0xF81F,0x7C92,0x8D76,0x8D56,0x8536,0x8D77,0x6C72,0x8556,0x7D15,0x8536,0x8D97,0x8D57,0x636F,0xF81F,0xF81F,
  0xF81F,0xF81F,0xF81F,0xF81F,0xF81F,0xF81F,0xF81F,0xF81F,0xF81F,0xF81F,0xF81F,0xF81F,0xF81F,0xF81F,0xF81F,0xF81F,0xF81F,0xF81F,0xF81F,0xF81F,0xF81F,0xF81F,0xF81F,0xF81F,
  0xF81F,0xF81F,0xF81F,0xF81F,0xF81F,0xF81F,0xF81F,0xF81F,0xF81F,0xF81F,0xF81F,0xF81F,0xF81F,0xF81F,0xF81F,0xF81F,0xF81F,0xF81F,0xF81F,0xF81F,0xF81F,0xF81F,0xF81F,0xF81F,
  0xF81F,0xF81F,0x7C93,0x7CD4,0x8D76,0x9597,0x8535,0x8D77,0x8576,0x8D77,0x8D76,0x6C52,0x9597,0x636E,0xF81F,0xF81F,0xF81F,0xF81F,0xF81F,0xF81F,0xF81F,0xF81F,0xF81F,0xF81F,
  0xF81F,0xF81F,0xF81F,0xF81F,0xF81F,0xF81F,0xF81F,0xF81F,0xF81F,0xF81F,0xF81F,0xF81F,0xF81F,0xF81F,0xF81F,0xF81F,0xF81F,0xF81F,0xF81F,0xF81F,0xF81F,0xF81F,0xF81F,0xF81F,
  0xF81F,0xF81F,0xF81F,0xF81F,0xF81F,0xF81F,0xF81F,0xF81F,0xF81F,0xF81F,0xF81F,0xF81F,0xF81F,0xF81F,0xF81F,0xF81F,0xF81F,0x1803,0x532E,0x7C73,0x7C72,0x95B7,0x95B8,0x95B7,
  0x95B7,0x8D76,0x6C11,0x9DD8,0x63D0,0x6BAF,0xF81F,0xF81F,0xF81F,0xF81F,0xF81F,0xF81F,0xF81F,0xF81F,0xF81F,0xF81F,0xF81F,0xF81F,0xF81F,0xF81F,0xF81F,0xF81F,0xF81F,0xF81F,
  0xF81F,0xF81F,0xF81F,0xF81F,0xF81F,0xF81F,0xF81F,0xF81F,0xF81F,0xF81F,0xF81F,0xF81F,0xF81F,0xF81F,0xF81F,0xF81F,0xF81F,0xF81F,0xF81F,0xF81F,0xF81F,0xF81F,0xF81F,0xF81F,
  0xF81F,0xF81F,0xF81F,0xF81F,0xF81F,0xF81F,0xF81F,0xF81F,0xF81F,0x1802,0x638F,0x63D1,0x63D0,0x7452,0x6C12,0x6C12,0x6C12,0x7432,0x7C53,0x5B6F,0x5B8F,0x634E,0xF81F,0xF81F,
  0xF81F,0xF81F,0xF81F,0xF81F,0xF81F,0xF81F,0xF81F,0xF81F,0xF81F,0xF81F,0xF81F,0xF81F,0xF81F,0xF81F,0xF81F,0xF81F,0xF81F,0xF81F,0xF81F,0xF81F,0xF81F,0xF81F,0xF81F,0xF81F,
  0xF81F,0xF81F,0xF81F,0xF81F,0xF81F,0xF81F,0xF81F,0xF81F,0xF81F,0xF81F,0xF81F,0xF81F,0xF81F,0xF81F,0xF81F,0x6BCF,0x638F,0x634E,0x632E,0xF81F,0xF81F,0xF81F,0xF81F,0xF81F,
  0xF81F,0x0821,0x532D,0x6BD0,0x7C93,0x534E,0x7453,0x7432,0x7432,0x7452,0x6C12,0x5B6F,0x5B4E,0x4AAB,0x1843,0xF81F,0xF81F,0xF81F,0xF81F,0xF81F,0xF81F,0x632D,0x634E,0x73D0,
  0x7C11,0xF81F,0xF81F,0xF81F,0xF81F,0xF81F,0xF81F,0xF81F,0xF81F,0xF81F,0xF81F,0xF81F,0xF81F,0xF81F,0xF81F,0xF81F,0xF81F,0xF81F,0xF81F,0xF81F,0xF81F,0xF81F,0xF81F,0xF81F,
  0xF81F,0xF81F,0xF81F,0xF81F,0xF81F,0x7CB3,0x7CD4,0x8535,0x9577,0x8D76,0x63F1,0x5B4E,0xF81F,0xF81F,0xF81F,0x0001,0x73F0,0x0861,0x426A,0x7410,0x63F1,0x7432,0x6BF1,0x6C12,
  0x6C11,0x7C52,0x63B0,0x42CC,0x29C7,0x636E,0x2145,0x8493,0x3107,0xF81F,0xF81F,0xF81F,0x6BD0,0x6C31,0x8D77,0x8D97,0x8D97,0x8514,0x6C10,0xF81F,0xF81F,0xF81F,0xF81F,0xF81F,
  0xF81F,0xF81F,0xF81F,0xF81F,0xF81F,0xF81F,0xF81F,0xF81F,0xF81F,0xF81F,0xF81F,0xF81F,0xF81F,0xF81F,0xF81F,0xF81F,0xF81F,0x9D97,0x9597,0x532D,0x3A6A,0x8556,0x8577,0x8D77,
  0x8D77,0x8D77,0x8D97,0x5B8F,0x1002,0x28C6,0x5B6E,0x84F5,0x6BF0,0x10A2,0x3209,0x224E,0x96DF,0x1A4E,0x4AAC,0x7C53,0x7431,0x3A29,0x43B3,0x759A,0x3A6C,0x530C,0x18E3,0x7CB3,
  0x7473,0x73F1,0x5A6C,0x1822,0x63D0,0x8D57,0x8D97,0x8D77,0x8D77,0x8D77,0x9597,0x530D,0x84B3,0x9556,0x9556,0xF81F,0xF81F,0xF81F,0xF81F,0xF81F,0xF81F,0xF81F,0xF81F,0xF81F,
  0xF81F,0xF81F,0xF81F,0xF81F,0xF81F,0xF81F,0xF81F,0xF81F,0x7370,0x9597,0x9597,0x8D56,0x63AF,0x8556,0x8D76,0x8D76,0x8D77,0x7CD4,0x95B8,0x63D0,0x18E3,0x5B6E,0x8D36,0x84D4,
  0x4A8A,0x18A2,0x4ACC,0x2A0D,0x3C37,0x5CB9,0x31E7,0x7432,0x7C32,0x4249,0x3B94,0x3C37,0x4ACD,0x52EB,0x2124,0x6B8E,0x8D56,0x9577,0x5B4E,0x18C3,0x6C11,0x8D56,0x74D4,0x8D77,
  0x8D97,0x8D77,0x9597,0x6BF0,0x8D56,0x8D57,0x9DB8,0x4A0A,0xF81F,0xF81F,0xF81F,0xF81F,0xF81F,0xF81F,0xF81F,0xF81F,0xF81F,0xF81F,0xF81F,0xF81F,0xF81F,0xF81F,0xF81F,0xF81F,
  0x6BD0,0x4ACC,0x9DF8,0x9597,0x7411,0x7494,0x8D77,0x8D76,0x8D77,0x74B4,0x6C32,0x6C11,0x1904,0x9556,0x9577,0x6C31,0x18A1,0x4A6A,0x532D,0x532E,0x6434,0x63D1,0x2124,0x63B0,
  0x6BAF,0x4249,0x63D1,0x63D2,0x52ED,0x63B0,0x52AB,0x2924,0x84D4,0x8D77,0x6C11,0x10C3,0x6C31,0x7CB4,0x7CD4,0x8D97,0x8D77,0x8D77,0x8D77,0x7431,0x9597,0x8D35,0x4B2D,0x5B0C,
  0xF81F,0xF81F,0xF81F,0xF81F,0xF81F,0xF81F,0xF81F,0xF81F,0xF81F,0xF81F,0xF81F,0xF81F,0xF81F,0xF81F,0xF81F,0xF81F,0x5B4E,0x5B4E,0x5BAF,0x8D77,0x5B6E,0x8515,0x8D77,0x8D77,
  0x8D97,0x8D77,0x8D77,0x6BF0,0x2124,0x8D76,0x9597,0x7C72,0x18A2,0x29A6,0x6C32,0x31E8,0x63D0,0x5B6F,0x2124,0x4248,0x4A49,0x3A08,0x63B0,0x5B8F,0x3A29,0x84F5,0x4249,0x2944,
  0x7452,0x95B8,0x6C11,0x10C3,0x6C11,0x8D77,0x8D97,0x8D77,0x8D77,0x8D76,0x9597,0x6BF1,0x9577,0x4AED,0x532E,0x4AAA,0xF81F,0xF81F,0xF81F,0xF81F,0xF81F,0xF81F,0xF81F,0xF81F,
  0xF81F,0xF81F,0xF81F,0xF81F,0xF81F,0xF81F,0xF81F,0xF81F,0x530D,0x5B4D,0x5B6F,0x74B4,0x63D0,0x8D36,0x8D56,0x8D97,0x8D77,0x8D77,0x8D57,0x63B0,0x2144,0x8D36,0x8D77,0x63AF,
  0x1881,0x3A29,0x7494,0x08C2,0x638E,0x638E,0x634D,0x52CB,0x52AA,0x52EC,0x636E,0x638F,0x21C8,0x5BB0,0x4249,0x3164,0x6BF1,0x8D57,0x6411,0x10C3,0x7431,0x8D77,0x8D77,0x8D76,
  0x8D77,0x8D77,0x7CB4,0x6C11,0x4B2E,0x7412,0x532E,0x4AAB,0xF81F,0xF81F,0xF81F,0xF81F,0xF81F,0xF81F,0xF81F,0xF81F,0xF81F,0xF81F,0xF81F,0xF81F,0xF81F,0xF81F,0xF81F,0xF81F,
  0x4ACC,0x5B6E,0x63B0,0x63D0,0xA5F9,0x7CB4,0x63D0,0x9536,0x95B7,0x8D97,0x7CD5,0x530D,0x2944,0x532E,0x532E,0x4ACC,0x1860,0x4228,0x7C93,0x3229,0x1904,0x29C7,0x3208,0x3228,
  0x3A49,0x3A49,0x3229,0x1924,0x532E,0x532D,0x4A69,0x3185,0x4ACC,0x4AED,0x52ED,0x18E3,0x5B8F,0x8D77,0x8D77,0x8D56,0x5B6F,0x63D0,0x9557,0x63D0,0x5B4E,0x5B6F,0x5B4E,0x4AAB,
  0xF81F,0xF81F,0xF81F,0xF81F,0xF81F,0xF81F,0xF81F,0xF81F,0xF81F,0xF81F,0xF81F,0xF81F,0xF81F,0xF81F,0xF81F,0x73CF,0x31C8,0x636F,0x5B6F,0x63B0,0x7C73,0x7C53,0x7453,0x7452,
  0x7453,0x63D0,0x5B6F,0x5B4E,0x3186,0x6BF0,0x8D57,0x5B8F,0x0860,0x2924,0x42AB,0x7C92,0x7C73,0x63D1,0x63F1,0x63D0,0x63D0,0x6411,0x6BF1,0x84B4,0x7C93,0x4A8A,0x3165,0x18E2,
  0x63B0,0x9577,0x536E,0x18E3,0x530C,0x7C72,0x5B2E,0x7C93,0x6C32,0x7432,0x7432,0x7C94,0x532E,0x6BF1,0x532D,0x428A,0x4A4A,0xF81F,0xF81F,0xF81F,0xF81F,0xF81F,0xF81F,0xF81F,
  0xF81F,0xF81F,0xF81F,0xF81F,0xF81F,0xF81F,0x1803,0x638F,0x5B6E,0x530C,0x42AB,0x7432,0x6C32,0x7432,0x6C12,0x7432,0x6C12,0x63AF,0x5B4E,0x636E,0x3186,0x6BF0,0x7CF5,0x8515,
  0x4249,0x1081,0x4269,0x3A29,0x6C11,0x7412,0x6C11,0x6C11,0x4B0C,0x6C11,0x6BF1,0x6BF1,0x532E,0x3A08,0x1061,0x3A29,0x8515,0x7CF5,0x5B8F,0x10A2,0x52EC,0x4AED,0x84B4,0x7432,
  0x6C32,0x7432,0x7432,0x7453,0x7C94,0x3A2A,0x5B2D,0x4ACB,0x6BD0,0xF81F,0xF81F,0xF81F,0xF81F,0xF81F,0xF81F,0xF81F,0xF81F,0xF81F,0xF81F,0xF81F,0xF81F,0xF81F,0xF81F,0x6BF0,
  0x5B8F,0x4A8A,0x7C72,0x7453,0x7433,0x63D4,0x6C14,0x7474,0x7C73,0x534E,0x63B0,0x634D,0x39E7,0x6BF0,0x7CF5,0x8515,0x7431,0x39C7,0x10A1,0x3A07,0x3209,0x63D0,0x6BD0,0x63B0,
  0x6BF0,0x638F,0x6C11,0x2186,0x4248,0x18A2,0x31C7,0x63D0,0x8516,0x84D5,0x638F,0x2986,0x4A8B,0x530D,0x4ACC,0x6C12,0x6C33,0x7C95,0x53B2,0x7C73,0x7C73,0x7452,0x428A,0x6BF1,
  0x5B4E,0xF81F,0xF81F,0xF81F,0xF81F,0xF81F,0xF81F,0xF81F,0xF81F,0xF81F,0xF81F,0xF81F,0xF81F,0xF81F,0xF81F,0x5B4E,0x532D,0x63D0,0x6C11,0x7C94,0x4311,0x4D3E,0x5DDF,0x343A,
  0x1A72,0x5B4E,0x634D,0x31A6,0x5B6E,0x5B8F,0x5B2D,0x63D0,0x8516,0x8CF4,0x4249,0x39E7,0x2103,0x18C3,0x20C3,0x18E3,0x18E3,0x20E3,0x2124,0x2124,0x52AA,0x4AAB,0x6C52,0x7CF5,
  0x7472,0x4AAB,0x6BD0,0x3A09,0x0861,0x4AEC,0x5BB0,0x2292,0x33D9,0x557E,0x3C5C,0x7495,0x7432,0x534E,0x4ACC,0x5B6E,0x636E,0xF81F,0xF81F,0xF81F,0xF81F,0xF81F,0xF81F,0xF81F,
  0xF81F,0xF81F,0xF81F,0xF81F,0xF81F,0xF81F,0xF81F,0x530C,0x4ACB,0x5B90,0x534E,0x63D1,0x3313,0x22D3,0x32F3,0x33B6,0x4D3F,0x532E,0x2986,0x2986,0x4B0D,0x84F5,0x8536,0x84B4,
  0x5B6F,0x5BD0,0x6C11,0x5B2D,0x3A29,0x4229,0x3A29,0x4229,0x3A29,0x3A29,0x4229,0x3A29,0x5B4E,0x5B6E,0x7C93,0x7CB3,0x8CF4,0x8D56,0x7CD5,0x5B6F,0x2104,0x4AAA,0x5B90,0x343C,
  0x12F6,0x3336,0x2316,0x4312,0x7C73,0x6C11,0x5B8F,0x5B6E,0x426A,0xF81F,0xF81F,0xF81F,0xF81F,0xF81F,0xF81F,0xF81F,0xF81F,0xF81F,0xF81F,0xF81F,0xF81F,0xF81F,0xF81F,0x39E7,
  0x5B2D,0x5B8F,0x530D,0x5B8F,0x2AB2,0x4B94,0x4BB6,0x3314,0x32F4,0x4ACC,0x10A1,0x52CB,0x7453,0x7453,0x7473,0x9598,0x9577,0x8515,0x5BB0,0x5B4E,0x636F,0x5B6F,0x5B6F,0x636F,
  0x636F,0x5B6F,0x5B6F,0x5B6E,0x428B,0x84D4,0x6411,0x9597,0x9557,0x8516,0x7453,0x7453,0x5B0C,0x39E7,0x5B4F,0x4375,0x3BB7,0x5C9A,0x3AF1,0x2AD3,0x7411,0x638F,0x532D,0x52EC,
  0x4208,0xF81F,0xF81F,0xF81F,0xF81F,0xF81F,0xF81F,0xF81F,0xF81F,0xF81F,0xF81F,0xF81F,0xF81F,0xF81F,0xF81F,0x2945,0x31E7,0x4B0C,0x532D,0x530D,0x32F3,0x4B73,0x64BD,0x43D9,
  0x4B50,0x52EC,0x39E6,0x530D,0x7453,0x4B75,0x3B58,0x74D8,0x74B5,0x7CB4,0x8515,0x8D56,0x5BAF,0x5B8F,0x5B8F,0x4AED,0x52EC,0x4AAC,0x4ACC,0x4AAB,0xA5F9,0x8556,0x8515,0x7C94,
  0x6436,0x2A93,0x53D6,0x7C95,0x4ACB,0x2985,0x5B4E,0x5B91,0x4C3A,0x4395,0x4B72,0x2AD4,0x532D,0x52EC,0x42AB,0x4AAB,0x18C3,0xF81F,0xF81F,0xF81F,0xF81F,0xF81F,0xF81F,0xF81F,
  0xF81F,0xF81F,0xF81F,0xF81F,0xF81F,0xF81F,0x3A4A,0x5B2D,0x2944,0x31C6,0x3A28,0x42AB,0x42CC,0x4AED,0x5B6F,0x536E,0x42AB,0x3185,0x4A48,0x638F,0x6C32,0x4354,0x4C7A,0x3C9E,
  0x4C3C,0x5C16,0x7CB5,0x7CB4,0x7453,0x6C33,0x6C33,0x6413,0x6413,0x5BD1,0x5BD2,0x5B6F,0x6C53,0x6414,0x3B54,0x4BB6,0x2339,0x447D,0x3377,0x7474,0x532D,0x39E7,0x39E7,0x5B2E,
  0x5B6F,0x5B90,0x5B6F,0x530D,0x42AA,0x4A8A,0x29A6,0x2965,0x426A,0x4A69,0xF81F,0xF81F,0xF81F,0xF81F,0xF81F,0xF81F,0xF81F,0xF81F,0xF81F,0xF81F,0xF81F,0xF81F,0x5BAF,0x6C32,
  0x4AAA,0x10A2,0x2985,0x2965,0x31C7,0x42AA,0x4AAB,0x428B,0x428A,0x2103,0x4248,0x5B6E,0x7453,0x7496,0x3B54,0x4C58,0x6D7C,0x341A,0x5C15,0x7C94,0x7453,0x6C98,0x2AD4,0x22B4,
  0x22F5,0x2AF5,0x6C34,0x530D,0x7473,0x4375,0x2B9A,0x5CDD,0x5D3E,0x4393,0x53B4,0x7474,0x530D,0x4248,0x2104,0x4AAB,0x4ACB,0x428A,0x4AAB,0x428A,0x31A6,0x2104,0x1904,0x428A,
  0x6C11,0x7C52,0xF81F,0xF81F,0xF81F,0xF81F,0xF81F,0xF81F,0xF81F,0xF81F,0xF81F,0xF81F,0xF81F,0xF81F,0x63F1,0x8515,0x534E,0x4AEC,0x1081,0x18C2,0x20C3,0x18C2,0x18E3,0x2103,
  0x18C1,0x20E3,0x4248,0x5B6E,0x7453,0x6C55,0x443C,0x5C99,0x6498,0x555D,0x5416,0x7473,0x6C13,0x339A,0x5DDF,0x6E3F,0x6E5F,0x6E1F,0x4B95,0x6BF1,0x7C73,0x3B54,0x443A,0x74D8,
  0x4394,0x3B53,0x6415,0x7CB5,0x4ACB,0x4228,0x20C2,0x18A2,0x18A2,0x18C2,0x18A2,0x18C3,0x2945,0x3186,0x5B4E,0x7432,0x7493,0x7452,0xF81F,0xF81F,0xF81F,0xF81F,0xF81F,0xF81F,
  0xF81F,0xF81F,0x6ACE,0x5AAC,0xF81F,0x1062,0x84F4,0x7CD4,0x4B2D,0x7411,0x31A6,0x4AAB,0x426A,0x4269,0x3207,0x4228,0x31C6,0x20A2,0x4269,0x5B2D,0x7473,0x6476,0x4CBD,0x5C78,
  0x553D,0x3CDC,0x53F6,0x7453,0x6BF4,0x553F,0x3C39,0x5416,0x53F5,0x54BA,0x443A,0x5391,0x7CB4,0x4395,0x4D1F,0x657D,0x7559,0x33DA,0x5C15,0x5B6F,0x52CC,0x4249,0x10A1,0x2965,
  0x31C7,0x3A08,0x3A28,0x52EC,0x4ACC,0x4AAB,0x84B3,0x5BB0,0x7473,0x7453,0x20C4,0xF81F,0x5ACD,0xF81F,0xF81F,0xF81F,0xF81F,0x41EA,0x9597,0x530C,0x2985,0x2124,0x84F5,0x74B3,
  0x7CD4,0x4269,0x63D0,0x7C74,0x4ACC,0x4ACC,0x428A,0x4228,0x20A4,0xF81F,0x4228,0x4A8A,0x4B0C,0x6415,0x6DFF,0x2BD9,0x53D7,0x3C7D,0x53D5,0x7432,0x63B2,0x553F,0x3375,0x5C34,
  0x6C75,0x53F5,0x445B,0x63F4,0x7473,0x4354,0x3BDA,0x3B55,0x3316,0x2BDB,0x5392,0x532D,0x3A28,0x39C7,0xF81F,0x1862,0x3A28,0x4ACB,0x4AAB,0x4ACB,0x7453,0x7CB4,0x4269,0x8D36,
  0x7CD5,0x8515,0x18C2,0x3186,0x7452,0x9577,0x1003,0xF81F,0xF81F,0x5B8E,0x8D57,0x63CF,0x2985,0x3185,0x5B8E,0x8D36,0x534D,0x42AB,0x7C94,0x3A6A,0x4AAB,0x4ACC,0x4249,0x31A6,
  0xF81F,0xF81F,0x20C3,0x3A28,0x4AAB,0x5390,0x53D8,0x3C3C,0x553F,0x4C9D,0x63D2,0x6C31,0x63B2,0x4CDE,0x1B15,0x53B2,0x53B3,0x447A,0x5D5E,0x4B51,0x7432,0x53B3,0x4CFF,0x557F,
  0x44BC,0x4395,0x63B1,0x4AAB,0x4229,0x1043,0xF81F,0xF81F,0x31C7,0x428B,0x4AAB,0x4ACC,0x42ED,0x7473,0x3A4A,0x63D0,0x8D36,0x428B,0x1881,0x2966,0x7493,0x8D97,0x6B8F,0xF81F,
  0xF81F,0x5B8E,0x95B8,0x9577,0x31C6,0x3164,0x31A6,0x532D,0x5B2C,0x6C11,0x5B8F,0x428A,0x4A8B,0x4AAA,0x5AEB,0xF81F,0xF81F,0xF81F,0xF81F,0x2965,0x530C,0x532D,0x4ACC,0x5BB1,
  0x4B94,0x5BD2,0x6BD1,0x6BF1,0x63B2,0x3BDA,0x347C,0x4BD5,0x43B4,0x555E,0x5CFD,0x5350,0x6BF1,0x5BB1,0x53D4,0x4BB4,0x4B51,0x42CD,0x4AEC,0x4A8A,0x2986,0xF81F,0xF81F,0xF81F,
  0xF81F,0x4269,0x4AAB,0x4A8A,0x428A,0x7473,0x6C11,0x6BCF,0x5B4E,0x10A2,0x39E7,0x638E,0x8D77,0x95B8,0x6BAF,0xF81F,0xF81F,0x6BD0,0x8D36,0x9DB8,0x6C10,0x39A6,0x4207,0x2924,
  0x2944,0x426A,0x4ACB,0x52CC,0x4ACB,0x4A8A,0x2945,0xF81F,0xF81F,0xF81F,0xF81F,0xF81F,0x18C2,0x2124,0x3A29,0x4ACC,0x5B6F,0x5B6F,0x63AF,0x6390,0x5B90,0x5BB3,0x4B74,0x5BD2,
  0x5372,0x3335,0x4353,0x532D,0x6BD1,0x63B0,0x536F,0x534F,0x4ACC,0x530C,0x2965,0x2965,0xF81F,0xF81F,0xF81F,0xF81F,0xF81F,0x1083,0x4AAB,0x4ACB,0x4AAB,0x4AAB,0x3A08,0x18E3,
  0x10A2,0x4228,0x2145,0x6BF0,0x95D8,0x6C11,0x7411,0xF81F,0x5B0D,0x7473,0x7432,0x6C32,0x9577,0x5B6F,0x18E3,0x2965,0x4228,0x2964,0x2923,0x2103,0x2923,0x18A2,0xF81F,0xF81F,
  0xF81F,0xF81F,0xF81F,0xF81F,0x2965,0x428A,0x31A6,0x18C2,0x2125,0x4A6A,0x428A,0x52CB,0x4249,0x31C7,0x31A6,0x31C7,0x2986,0x31A6,0x31A6,0x31C7,0x4249,0x4249,0x3A08,0x18C3,
  0x18E3,0x4249,0x4AAB,0x18E4,0xF81F,0xF81F,0xF81F,0xF81F,0xF81F,0xF81F,0x18A2,0x20C3,0x18E3,0x18C2,0x18C3,0x2144,0x2124,0x2145,0x8535,0x9598,0x84D4,0x63F1,0x6BF1,0x3A29,
  0x52ED,0x6CB6,0x7473,0x6412,0x7473,0x95B8,0x6C11,0x31A6,0x3185,0x39E6,0x39C6,0x2944,0x31A5,0x4A69,0x3106,0xF81F,0xF81F,0xF81F,0xF81F,0xF81F,0xF81F,0x3A49,0x426A,0x4AAB,
  0x4ACB,0x3A08,0x31E8,0x31E7,0x3A28,0x530D,0x5B2E,0x52CB,0x5B4D,0x530D,0x532D,0x31E8,0x39E8,0x3A08,0x3A28,0x530D,0x52EC,0x4AEB,0x3A28,0xF81F,0xF81F,0xF81F,0xF81F,0xF81F,
  0xF81F,0x3947,0x4269,0x10A2,0x20E3,0x39C7,0x39E7,0x2944,0x428A,0x84F4,0x8D56,0x6C12,0x63F1,0x5BF3,0x63F3,0x424A,0x4B0D,0x54DA,0x6413,0x5437,0x5C35,0x6473,0x95D8,0x7493,
  0x6BF0,0x5B2C,0x5B4D,0x52EC,0x4ACB,0x428A,0x2945,0xF81F,0xF81F,0xF81F,0xF81F,0xF81F,0xF81F,0x2124,0x4269,0x4AAB,0x52EC,0x5B8F,0x63D0,0x63B0,0x5B6F,0x5B4E,0x532E,0x428A,
  0x5B2D,0x534E,0x534E,0x5B6F,0x6390,0x638F,0x638F,0x530C,0x636E,0x4269,0x3146,0xF81F,0xF81F,0xF81F,0xF81F,0xF81F,0xF81F,0x31A7,0x426A,0x428A,0x428A,0x4269,0x530C,0x6C10,
  0x8D77,0x7CB4,0x6434,0x5C56,0x6414,0x3B94,0x53F6,0x4AAC,0x4B0E,0x443A,0x4B91,0x33B8,0x5D1D,0x755B,0x7494,0x6411,0x63D0,0x4AED,0x84F5,0x5BD1,0x63F0,0x3A49,0x2144,0xF81F,
  0xF81F,0xF81F,0xF81F,0xF81F,0xF81F,0x20A3,0x18E2,0x5269,0x5B2C,0x52EC,0x532D,0x5B2D,0x530D,0x532D,0x52EC,0x3A07,0x31C7,0x52EC,0x636F,0x5B4E,0x5B8F,0x638F,0x4AAB,0x3A29,
  0x39E7,0x31A6,0xF81F,0xF81F,0xF81F,0xF81F,0xF81F,0xF81F,0xF81F,0x3187,0x426A,0x5B6E,0x7CB4,0x7C93,0x638F,0x7472,0x6C32,0x6434,0x5CDA,0x659D,0x4CDC,0x5C38,0x3B75,0x52CC,
  0x4ACE,0x549C,0x4C15,0x4C9B,0x1317,0x2C1A,0x5C53,0x6C32,0x63B0,0x29C7,0x534F,0x5B4F,0x42AB,0x4249,0x2144,0xF81F,0xF81F,0xF81F,0xF81F,0xF81F,0xF81F,0x18A2,0x3A08,0x4249,
  0x2165,0x3185,0x2965,0x2924,0x2965,0x2965,0x31C7,0x4AAB,0x428A,0x3A08,0x2944,0x2945,0x2965,0x3165,0x2124,0x2145,0x52CB,0x31E7,0xF81F,0xF81F,0xF81F,0xF81F,0xF81F,0xF81F,
  0xF81F,0x3166,0x3A29,0x530C,0x4AEC,0x5B4E,0x2986,0x6C10,0x7473,0x64B9,0x1B57,0x347C,0x6559,0x2AD4,0x2336,0x42AC,0x5330,0x4C3A,0x4CFB,0x3BF8,0x3376,0x4C19,0x74D5,0x7473,
  0x5B6F,0x31E8,0x534E,0x534E,0x530C,0x4A69,0x3126,0xF81F,0xF81F,0xF81F,0xF81F,0xF81F,0xF81F,0x18A2,0x31C6,0x3A49,0x530C,0x4ACB,0x2124,0x5AEB,0x52ED,0x636E,0x5B4E,0x63B0,
  0x638F,0x5B8F,0x4AEC,0x4AAB,0x4A69,0x4A49,0x5B4E,0x532D,0x3A28,0x39E8,0x2023,0xF81F,0xF81F,0xF81F,0xF81F,0xF81F,0xF81F,0x3146,0x426A,0x4AAA,0x532D,0x5B4E,0x31A6,0x6BF0,
  0x7C93,0x7539,0x3BF9,0x4C9B,0x4458,0x2B56,0x3356,0x52CD,0x30EB,0x4BD7,0x3BB7,0x5417,0x7DDC,0x761D,0x6413,0x6C11,0x5B4E,0x31E7,0x5B4D,0x532D,0x4A8A,0x3A07,0xF81F,0xF81F,
  0xF81F,0xF81F,0xF81F,0xF81F,0xF81F,0x4A8A,0x2103,0x3A07,0x4249,0x4AAB,0x2965,0x426A,0x5B6F,0x63B0,0x7432,0x7C52,0x7452,0x7432,0x7452,0x6C11,0x4249,0x4A8A,0x4ACB,0x428A,
  0x39E7,0x10A2,0x5AEC,0xF81F,0xF81F,0xF81F,0xF81F,0xF81F,0xF81F,0xF81F,0x31C6,0x4A8A,0x428A,0x4ACB,0x2986,0x63D0,0x6C32,0x74B6,0x9DD9,0x8D99,0x7D5A,0x1B58,0x5BB3,0xF81F,
  0xF81F,0x3B33,0x43F8,0x5415,0x6C97,0x6C75,0x7C94,0x6C11,0x530D,0x5B0C,0x636D,0x5B2D,0x4228,0x5289,0xF81F,0xF81F,0xF81F,0xF81F,0xF81F,0xF81F,0xF81F,0x426A,0x52EC,0x1924,
  0x4248,0x4269,0x2965,0x4A8A,0x4ACC,0x532D,0x532D,0x532D,0x530D,0x530D,0x530D,0x52EC,0x4249,0x4A69,0x426A,0x2986,0x18E3,0x5B0D,0x4AAB,0xF81F,0xF81F,0xF81F,0xF81F,0xF81F,
  0xF81F,0xF81F,0x4A48,0x39E7,0x52CB,0x4ACC,0x52CB,0x638F,0x7432,0x7454,0x4375,0x43F8,0x3356,0x4CBB,0x63B0,0xF81F,0xF81F,0x5391,0x5C18,0x2B98,0x4D5E,0x5D9E,0x7474,0x638E,
  0x2986,0x530D,0x5BB0,0x63D0,0x530D,0x4AAA,0xF81F,0xF81F,0xF81F,0xF81F,0xF81F,0xF81F,0xF81F,0x3A08,0x3A29,0x63AF,0x6BAF,0x1904,0x2144,0x18E2,0x4A8A,0x4249,0x426A,0x428A,
  0x428A,0x426A,0x4249,0x4248,0x20E3,0x2104,0x10E3,0x636E,0x534D,0x3A09,0x4A69,0xF81F,0xF81F,0xF81F,0xF81F,0xF81F,0xF81F,0xF81F,0x4A8A,0x530D,0x63B0,0x63B0,0x5B6E,0x31E8,
  0x6BF0,0x5B90,0x5499,0x44BC,0x2B98,0x5BF5,0x63B0,0xF81F,0xF81F,0x4310,0x4417,0x53F5,0x4419,0x6E5F,0x7CB4,0x5B4E,0x5B8F,0x63D0,0x536E,0x5B90,0x42AB,0x4A69,0xF81F,0xF81F,
  0xF81F,0xF81F,0xF81F,0xF81F,0xF81F,0x4228,0x4269,0x3A29,0x6BD0,0x7432,0x532D,0x29C7,0x31E7,0x18E3,0x18E3,0x10E3,0x18E3,0x10E3,0x1903,0x2966,0x31E8,0x7432,0x7473,0x63AF,
  0x3A08,0x4A8A,0x31A6,0xF81F,0xF81F,0xF81F,0xF81F,0xF81F,0xF81F,0xF81F,0x4A8A,0x530D,0x63B0,0x532E,0x7432,0x4ACB,0x63AF,0x6413,0x5D5F,0x4C5B,0x5418,0x74D8,0x63B0,0xF81F,
  0xF81F,0x4310,0x3355,0x3B93,0x4C79,0x6E9F,0x7C94,0x5B6E,0x5B6E,0x63AF,0x428A,0x4B0D,0x428A,0x4A29,0xF81F,0xF81F,0xF81F,0xF81F,0xF81F,0xF81F,0xF81F,0x1081,0x1903,0x31E7,
  0x4269,0x530D,0x5B6E,0x1925,0x84B4,0x6C12,0x6C11,0x63F1,0x63F1,0x6BF1,0x6C12,0x63B0,0x426A,0x42AB,0x52EC,0x428A,0x4A8A,0x10A2,0x0000,0xF81F,0xF81F,0xF81F,0xF81F,0xF81F,
  0xF81F,0xF81F,0x4229,0x4ACB,0x52EC,0x4ACB,0x7412,0x4AAB,0x638F,0x63D2,0x5D3E,0x4C7C,0x3374,0x4BD6,0x63B0,0xF81F,0xF81F,0x4B71,0x341B,0x6E1F,0x4418,0x769F,0x7CB5,0x5B6E,
  0x5B6E,0x5B8F,0x530C,0x4AAB,0x4249,0x1802,0xF81F,0xF81F,0xF81F,0xF81F,0xF81F,0xF81F,0x2104,0x4AAA,0x4228,0x20E3,0x4AAA,0x530C,0x4ACB,0x3A28,0x4AEC,0x530D,0x532E,0x532E,
  0x532E,0x532E,0x532D,0x5B4D,0x4ACB,0x42AA,0x4AAB,0x3A28,0x2965,0x4249,0x4A8A,0x2064,0xF81F,0xF81F,0xF81F,0xF81F,0xF81F,0xF81F,0x0801,0x4ACB,0x52EC,0x5B6E,0x63D1,0x4AAB,
  0x638F,0x63F2,0x655E,0x54BC,0x3C5A,0x3C7B,0x5B4F,0xF81F,0xF81F,0x2166,0x6413,0x6478,0x4419,0x767F,0x7CB4,0x5B2D,0x532D,0x5B90,0x530D,0x4AAB,0x4269,0xF81F,0xF81F,0xF81F,
  0xF81F,0xF81F,0xF81F,0xF81F,0x638E,0x7452,0x6C32,0x7411,0x31C7,0x18E3,0x2103,0x4A69,0x3A49,0x4AEC,0x532D,0x532E,0x532E,0x532E,0x4AAB,0x4228,0x4AAA,0x2965,0x2103,0x4248,
  0x4AEC,0x7C73,0x7472,0x31A6,0xF81F,0xF81F,0xF81F,0xF81F,0xF81F,0xF81F,0x0801,0x4ACB,0x4ACB,0x530D,0x5B8F,0x4A8A,0x636E,0x63D2,0x551E,0x54BC,0x4BB3,0x5B70,0x2084,0xF81F,
  0xF81F,0x10A2,0x428A,0x63F1,0x3B12,0x4C78,0x7493,0x5B2D,0x4ACC,0x4B0D,0x4ACB,0x4269,0x2925,0xF81F,0xF81F,0xF81F,0xF81F,0xF81F,0xF81F,0xF81F,0x5B6E,0x6C12,0x6C11,0x6C32,
  0x63D0,0x52EC,0x4228,0x10A2,0x2965,0x3208,0x4ACC,0x42AB,0x42AB,0x428A,0x426A,0x2965,0x1081,0x4A69,0x4ACB,0x5B8F,0x6C32,0x6C32,0x7432,0x4AAB,0xF81F,0xF81F,0xF81F,0xF81F,
  0xF81F,0xF81F,0xF81F,0x2144,0x31C7,0x4ACB,0x4AEC,0x4269,0x636E,0x63D1,0x5438,0x5392,0x4AED,0x428A,0x1803,0xF81F,0xF81F,0x18E3,0x18E3,0x29A6,0x4AEC,0x534E,0x4AEC,0x428A,
  0x4249,0x4249,0x39C6,0x18A2,0x2965,0xF81F,0xF81F,0xF81F,0xF81F,0xF81F,0xF81F,0x428A,0x63D0,0x5B8F,0x63F1,0x6C11,0x6BF1,0x7431,0x4269,0x3A08,0x18C2,0x4248,0x4249,0x3A28,
  0x3A29,0x3A08,0x31C7,0x0861,0x31C7,0x3A07,0x532D,0x6C12,0x6C32,0x7432,0x7452,0x5B4D,0x4A8A,0xF81F,0xF81F,0xF81F,0xF81F,0xF81F,0xF81F,0x31A6,0x1082,0x39E7,0x3A28,0x39E7,
  0x5B2D,0x530D,0x4AED,0x52ED,0x31C7,0x2985,0x1002,0xF81F,0xF81F,0x18E3,0x428A,0x52CB,0x0861,0x0020,0x0841,0x0861,0x2986,0x39A6,0x3A07,0x52EB,0x4AAB,0x49A9,0xF81F,0xF81F,
  0xF81F,0xF81F,0xF81F,0x5B4E,0x7432,0x6C12,0x6C11,0x6C11,0x6C11,0x4AAB,0x4A8A,0x4249,0x3185,0xF81F,0x3146,0x3187,0x3187,0x3968,0x2044,0x2124,0x3A08,0x31C7,0x3A28,0x6C11,
  0x6C32,0x7432,0x6C52,0x7453,0x5B2D,0xF81F,0xF81F,0xF81F,0xF81F,0xF81F,0x2966,0x530D,0x4269,0x2124,0x4208,0x2104,0x0020,0x0881,0x10A2,0x18E3,0x4AAA,0x4AAA,0x1002,0xF81F,
  0xF81F,0x10C3,0x4B0D,0x4AEC,0x4AEC,0x534D,0x4AEC,0x4ACC,0x532D,0x31E8,0x31A6,0x3A8A,0x7432,0x6C31,0x30C6,0xF81F,0xF81F,0xF81F,0x39C7,0x4ACC,0x5B8E,0x6C32,0x6C11,0x6C12,
  0x6BF0,0x2165,0x638E,0x4269,0x31C6,0xF81F,0xF81F,0xF81F,0xF81F,0xF81F,0xF81F,0x2965,0x3A08,0x3A09,0x2145,0x428B,0x6C32,0x7433,0x7452,0x4AEC,0x4249,0x2906,0xF81F,0xF81F,
  0xF81F,0x4169,0x6BF1,0x7CB4,0x428A,0x31A6,0x31A6,0x63AF,0x532D,0x532D,0x5B6E,0x5B8E,0x63AF,0x4AEC,0x1002,0xF81F,0xF81F,0x10A2,0x5BAF,0x5B6E,0x4AEC,0x638F,0x4B0D,0x7452,
  0x7432,0x426A,0x18C2,0x428A,0x532D,0x5BAF,0x31A6,0xF81F,0xF81F,0xF81F,0x2103,0x4A89,0x3A28,0x5B4E,0x4B2D,0x63F0,0x3A49,0x530D,0x42AA,0x3A48,0xF81F,0xF81F,0xF81F,0xF81F,
  0xF81F,0xF81F,0xF81F,0x28E5,0x31E7,0x428A,0x4AAA,0x4269,0x6C32,0x6BF0,0x532D,0x4248,0x31A6,0x2083,0xF81F,0xF81F,0xF81F,0x4A8A,0x6BF1,0x4ACC,0x4269,0x10C2,0x4ACB,0x6C52,
  0x8D15,0x63B0,0x532E,0x5B6F,0x5BAF,0x7473,0x1002,0xF81F,0xF81F,0x10A2,0x7473,0x4ACC,0x7CB3,0x7473,0x5B8F,0x7493,0x63B0,0x4249,0x1081,0x10A2,0x52CB,0x532C,0x39E7,0xF81F,
  0xF81F,0xF81F,0x73F0,0x52EB,0x4269,0x18E3,0x2165,0x428A,0x39E7,0x5B2D,0x42AA,0x31E7,0xF81F,0xF81F,0xF81F,0xF81F,0xF81F,0xF81F,0xF81F,0xF81F,0x4228,0x4289,0x4AEB,0x3A07,
  0x426A,0x39E7,0x10A2,0x3A08,0x31E7,0x4A8B,0xF81F,0xF81F,0xF81F,0x31C7,0x52EC,0x4249,0x10C2,0x18E3,0x426A,0x6C32,0x8515,0x6411,0x7CD4,0x63F0,0x5B6E,0x7CF4,0x1003,0xF81F,
  0xF81F,0xF81F,0x7453,0x7CD5,0x7C94,0x7C94,0x7C94,0x7473,0x5B6E,0x3A49,0x18E3,0x2964,0x1081,0x52CA,0xF81F,0xF81F,0xF81F,0x39CA,0x8D57,0x8D56,0x8D36,0x4B0C,0x2165,0x2103,
  0x2965,0x530C,0x4A8A,0x39E7,0xF81F,0xF81F,0xF81F,0xF81F,0xF81F,0xF81F,0xF81F,0xF81F,0x2104,0x4269,0x42AA,0x18E2,0x4228,0x2965,0x3A49,0x7CB4,0x7CB4,0x7CB5,0x638E,0xF81F,
  0xF81F,0x3126,0x4A89,0x10A1,0x31A6,0x18E3,0x4ACB,0x6C31,0x7CB4,0x7CF5,0x7CB4,0x7CB4,0x84F4,0x63D0,0xF81F,0xF81F,0xF81F,0xF81F,0x2144,0x4AEB,0x4AEC,0x42AB,0x7C73,0x6C32,
  0x530E,0x31C6,0x4227,0x3208,0x4269,0xF81F,0xF81F,0xF81F,0xF81F,0x428A,0x534F,0x536F,0x84F5,0x84F5,0x4ACC,0x18C2,0x18C2,0x2124,0x2965,0xF81F,0xF81F,0xF81F,0xF81F,0xF81F,
  0xF81F,0xF81F,0xF81F,0xF81F,0xF81F,0x2103,0x1081,0x2103,0x10A1,0x4ACB,0x7CB4,0x8516,0x5B4F,0x5B4E,0x4AAA,0xF81F,0xF81F,0xF81F,0x1803,0x4269,0x3A28,0x2124,0x18E3,0x63D0,
  0x7CB4,0x7C94,0x63D0,0x63AF,0x4AAB,0x3166,0xF81F,0xF81F,0xF81F,0xF81F,0xF81F,0x4A69,0x0880,0x18E3,0x2145,0x2965,0x1924,0x428A,0x4ACB,0x532D,0x52EC,0xF81F,0xF81F,0xF81F,
  0xF81F,0x4269,0x534E,0x536E,0x534E,0x5BB0,0x42AB,0x18A2,0x3A28,0x4A69,0x4248,0x30E6,0xF81F,0xF81F,0xF81F,0xF81F,0xF81F,0xF81F,0xF81F,0xF81F,0x49E9,0x31C6,0x3A08,0x3A07,
  0x0841,0x532D,0x5B8F,0x534E,0x5B6F,0x5B6E,0x4ACA,0xF81F,0xF81F,0xF81F,0xF81F,0x52EC,0x5B6E,0x4ACB,0x3A08,0x2945,0x2986,0x2144,0x2145,0x2165,0x2924,0xF81F,0xF81F,0xF81F,
  0xF81F,0xF81F,0xF81F,0xF81F,0x3166,0x4AA9,0x4269,0x530C,0x3A28,0x428A,0x5B6E,0x42AB,0x3A08,0xF81F,0xF81F,0xF81F,0xF81F,0x3A07,0x530C,0x532E,0x5B8F,0x5B6E,0x426A,0x1081,
  0x31A6,0x426A,0x5B2D,0x3A07,0xF81F,0xF81F,0xF81F,0xF81F,0xF81F,0xF81F,0xF81F,0xF81F,0x4208,0x52EC,0x4269,0x2124,0x1061,0x52EC,0x5B4E,0x5B6E,0x5B4E,0x4AEC,0x4269,0xF81F,
  0xF81F,0xF81F,0xF81F,0x5B4D,0x31E7,0x638E,0x4A8A,0x4AAA,0x428A,0x52EB,0x4ACA,0x41C8,0xF81F,0xF81F,0xF81F,0xF81F,0xF81F,0xF81F,0xF81F,0xF81F,0xF81F,0xF81F,0xF81F,0xF81F,
  0xF81F,0xF81F,0xF81F,0xF81F,0xF81F,0xF81F,0xF81F,0xF81F,0x1803,0x4249,0x2964,0x4269,0x4A8A,0x4249,0x2965,0x1924,0x3A4A,0x7411,0x4AAA,0x2103,0xF81F,0xF81F,0xF81F,0xF81F,
  0xF81F,0xF81F,0xF81F,0xF81F,0x3186,0x4269,0x6BAF,0x4A8A,0x4A69,0x3A08,0x4249,0x4A8A,0x4229,0x2165,0x4249,0xF81F,0xF81F,0xF81F,0xF81F,0xF81F,0xF81F,0xF81F,0xF81F,0xF81F,
  0xF81F,0xF81F,0xF81F,0xF81F,0xF81F,0xF81F,0xF81F,0xF81F,0xF81F,0xF81F,0xF81F,0xF81F,0xF81F,0xF81F,0xF81F,0xF81F,0xF81F,0xF81F,0xF81F,0xF81F,0xF81F,0xF81F,0xF81F,0xF81F,
  0x1802,0x52EC,0x530C,0x2165,0x1903,0x1904,0x2965,0x63D0,0x5B8F,0x3A28,0x31A6,0x2924,0xF81F,0xF81F,0xF81F,0xF81F,0xF81F,0xF81F,0xF81F,0xF81F,0x3186,0x2144,0x29A6,0x5B4D,
  0x6BD0,0x2165,0x2985,0x31C6,0x31A6,0x52CB,0x5B4E,0xF81F,0xF81F,0xF81F,0xF81F,0xF81F,0xF81F,0xF81F,0xF81F,0xF81F,0xF81F,0xF81F,0xF81F,0xF81F,0xF81F,0xF81F,0xF81F,0xF81F,
  0xF81F,0xF81F,0xF81F,0xF81F,0xF81F,0xF81F,0xF81F,0xF81F,0xF81F,0xF81F,0xF81F,0xF81F,0xF81F,0xF81F,0xF81F,0xF81F,0x0801,0x4AEC,0x63D0,0x5B8F,0x9D97,0x9556,0x9577,0x532D,
  0x29A6,0x3A08,0x4249,0x2986,0xF81F,0xF81F,0xF81F,0xF81F,0xF81F,0xF81F,0xF81F,0xF81F,0x39E7,0x4249,0x3A08,0x3A08,0x5B6E,0x8D15,0x8D15,0x9577,0x7CB4,0x7452,0x532D,0xF81F,
  0xF81F,0xF81F,0xF81F,0xF81F,0xF81F,0xF81F,0xF81F,0xF81F,0xF81F,0xF81F,0xF81F,0xF81F,0xF81F,0xF81F,0xF81F,0xF81F,0xF81F,0xF81F,0xF81F,0xF81F,0xF81F,0xF81F,0xF81F,0xF81F,
  0xF81F,0xF81F,0xF81F,0xF81F,0xF81F,0xF81F,0xF81F,0xF81F,0x530C,0x4AEC,0x5BB0,0x536E,0x6C32,0x6C11,0x63F0,0x5B6E,0x4249,0x4249,0x4249,0x31A6,0xF81F,0xF81F,0xF81F,0xF81F,
  0xF81F,0xF81F,0xF81F,0xF81F,0x4208,0x4269,0x4A8A,0x3A08,0x5B6E,0x5B90,0x6C52,0x63D1,0x63D0,0x6BF1,0x5B4E,0x5B0B,0xF81F,0xF81F,0xF81F,0xF81F,0xF81F,0xF81F,0xF81F,0xF81F,
  0xF81F,0xF81F,0xF81F,0xF81F,0xF81F,0xF81F,0xF81F,0xF81F,0xF81F,0xF81F,0xF81F,0xF81F,0xF81F,0xF81F,0xF81F,0xF81F,0xF81F,0xF81F,0xF81F,0xF81F,0xF81F,0xF81F,0xF81F,0xF81F,
  0x4AAB,0x532D,0x534E,0x63D0,0x63F1,0x63F1,0x6BF1,0x426A,0x530C,0x426A,0x4249,0x31C6,0xF81F,0xF81F,0xF81F,0xF81F,0xF81F,0xF81F,0xF81F,0xF81F,0x4228,0x4269,0x4AAB,0x6BF0,
  0x5B2D,0x5B8F,0x6C12,0x6C12,0x5B8F,0x6C32,0x5B6E,0x4A49,0xF81F,0xF81F,0xF81F,0xF81F,0xF81F,0xF81F,0xF81F,0xF81F,0xF81F,0xF81F,0xF81F,0xF81F,0xF81F,0xF81F,0xF81F,0xF81F,
  0xF81F,0xF81F,0xF81F,0xF81F,0xF81F,0xF81F,0xF81F,0xF81F,0xF81F,0xF81F,0xF81F,0xF81F,0xF81F,0xF81F,0xF81F,0xF81F,0x52EB,0x3A08,0x530C,0x5BAF,0x5B8F,0x5BB0,0x6C11,0x428A,
  0x530C,0x426A,0x428A,0x31C6,0xF81F,0xF81F,0xF81F,0xF81F,0xF81F,0xF81F,0xF81F,0xF81F,0x4228,0x4269,0x4B0C,0x530C,0x5B2D,0x5B8F,0x63D0,0x6BF1,0x5B8F,0x532D,0x426A,0x4A69,
  0xF81F,0xF81F,0xF81F,0xF81F,0xF81F,0xF81F,0xF81F,0xF81F,0xF81F,0xF81F,0xF81F,0xF81F,0xF81F,0xF81F,0xF81F,0xF81F,0xF81F,0xF81F,0xF81F,0xF81F,0xF81F,0xF81F,0xF81F,0xF81F,
  0xF81F,0xF81F,0xF81F,0xF81F,0xF81F,0xF81F,0xF81F,0xF81F,0x0861,0x0041,0x10C2,0x29A6,0x31E7,0x5B4E,0x532D,0x52EB,0x530D,0x428A,0x3A28,0x18E3,0xF81F,0xF81F,0xF81F,0xF81F,
  0xF81F,0xF81F,0xF81F,0xF81F,0x2944,0x4269,0x530D,0x52EC,0x4AAA,0x530D,0x5B4E,0x29A6,0x2145,0x10C3,0x1082,0x0861,0xF81F,0xF81F,0xF81F,0xF81F,0xF81F,0xF81F,0xF81F,0xF81F,
  0xF81F,0xF81F,0xF81F,0xF81F,0xF81F,0xF81F,0xF81F,0xF81F,0xF81F,0xF81F,0xF81F,0xF81F,0xF81F,0xF81F,0xF81F,0xF81F,0xF81F,0xF81F,0xF81F,0xF81F,0xF81F,0xF81F,0xF81F,0x1062,
  0x4AEC,0x532D,0x532D,0x5B4D,0x426A,0x10C2,0x10A2,0x10C3,0x4ACB,0x4A8A,0x2124,0x2985,0xF81F,0xF81F,0xF81F,0xF81F,0xF81F,0xF81F,0xF81F,0xF81F,0x2944,0x2144,0x4AAB,0x52CB,
  0x10E2,0x1903,0x0881,0x4AAB,0x426A,0x4ACC,0x532D,0x52EC,0x1843,0xF81F,0xF81F,0xF81F,0xF81F,0xF81F,0xF81F,0xF81F,0xF81F,0xF81F,0xF81F,0xF81F,0xF81F,0xF81F,0xF81F,0xF81F,
  0xF81F,0xF81F,0xF81F,0xF81F,0xF81F,0xF81F,0xF81F,0xF81F,0xF81F,0xF81F,0xF81F,0xF81F,0xF81F,0xF81F,0xF81F,0x29A6,0x1925,0x1925,0x1924,0x7431,0x7472,0x6BD0,0x4AEC,0x428A,
  0x2965,0x31C7,0x4ACA,0x31A6,0xF81F,0xF81F,0xF81F,0xF81F,0xF81F,0xF81F,0xF81F,0xF81F,0x4229,0x52EB,0x2944,0x3A08,0x428A,0x638F,0x63AF,0x7C73,0x8CF4,0x1104,0x1925,0x1925,
  0x4AAA,0xF81F,0xF81F,0xF81F,0xF81F,0xF81F,0xF81F,0xF81F,0xF81F,0xF81F,0xF81F,0xF81F,0xF81F,0xF81F,0xF81F,0xF81F,0xF81F,0xF81F,0xF81F,0xF81F,0xF81F,0xF81F,0xF81F,0xF81F,
  0xF81F,0xF81F,0xF81F,0xF81F,0xF81F,0xF81F,0x52EC,0x7472,0x7452,0x6C32,0x6C31,0x638F,0x532D,0x3208,0x63AF,0x63AF,0x4AAB,0x4ACB,0x29A6,0xF81F,0xF81F,0xF81F,0xF81F,0xF81F,
  0xF81F,0xF81F,0xF81F,0xF81F,0xF81F,0x31C7,0x428A,0x530C,0x6C11,0x532D,0x3A08,0x5B2C,0x7431,0x7472,0x7473,0x7CB4,0x6C11,0x636D,0xF81F,0xF81F,0xF81F,0xF81F,0xF81F,0xF81F,
  0xF81F,0xF81F,0xF81F,0xF81F,0xF81F,0xF81F,0xF81F,0xF81F,0xF81F,0xF81F,0xF81F,0xF81F,0xF81F,0xF81F,0xF81F,0xF81F,0xF81F,0xF81F,0xF81F,0xF81F,0xF81F,0x1042,0x4ACB,0x7CB4,
  0x7CD4,0x7473,0x7CB4,0x6C52,0x532D,0x532D,0x2985,0x52EB,0x4249,0x3207,0xF81F,0xF81F,0xF81F,0xF81F,0xF81F,0xF81F,0xF81F,0xF81F,0xF81F,0xF81F,0xF81F,0xF81F,0x4A8A,0x52EC,
  0x4269,0x428A,0x63CF,0x6BF0,0x6C32,0x7493,0x7474,0x7CB4,0x7CB4,0x4AEC,0xF81F,0xF81F,0xF81F,0xF81F,0xF81F,0xF81F,0xF81F,0xF81F,0xF81F,0xF81F,0xF81F,0xF81F,0xF81F,0xF81F,
  0xF81F,0xF81F,0xF81F,0xF81F,0xF81F,0xF81F,0xF81F,0xF81F,0xF81F,0xF81F,0xF81F,0xF81F,0xF81F,0x1001,0x3A08,0x4AAB,0x4AED,0x5B6F,0x4B0D,0x532E,0x3A49,0x534D,0x5B6D,0x29A5,
  0x2945,0xF81F,0xF81F,0xF81F,0xF81F,0xF81F,0xF81F,0xF81F,0xF81F,0xF81F,0xF81F,0xF81F,0xF81F,0xF81F,0xF81F,0x31A7,0x2965,0x4AAB,0x4B0C,0x3208,0x4B0D,0x63D0,0x534E,0x4AED,
  0x530C,0x52AB,0xF81F,0xF81F,0xF81F,0xF81F,0xF81F,0xF81F,0xF81F,0xF81F,0xF81F,0xF81F,0xF81F,0xF81F,0xF81F,0xF81F,0xF81F,0xF81F,0xF81F,0xF81F,0xF81F,0xF81F,0xF81F,0xF81F,
  0xF81F,0xF81F,0xF81F,0xF81F,0xF81F,0xF81F,0xF81F,0x39C8,0x426A,0x4269,0x4269,0x4ACA,0x4248,0x52EB,0x4A89,0x1863,0xF81F,0xF81F,0xF81F,0xF81F,0xF81F,0xF81F,0xF81F,0xF81F,
  0xF81F,0xF81F,0xF81F,0xF81F,0xF81F,0xF81F,0xF81F,0xF81F,0x1883,0x4A8A,0x4AAA,0x4248,0x5B2C,0x4269,0x428A,0x4A8A,0x2946,0xF81F,0xF81F,0xF81F,0xF81F,0xF81F,0xF81F,0xF81F,
  0xF81F,0xF81F,0xF81F,0xF81F,0xF81F,0xF81F,0xF81F,0xF81F,0xF81F,0xF81F,0xF81F,0xF81F,0xF81F,0xF81F,0xF81F,0xF81F,0xF81F,0xF81F,0xF81F,0xF81F,0xF81F,0xF81F,0xF81F,0xF81F,
  0xF81F,0xF81F,0x20E3,0x31E6,0x31C6,0x3185,0xF81F,0xF81F,0xF81F,0xF81F,0xF81F,0xF81F,0xF81F,0xF81F,0xF81F,0xF81F,0xF81F,0xF81F,0xF81F,0xF81F,0xF81F,0xF81F,0xF81F,0xF81F,
  0xF81F,0xF81F,0x1903,0x29A6,0x2985,0x2945,0xF81F,0xF81F,0xF81F,0xF81F,0xF81F,0xF81F,0xF81F,0xF81F,0xF81F,0xF81F,0xF81F,0xF81F,0xF81F,0xF81F,0xF81F,0xF81F,0xF81F,0xF81F
};
static const uint16_t M21[] = {
  0xF81F,0xF81F,0xF81F,0xF81F,0xF81F,0xF81F,0xF81F,0xF81F,0xF81F,0xF81F,0xF81F,0xF81F,0xF81F,0xF81F,0xF81F,0xF81F,0xF81F,0xF81F,0xF81F,0xF81F,0xF81F,0xF81F,0xF81F,0xF81F,
  0xF81F,0xF81F,0xF81F,0xF81F,0xFDB2,0xECCF,0xF81F,0xF81F,0xF81F,0xF81F,0xF81F,0xF81F,0xF81F,0xF81F,0xF81F,0xF81F,0xF81F,0xF81F,0xF81F,0xF81F,0xF81F,0xF81F,0xF81F,0xF81F,
  0xF81F,0xF81F,0xF81F,0xF81F,0xF81F,0xF81F,0xF81F,0xF81F,0xF81F,0xF81F,0xF81F,0xF81F,0xC2E6,0xF81F,0xF81F,0xF81F,0xF81F,0xF81F,0xF81F,0xF81F,0xF81F,0xF81F,0xF81F,0xF81F,
  0xF81F,0xF81F,0xF81F,0xFE92,0xF81F,0xF81F,0xF81F,0xF81F,0xF81F,0xF81F,0xF81F,0xF81F,0xF81F,0xF81F,0xF81F,0xF81F,0xF81F,0xF81F,0xF81F,0xF81F,0xF81F,0xF81F,0xF81F,0xF81F,
  0xF81F,0xF81F,0xF81F,0xF81F,0xF81F,0xF81F,0xF81F,0xF81F,0xF81F,0xB1E6,0xBC20,0xBB05,0xF81F,0xF81F,0xF81F,0xF81F,0xF81F,0xF81F,0xF81F,0xF81F,0xB227,0xA264,0xA284,0xA2A3,
  0xBAE5,0xAAE3,0xEF08,0xE609,0xF81F,0xF81F,0xF81F,0xF81F,0xF81F,0xF81F,0xF81F,0xF81F,0xF81F,0xF81F,0xF81F,0xF81F,0xF81F,0xF81F,0xF81F,0xF81F,0xF81F,0xF81F,0xF81F,0xF81F,
  0xF81F,0xF81F,0xF81F,0xF81F,0xF81F,0xF81F,0xF81F,0xC269,0xDD62,0xCC82,0xF81F,0xF81F,0xF81F,0xF81F,0xF81F,0xF81F,0xF81F,0xA2C3,0x9B40,0xDDC4,0xDDE4,0xDDE3,0xDDE3,0xE645,
  0xE705,0xE786,0xA3A1,0xA1C6,0xF81F,0xF81F,0xF81F,0xF81F,0xF81F,0xF81F,0xF81F,0xF81F,0xF81F,0xF81F,0xF81F,0xF81F,0xF81F,0xF81F,0xF81F,0xF81F,0xF81F,0xF81F,0xF81F,0xF81F,
  0xF81F,0xF81F,0xF81F,0xF81F,0xF81F,0xF81F,0xE5A3,0xDDC2,0xC3C6,0xB1E9,0xF81F,0xF81F,0xBA0A,0xAAA6,0xBC43,0xDE84,0xDEA3,0xDEA4,0xDEA4,0xE6E5,0xDE84,0xCDC2,0xD6E3,0xDF43,
  0xEF46,0xBCE3,0xBA6A,0xF81F,0xF81F,0xF81F,0xF81F,0xF81F,0xF81F,0xF81F,0xF81F,0xF81F,0xF81F,0xF81F,0xF81F,0xF81F,0xF81F,0xF81F,0xF81F,0xF81F,0xF81F,0xF81F,0xF81F,0xF81F,
  0xF81F,0xF81F,0xF81F,0xF81F,0xC3A4,0xE5E4,0xDE24,0xEEA6,0xFF47,0xF727,0xFF68,0xF767,0xF787,0xF7C8,0xFFEA,0xFFEC,0xFFED,0xFFEC,0xFFEB,0xFFEA,0xDEC4,0xCE82,0xF7E7,0xEF86,
  0xF728,0xCCC6,0xB228,0xF81F,0xF81F,0xF81F,0xF81F,0xF81F,0xF81F,0xF81F,0xF81F,0xF81F,0xF81F,0xF81F,0xF81F,0xF81F,0xF81F,0xF81F,0xF81F,0xF81F,0xF81F,0xF81F,0xF81F,0xF81F,
  0xF81F,0xF81F,0xF81F,0xCBA6,0xD5C4,0xE6A4,0xEF66,0xFFC9,0xF789,0xEF88,0xEF67,0xDF04,0xDEE3,0xDF04,0xEF66,0xEF88,0xFFEC,0xFFEC,0xFFEC,0xFFEA,0xEF87,0xF7E9,0xEF87,0xDE43,
  0xC463,0xF81F,0xF81F,0xF81F,0xF81F,0xF81F,0xF81F,0xF81F,0xF81F,0xF81F,0xF81F,0xF81F,0xF81F,0xF81F,0xF81F,0xF81F,0xF81F,0xF81F,0xF81F,0xF81F,0xF81F,0xF81F,0xF81F,0xF81F,
  0xF81F,0xF81F,0xF81F,0xC348,0xDE04,0xE6E5,0xDEE4,0xFFEB,0xFFEC,0xFFED,0xFFCB,0xEF87,0xE745,0xEF45,0xF7A9,0xFFED,0xFFED,0xFFED,0xFFEC,0xFFED,0xFFEB,0xFFEA,0xF747,0xA264,
  0xF81F,0xF81F,0xF81F,0xF81F,0xF81F,0xF81F,0xF81F,0xF81F,0xF81F,0xF81F,0xF81F,0xF81F,0xF81F,0xF81F,0xF81F,0xF81F,0xF81F,0xCB66,0xCC04,0xF81F,0xF81F,0xF81F,0xF81F,0xF81F,
  0xF81F,0xF81F,0xBB81,0xC4E0,0xE6A3,0xDEE5,0xE727,0xFFEC,0xFFED,0xFFCC,0xFFE9,0xE725,0xFFEC,0xFFED,0xFFED,0xFFED,0xFFED,0xFFED,0xFFEC,0xFFED,0xFFAA,0xB404,0xF81F,0xF81F,
  0xF81F,0xF81F,0xF81F,0xF81F,0xF81F,0xF81F,0xF81F,0xF81F,0xF81F,0xF81F,0xF81F,0xF81F,0xF81F,0xF81F,0xF81F,0xF81F,0xCBC4,0xB2A6,0xF81F,0xF81F,0xF81F,0xF81F,0xF81F,0xB287,
  0xB401,0xE665,0xE6C4,0xDEC3,0xD6A3,0xDEE5,0xFFEC,0xFFED,0xFFCC,0xF7C8,0xE726,0xF7A8,0xFFED,0xFFED,0xFFED,0xFFEC,0xFFED,0xFFED,0xFFEC,0xDE25,0xA2C2,0xF81F,0xF81F,0xF81F,
  0xF81F,0xF81F,0xF81F,0xF81F,0xF81F,0xF81F,0xF81F,0xF81F,0xF81F,0xF81F,0xF81F,0xF81F,0xF81F,0xF81F,0xBB25,0xC462,0xC2AA,0xF81F,0xF81F,0xF81F,0xBAE7,0xBC84,0xE684,0xDEA3,
  0xD683,0xE6C4,0xDE83,0xEF47,0xFFEC,0xFFEC,0xFFEB,0xF7A8,0xE724,0xDEE4,0xFFED,0xFFED,0xFFED,0xFFED,0xFFED,0xFFEC,0xFFCC,0xE6A5,0xC523,0xF81F,0xF81F,0xF81F,0xF81F,0xF81F,
  0xF81F,0xF81F,0xF81F,0xF81F,0xF81F,0xF81F,0xF81F,0xF81F,0xF81F,0xF81F,0xF81F,0xF81F,0xBA47,0xF686,0xEE06,0xB3E1,0xABA0,0xB421,0xDE24,0xDEA4,0xEF67,0xFFEA,0xFFEB,0xFFCA,
  0xF789,0xF7AA,0xF789,0xFFEB,0xF788,0xEF66,0xE724,0xEF87,0xF7AA,0xFFEC,0xFFED,0xFFED,0xFFEC,0xFFEB,0xF7E9,0xCE02,0xCD83,0xF81F,0xF81F,0xF81F,0xF81F,0xF81F,0xF81F,0xF81F,
  0xF81F,0xF81F,0xF81F,0xF81F,0xF81F,0xF81F,0xF81F,0xF81F,0xF81F,0xF81F,0xF81F,0xB3E0,0xEE85,0xEF06,0xEF06,0xEEC4,0xFFA7,0xF786,0xF7A7,0xEF67,0xF788,0xFFAA,0xFFEC,0xFFEB,
  0xDEE4,0xE705,0xDEC3,0xDEE3,0xEF45,0xDF05,0xF788,0xE727,0xFFED,0xFFCD,0xFFEB,0xE745,0xDEE3,0xC5A2,0xBD02,0xF81F,0xF81F,0xF81F,0xF81F,0xF81F,0xF81F,0xF81F,0xF81F,0xF81F,
  0xF81F,0xF81F,0xF81F,0xF81F,0xF81F,0xF81F,0xF81F,0xF81F,0xF81F,0xB2C3,0xCCE2,0xDE24,0xE6A4,0xE6A4,0xDEA4,0xDEA4,0xDE84,0xCE23,0xCE22,0xF768,0xFFCB,0xF7A9,0xD682,0xD682,
  0xDEC4,0xDE82,0xDEE3,0xEF46,0xFFEA,0xEF87,0xFFED,0xFFEC,0xF7E9,0xF786,0xEF26,0xBD21,0xC523,0xF81F,0xF81F,0xF81F,0xF81F,0xF81F,0xF81F,0xF81F,0xF81F,0xF81F,0xF81F,0xF81F,
  0xF81F,0xF81F,0xF81F,0xF81F,0xF81F,0xF81F,0xF81F,0xF81F,0xB9A7,0xB2C3,0xBC62,0xC542,0xC521,0xD5E4,0xBD02,0xA480,0xDEA5,0xEF06,0xEF26,0xFFEA,0xD662,0xACA0,0x9BC0,0x9B60,
  0xC522,0xE6C5,0xE705,0xF7A8,0xF7CA,0xEF88,0xF789,0xC564,0x82E0,0xB4E2,0xCD63,0xF81F,0xF81F,0xF81F,0xF81F,0xF81F,0xF81F,0xF81F,0xF81F,0xF81F,0xF81F,0xF81F,0xF81F,0xF81F,
  0xF81F,0xF81F,0xF81F,0xF81F,0xF81F,0xF81F,0xF81F,0xF81F,0xA224,0xC4C4,0xBCE2,0xBD02,0xAC61,0xC543,0xD623,0xD643,0xD663,0xFFC9,0xDEA4,0xB481,0xA3A2,0x9300,0x9BA0,0xAC40,
  0xD603,0xE746,0xF7CA,0xF788,0xBD23,0x8300,0x8B20,0xC583,0xCDC4,0xF81F,0xF81F,0xF81F,0xF81F,0xF81F,0xF81F,0xF81F,0xF81F,0xF81F,0xF81F,0xF81F,0xF81F,0xF81F,0xF81F,0xF81F,
  0xF81F,0xF81F,0xF81F,0xF81F,0xF81F,0xF81F,0xF81F,0xA262,0xAC21,0xA400,0xA420,0xCDC4,0xD643,0xD683,0xD623,0xFFC9,0xF788,0xC522,0x9B40,0xAC62,0xDEC6,0xDE86,0xC582,0xDEC5,
  0xF7A9,0xEF46,0xBCC2,0x9380,0xF768,0xE746,0xEEC7,0xF81F,0xF81F,0xF81F,0xF81F,0xF81F,0xF81F,0xF81F,0xF81F,0xF81F,0xF81F,0xF81F,0xF81F,0xF81F,0xF81F,0xF81F,0xF81F,0xF81F,
  0xF81F,0xF81F,0xF81F,0xF81F,0xF81F,0xA283,0xBCE2,0xC563,0xDE25,0xD623,0xD663,0xDE83,0xDE64,0xF768,0xEF89,0xF768,0xBCA2,0xAC81,0xD624,0xD5E4,0xD603,0xE726,0xE726,0xE706,
  0xD606,0x9360,0xA480,0xD664,0xA3C0,0xF81F,0xF81F,0xF81F,0xF81F,0xF81F,0xF81F,0xF81F,0xC269,0xF81F,0xF81F,0xBA47,0xBAC4,0xBAC3,0xBAE4,0xB2C4,0xF81F,0xF81F,0xF81F,0xF81F,
  0xF81F,0xF81F,0xB2A6,0xABE0,0xDE63,0xEEC5,0xDE84,0xDEA3,0xDEC3,0xDEC3,0xDE43,0xDE26,0xEF27,0xEF46,0xE706,0xF727,0xCDE3,0xDE64,0xEF67,0xE726,0xE704,0xE704,0xEF87,0xE747,
  0xF7C9,0xF6E8,0xB2E4,0xF81F,0xF81F,0xF81F,0xF81F,0xF81F,0xF81F,0xF81F,0xC346,0xBAC6,0xC2E5,0xCB83,0xC3C1,0xC421,0xC400,0xBC21,0xAAE2,0xF81F,0xF81F,0xF81F,0xCA6C,0xC3E5,
  0xBCA1,0xE644,0xDE43,0xB500,0xC5C1,0xF766,0xFFA8,0xDEA4,0xDE84,0xAC40,0xAC81,0xDE84,0xF787,0xEF45,0xEF46,0xE725,0xE726,0xDEE5,0xDEC4,0xDEE4,0xE705,0xEFA7,0xEF67,0xCD64,
  0xAAC3,0xF81F,0xF81F,0xF81F,0xF81F,0xF81F,0xF81F,0xF81F,0xF81F,0xF81F,0xF81F,0xF81F,0xF81F,0xAB01,0xBC41,0xBC80,0xC4A2,0xAAE3,0xF81F,0xF81F,0xF81F,0xAAE2,0xEE85,0xDE63,
  0xBD81,0xEF08,0xFFCB,0xF7AB,0xFFEC,0xEF68,0xE6E5,0xC542,0xA3E0,0xA3E0,0xCDC3,0xEF26,0xDEE3,0xEF25,0xCE04,0xB4C2,0xA401,0xA400,0xD643,0xDEC4,0xDE85,0xBCA2,0xBC62,0xA2A3,
  0xF81F,0xF81F,0xF81F,0xF81F,0xF81F,0xF81F,0xF81F,0xF81F,0xF81F,0xF81F,0xF81F,0xD28D,0xAB61,0xB440,0xCD21,0xBC01,0xAA85,0xF81F,0xF81F,0xCAEB,0xA3C0,0xD5E2,0xFFEC,0xFFEE,
  0xFFEF,0xFFCE,0xFFEE,0xF789,0xDEE4,0xD603,0xB480,0x9B80,0xAC60,0xD644,0xCE02,0xC5A2,0xBCE3,0x9B60,0x9300,0x9B60,0xCDE2,0xE6E6,0xCDA4,0xD604,0xD623,0xBC64,0xF81F,0xF81F,
  0xF81F,0xF81F,0xF81F,0xF81F,0xF81F,0xF81F,0xF81F,0xF81F,0xF81F,0xF81F,0xBA86,0xABC0,0xCD21,0xD543,0xB342,0xF81F,0xF81F,0xBAE7,0xE606,0xEF28,0xFFF0,0xFFF0,0xFFEE,0xFFED,
  0xFFEC,0xF7A9,0xEF46,0xDE64,0xBD00,0xCD84,0xBD01,0xC5A2,0xCDE3,0xC543,0x8AE0,0x9B01,0x9B21,0x9300,0xC582,0xC582,0xB4C0,0xD643,0xE704,0xBC62,0xF81F,0xF81F,0xF81F,0xF81F,
  0xF81F,0xF81F,0xF81F,0xF81F,0xF81F,0xF81F,0xF81F,0xF81F,0xF81F,0xC442,0xDDC3,0xDDC3,0xA320,0xF81F,0xAA88,0xBD03,0xEF49,0xFFEF,0xFFEF,0xFFEF,0xF7CA,0xEF87,0xF7C8,0xEF66,
  0xEF45,0xDEA4,0xBD41,0xC581,0xD602,0xCDE2,0xAC61,0x9360,0x9301,0x92E1,0xA381,0xA3E0,0xC583,0xBD21,0xBD80,0xEF67,0xE705,0xB402,0xF81F,0xF81F,0xF81F,0xF81F,0xF81F,0xF81F,
  0xF81F,0xF81F,0xF81F,0xF81F,0xF81F,0xF81F,0xF81F,0xBC21,0xD5E3,0xD563,0xA340,0xA245,0x9B41,0xB521,0xFFED,0xFFEF,0xF7CA,0xE706,0xEF66,0xF786,0xEF86,0xF7A6,0xE725,0xDEE4,
  0xD623,0xCDE2,0xD602,0xD603,0xAC20,0xA401,0x9BA0,0x9340,0xB4C2,0xAC80,0xB4E1,0xB541,0xE746,0xEF86,0xE725,0xB3C2,0xF81F,0xF81F,0xF81F,0xF81F,0xF81F,0xF81F,0xF81F,0xF81F,
  0xF81F,0xF81F,0xF81F,0xF81F,0xF81F,0xC4E2,0xD5E3,0xB481,0x9300,0xAC40,0xFF89,0xFFC9,0xFFCC,0xF7AB,0xEF67,0xF7C7,0xD663,0xD663,0xD663,0xEF46,0xF7A7,0xF786,0xEF46,0xD684,
  0xCE02,0xCDE2,0xB4C1,0xC562,0xCDC2,0xCDC2,0xCDE2,0xCDE2,0xB541,0xEF26,0xEF87,0xE725,0xDEC4,0xAB83,0xF81F,0xF81F,0xF81F,0xF81F,0xF81F,0xF81F,0xF81F,0xF81F,0xF81F,0xF81F,
  0xF81F,0xF81F,0xB305,0xCD63,0xCDA3,0xA400,0xAC02,0xD623,0xFFA9,0xFFCA,0xDEC5,0xDEC4,0xD663,0xD623,0xBD62,0xBD62,0xC582,0xEF46,0xF7A7,0xEF87,0xEF65,0xDEA3,0xCE22,0xCE03,
  0xC582,0xC581,0xCDE2,0xCDE2,0xCE02,0xD623,0xCE43,0xEF66,0xD683,0xCE03,0xDE64,0xB325,0xF81F,0xF81F,0xF81F,0xF81F,0xF81F,0xF81F,0xF81F,0xF81F,0xF81F,0xF81F,0xF81F,0xAAE3,
  0xC4E2,0xE644,0xBCE2,0xB4A2,0xD623,0xFFA9,0xFFAA,0xEF26,0xD683,0xD664,0xCD83,0xCD85,0xA3C0,0xAC00,0xBD21,0xD663,0xF787,0xF7A7,0xF786,0xF7C7,0xF787,0xCE22,0xD622,0xD622,
  0xD622,0xCE21,0xEF46,0xFFEA,0xEF66,0xD6A4,0xC583,0xC5A3,0xCDC3,0xBAA8,0xF81F,0xF81F,0xF81F,0xF81F,0xF81F,0xF81F,0xF81F,0xF81F,0xF81F,0xF81F,0xF81F,0xC484,0xDE03,0xCD62,
  0x9B80,0xCDC4,0xE6E5,0xFFE9,0xF767,0xDEA4,0xCE23,0xCE04,0x9B80,0x9320,0xAC02,0xAC00,0xCDA2,0xD642,0xD663,0xF7A7,0xF7A7,0xF7A7,0xF7A7,0xEF25,0xDE62,0xDE62,0xD641,0xCE22,
  0xF767,0xEF26,0xE706,0xD5E3,0xAC61,0xCDA3,0xCE03,0xA2C3,0xF81F,0xF81F,0xF81F,0xF81F,0xF81F,0xF81F,0xF81F,0xF81F,0xF81F,0xF81F,0x9A61,0xCD21,0xE664,0xCD44,0x9320,0xEEE6,
  0xF786,0xE6C4,0xCE02,0xD643,0xD625,0xB4A2,0x9301,0x8AC0,0xAC01,0xA400,0xDE04,0xDE62,0xE6E4,0xF7A8,0xF787,0xF7A7,0xF7A7,0xF787,0xDEC3,0xDEC3,0xDF04,0xF7A8,0xD6A4,0xDE84,
  0xD603,0xC523,0xAC20,0xD603,0xCE02,0xCD44,0xB2C6,0xF81F,0xF81F,0xF81F,0xF81F,0xF81F,0xF81F,0xF81F,0xF81F,0xA2E3,0xBC82,0xF725,0xC5A1,0x9B20,0x9B40,0xF787,0xF7A7,0xE6E4,
  0xD623,0xCDC3,0x8B00,0x92E1,0xAC01,0xB441,0xAC20,0xAC41,0xAC60,0xDE85,0xD663,0xDEC4,0xDEA4,0xDEA4,0xF7A7,0xF7A8,0xF787,0xF7A8,0xEF46,0xDEA4,0xCDE2,0xD5E3,0xCD64,0x9B80,
  0xCD83,0xD663,0xE6E4,0xDE83,0xDE06,0xB1EA,0xF81F,0xF81F,0xF81F,0xF81F,0xF81F,0xF81F,0xCACD,0xB3E2,0xB481,0xF767,0xC561,0x9B20,0xB4A1,0xFFC8,0xEF87,0xE6E4,0xD602,0xB4A2,
  0x8AC0,0xA3C2,0xAC41,0xB481,0xB4A2,0xB481,0xB4C2,0xAC80,0xACC0,0xB500,0xC5A1,0xE705,0xF7A7,0xF787,0xF787,0xE6E5,0xD623,0xCDC1,0xD5E2,0xD5E2,0xABE1,0x9B00,0xCD63,0xD622,
  0xD682,0xE724,0xDEA4,0xBC04,0xF81F,0xF81F,0xF81F,0xF81F,0xF81F,0xF81F,0xBBC4,0xC502,0xAC40,0xF746,0xC561,0x8AE0,0xE666,0xF786,0xF7A8,0xEF46,0xCE23,0xB462,0xABC2,0xB441,
  0xA420,0xB4E1,0xCDC3,0xBD42,0xACC0,0xBD42,0xCDC3,0xD663,0xEF25,0xF7A7,0xF787,0xF787,0xF767,0xDE83,0xDE62,0xDE82,0xE663,0xCD42,0xA342,0xA2E1,0xAB80,0xDE65,0xDEA3,0xEF65,
  0xF7A7,0xE6E5,0xC4E3,0xAA66,0xF81F,0xF81F,0xF81F,0xF81F,0xBBE2,0xC522,0xB481,0xEEE6,0xBD21,0x8AE0,0xDE04,0xEF85,0xF787,0xF7A8,0xEF26,0xB482,0xABE1,0xB461,0xB441,0xB4C1,
  0xCDE3,0xC581,0xCDC2,0xC5E2,0xE704,0xF786,0xF786,0xF786,0xF786,0xF787,0xD662,0xD642,0xDE82,0xDEA3,0xC561,0xBCA3,0xA2C4,0xAA66,0xAB03,0xD5A5,0xCE02,0xE724,0xEF65,0xFFE8,
  0xFFA9,0xAC41,0xF81F,0xF81F,0xF81F,0xF81F,0xB402,0xC542,0xB480,0xE6A6,0xBD41,0x82A0,0xB4A1,0xF7C8,0xF7C8,0xF7A9,0xFFC8,0xE646,0xABC1,0xB4A1,0xBCE1,0xB4A1,0xB4E0,0xCE03,
  0xC5C1,0xE6A5,0xDEC4,0xE705,0xE6E5,0xD643,0xC601,0xEF26,0xD643,0xD623,0xD623,0xBD20,0xBCA1,0xB422,0xF81F,0xF81F,0xF81F,0xAB43,0xA400,0xD6A3,0xF7C6,0xFFE9,0xFFC9,0xEF67,
  0xABA2,0xF81F,0xF81F,0xF81F,0xB422,0xC542,0xB4A0,0xCDC3,0xBD01,0x9B40,0x9B80,0xF767,0xEF88,0xF7CB,0xFFEC,0xEF06,0x9B80,0xB441,0xC562,0xC582,0xBCC1,0xBD01,0xCDE2,0xCDE2,
  0xCDE2,0xCDE2,0xCDE2,0xCDE2,0xE6E4,0xD663,0xCDE2,0xD5E3,0xC563,0xC4E2,0xBCA2,0xABC1,0xF81F,0xF81F,0xF81F,0xBA8A,0xABC2,0xD623,0xF786,0xD663,0xFFE9,0xFFE8,0xE687,0xB309,
  0xF81F,0xF81F,0xB422,0xC521,0xC521,0xC541,0xB4E0,0xAC20,0x9B80,0xE706,0xF7C9,0xF7EC,0xFFED,0xF7A8,0xEEA7,0x9BC0,0xBCC2,0xC521,0xCDA2,0xCD82,0xCDC2,0xD602,0xCE02,0xCE02,
  0xCDE2,0xCE02,0xCDE2,0xCDC2,0xCDC2,0xCDC3,0xB4A1,0xB4A1,0xBCC2,0xABC1,0xBA6B,0xF81F,0xF81F,0xF81F,0xBA49,0xBD01,0xF786,0xC5E1,0xF767,0xF7A8,0xEF67,0xDDA8,0xF81F,0xF81F,
  0xAB61,0xC501,0xCD62,0xC521,0xBD41,0xBD21,0x9BA0,0xDEA4,0xF7C9,0xFFEC,0xFFED,0xFFEC,0xF78A,0xEF07,0xAC00,0xB440,0xD5E2,0xD601,0xD601,0xD602,0xCDE2,0xD5E2,0xCE02,0xCDE2,
  0xCDC2,0xCDC2,0xCDC2,0xCD82,0xB481,0xB4C1,0xBCC1,0xABC1,0xAAA6,0xF81F,0xF81F,0xF81F,0xF81F,0xC502,0xEF05,0xC5A1,0xFFE9,0xF7C9,0xE725,0xDDC6,0xF81F,0xF81F,0xB2E4,0xCD03,
  0xC521,0xC561,0xDE64,0xCE03,0x9BC0,0xDE84,0xF788,0xFFEC,0xFFED,0xFFED,0xFFCB,0xFFEB,0xF728,0xC4C3,0xD5C3,0xD601,0xD601,0xD602,0xD5C2,0xC562,0xCDE1,0xD5C2,0xCDC2,0xCDA2,
  0xCD62,0xB4C1,0xB4A1,0xB4C1,0xB4A1,0xA3E1,0xAB24,0xF81F,0xF81F,0xF81F,0xB20A,0xBCC0,0xEEE6,0xCDC3,0xFFC8,0xFFE9,0xE725,0xD585,0xF81F,0xF81F,0xC229,0xAB21,0xB440,0xCD41,
  0xC541,0xD603,0xA421,0xBD21,0xDF06,0xFFEC,0xFFED,0xFFED,0xFFEC,0xDE86,0xDEA3,0xDDC6,0xC502,0xD602,0xD601,0xCDC1,0xC501,0xCD82,0xD602,0xCDE2,0xCDC2,0xCDC3,0xAC80,0xBCE2,
  0xC522,0xBD41,0xB4A0,0xA3C1,0xAB03,0xF81F,0xF81F,0xF81F,0xF81F,0xAB60,0x9B20,0xD544,0xBC81,0xB4A0,0xE725,0xD586,0xF81F,0xF81F,0xF81F,0xB246,0xB3C2,0xBCA0,0xC4E1,0xB4C0,
  0xAC41,0x93C0,0xFFA9,0xFFEC,0xFFED,0xFFED,0xFFCB,0xAC81,0xDE04,0xCD45,0xCD23,0xD5E1,0xD602,0xCD01,0xBC60,0xD5A2,0xD602,0xD602,0xD5E2,0xC522,0xB441,0xAC00,0xC563,0xC561,
  0xB4A1,0xA3C1,0xAB03,0xF81F,0xF81F,0xF81F,0xF81F,0xAB62,0x9AE0,0xABC0,0xB3E2,0xAC60,0xE6E5,0xCCE6,0xF81F,0xF81F,0xF81F,0xF81F,0xA146,0xAB80,0xC503,0xB4C0,0xAC41,0x82E0,
  0xFFA9,0xF7A9,0xFFEC,0xCE24,0xF788,0xDE45,0x8B00,0x9B80,0xC4E2,0xC501,0xBCA1,0xBC61,0xBC81,0xDE02,0xD602,0xD5E2,0xD5C3,0xAC40,0xA3A0,0xAC02,0xC542,0xC562,0xB4A1,0xABA2,
  0xB305,0xF81F,0xF81F,0xF81F,0xF81F,0xCB0A,0xA302,0xA361,0xBCA3,0xE6A6,0xCCE5,0xF81F,0xF81F,0xF81F,0xF81F,0xF81F,0xF81F,0xA223,0xABC1,0xBCA1,0xB461,0x8B00,0xEF28,0xC602,
  0xFFEA,0xC5A2,0xDF05,0xDE85,0xAC22,0xB441,0xB461,0xB441,0xB461,0xB440,0xBCC0,0xD622,0xD601,0xD5A3,0xB481,0xB442,0x9B40,0xABC1,0xC542,0xC562,0xA3C0,0xAB03,0xF81F,0xC2E6,
  0xF81F,0xF81F,0xF81F,0xF81F,0xF81F,0xAA68,0xE5C9,0xD565,0xF81F,0xF81F,0xF81F,0xF81F,0xF81F,0xF81F,0xF81F,0xF81F,0xAAC2,0xA380,0xBCA2,0xA3C1,0xBCC2,0xBD02,0xD623,0xCE23,
  0xD624,0xE6C6,0x8AE0,0xA3C1,0xAC01,0xAC01,0xAC21,0xC522,0xD5E2,0xD602,0xCDC2,0xBCA1,0xB421,0xA360,0xAB60,0xABE1,0xCD62,0xCD42,0xA360,0xA264,0xF81F,0xCB45,0xC327,0xF81F,
  0xF81F,0xF81F,0xF81F,0xF81F,0xF81F,0xF81F,0xF81F,0xF81F,0xF81F,0xF81F,0xF81F,0xF81F,0xF81F,0xF81F,0xAA23,0xA320,0xB441,0xB461,0x9B40,0xB463,0xCD83,0xEF07,0x93A0,0xA3E0,
  0x9B00,0xABE2,0xAC01,0xAC21,0xAC41,0xC562,0xCDA1,0xCD62,0xBCE1,0xBC62,0xABC1,0xA340,0xAB81,0xBC62,0xD582,0xC4E1,0xA2E1,0xF81F,0xF81F,0xCB85,0xC2A9,0xF81F,0xF81F,0xF81F,
  0xF81F,0xF81F,0xF81F,0xF81F,0xF81F,0xF81F,0xF81F,0xF81F,0xF81F,0xF81F,0xF81F,0xF81F,0xF81F,0xA301,0xCCE3,0xD583,0xD583,0xC4E3,0xABC0,0xA380,0xA360,0xAB61,0xABC1,0xB401,
  0xAC41,0xB4C1,0xD5E4,0xC5A2,0xBD22,0xB461,0xB422,0xA360,0xA340,0xA340,0xB3C0,0xBC81,0xC4A2,0xBBC3,0xF81F,0xF81F,0xBB47,0xC2AA,0xF81F,0xF81F,0xF81F,0xF81F,0xF81F,0xF81F,
  0xF81F,0xF81F,0xF81F,0xF81F,0xF81F,0xF81F,0xF81F,0xF81F,0xF81F,0xF81F,0xF81F,0xB247,0xBC02,0xD563,0xCD42,0xCD22,0xCD03,0xC503,0xBCA1,0xAC00,0xB421,0xB421,0xAC40,0xC542,
  0xC541,0xC543,0xB462,0xB423,0xABC2,0xA2A2,0xAA26,0xAAA4,0xB401,0xC4A2,0xB363,0xBA0A,0xF81F,0xF81F,0xF81F,0xF81F,0xF81F,0xF81F,0xF81F,0xF81F,0xF81F,0xF81F,0xF81F,0xF81F,
  0xF81F,0xF81F,0xF81F,0xF81F,0xF81F,0xF81F,0xF81F,0xF81F,0xF81F,0xF81F,0xD2CD,0xBC01,0xC461,0xCCE3,0xC4E3,0xBCA1,0xB4A0,0xBCC1,0xB480,0xBCA0,0xC501,0xCD82,0xC522,0xA3C1,
  0xABE3,0xA302,0xBAC5,0xF81F,0xF81F,0xBB07,0xC463,0xB382,0xF81F,0xF81F,0xF81F,0xF81F,0xF81F,0xF81F,0xF81F,0xF81F,0xF81F,0xF81F,0xF81F,0xF81F,0xF81F,0xF81F,0xF81F,0xF81F,
  0xF81F,0xF81F,0xF81F,0xF81F,0xF81F,0xF81F,0xF81F,0xF81F,0xF81F,0xF81F,0xB206,0xA264,0xAA84,0x9AA1,0xABE0,0xBCA2,0xB481,0xB460,0xBCA2,0x9B60,0xA303,0xA227,0xF81F,0xF81F,
  0xF81F,0xB268,0x9AC3,0xA304,0xA9A9,0xF81F,0xF81F,0xF81F,0xF81F,0xF81F,0xF81F,0xF81F,0xF81F,0xF81F,0xF81F,0xF81F,0xF81F,0xF81F,0xF81F,0xF81F,0xF81F,0xF81F,0xF81F,0xF81F,
  0xF81F,0xF81F,0xF81F,0xF81F,0xF81F,0xF81F,0xF81F,0xF81F,0xF81F,0xF81F,0xF81F,0xF81F,0x9B02,0x9B01,0x9AE1,0x9B02,0xA322,0xB2A7,0xF81F,0xF81F,0xF81F,0xF81F,0xF81F,0xB209,
  0xF81F,0xF81F,0xF81F,0xF81F,0xF81F,0xF81F,0xF81F,0xF81F,0xF81F,0xF81F,0xF81F,0xF81F,0xF81F,0xF81F,0xF81F,0xF81F,0xF81F,0xF81F,0xF81F,0xF81F
};
static const uint16_t M22[] = {
  0xF81F,0xF81F,0xF81F,0xF81F,0xF81F,0xF81F,0xF81F,0xF81F,0xF81F,0xF81F,0xF81F,0xF81F,0xF81F,0xF81F,0xF81F,0xF81F,0xF81F,0xF81F,0xF81F,0xF81F,0xF81F,0xF81F,0xF81F,0xF81F,
  0xF81F,0xF81F,0xA5B5,0xF81F,0xF81F,0xF81F,0xF81F,0xF81F,0xF81F,0x9575,0xF81F,0xF81F,0xF81F,0xF81F,0xF81F,0xF81F,0xF81F,0xF81F,0xF81F,0xF81F,0xF81F,0xF81F,0xF81F,0xF81F,
  0xF81F,0xF81F,0xF81F,0xF81F,0xF81F,0xF81F,0xF81F,0xF81F,0xF81F,0xF81F,0xF81F,0xF81F,0xF81F,0xF81F,0xF81F,0xF81F,0xF81F,0xF81F,0xF81F,0xF81F,0xF81F,0xF81F,0xF81F,0xF81F,
  0xF81F,0xF81F,0xF81F,0xF81F,0xF81F,0xF81F,0xF81F,0xF81F,0xF81F,0xF81F,0xF81F,0xF81F,0xF81F,0xA596,0x5B2C,0xF81F,0xF81F,0xF81F,0xF81F,0xF81F,0xF81F,0x532B,0x9D75,0xF81F,
  0xF81F,0xF81F,0xF81F,0xF81F,0xF81F,0xF81F,0xF81F,0xF81F,0xF81F,0xF81F,0xF81F,0xF81F,0xF81F,0xF81F,0xF81F,0xF81F,0xF81F,0xF81F,0xF81F,0xF81F,0xF81F,0xF81F,0xF81F,0xF81F,
  0xF81F,0xF81F,0xF81F,0xF81F,0xF81F,0xF81F,0xF81F,0xF81F,0xF81F,0xF81F,0xF81F,0xF81F,0xF81F,0xF81F,0xF81F,0xF81F,0xF81F,0xF81F,0xF81F,0xF81F,0xF81F,0xF81F,0xF81F,0xF81F,
  0x3A08,0x532C,0x52CB,0xF81F,0xF81F,0xF81F,0xF81F,0xF81F,0xF81F,0x530B,0x7470,0xF81F,0xF81F,0xF81F,0xF81F,0xF81F,0xF81F,0xF81F,0xF81F,0xF81F,0xF81F,0xF81F,0xF81F,0xF81F,
  0xF81F,0xF81F,0xF81F,0xF81F,0xF81F,0xF81F,0xF81F,0xF81F,0xF81F,0xF81F,0xF81F,0xF81F,0xF81F,0xF81F,0xF81F,0xF81F,0xF81F,0xF81F,0xF81F,0xF81F,0xF81F,0xF81F,0xF81F,0xF81F,
  0xF81F,0xF81F,0xF81F,0xF81F,0xF81F,0xF81F,0xF81F,0xF81F,0xF81F,0xF81F,0xF81F,0xF81F,0x3A28,0x428A,0x5B0B,0xF81F,0xF81F,0xF81F,0xF81F,0xF81F,0xF81F,0x532B,0x6BEF,0xF81F,
  0xF81F,0xF81F,0xF81F,0xF81F,0xF81F,0xF81F,0xF81F,0xF81F,0xF81F,0xF81F,0xF81F,0xF81F,0xF81F,0xF81F,0xF81F,0xF81F,0xF81F,0xF81F,0xF81F,0xF81F,0xF81F,0xF81F,0xF81F,0xF81F,
  0xF81F,0xF81F,0xF81F,0xF81F,0xF81F,0xF81F,0xF81F,0xF81F,0xF81F,0xF81F,0xF81F,0xF81F,0xF81F,0xF81F,0xF81F,0xF81F,0xF81F,0xF81F,0xF81F,0xF81F,0xF81F,0xADB6,0xF81F,0xF81F,
  0x5B2C,0x52EB,0x5B2C,0xF81F,0xF81F,0xF81F,0xF81F,0xF81F,0xF81F,0x530B,0x4A8A,0x52AA,0xF81F,0xF81F,0xCEBA,0xF81F,0xF81F,0xF81F,0xF81F,0xF81F,0xF81F,0xF81F,0xF81F,0xF81F,
  0xF81F,0xF81F,0xF81F,0xF81F,0xF81F,0xF81F,0xF81F,0xF81F,0xF81F,0xF81F,0xF81F,0xF81F,0xF81F,0xF81F,0xF81F,0xF81F,0xF81F,0xF81F,0xF81F,0xF81F,0xF81F,0xF81F,0xF81F,0xF81F,
  0xF81F,0xF81F,0xF81F,0xF81F,0xF81F,0xF81F,0xF81F,0xF81F,0xAE38,0x428A,0xF81F,0xF81F,0x530C,0x4AAA,0x5B0C,0xF81F,0x52AA,0x946E,0x8C8F,0x41A7,0xF81F,0x52EB,0x4A8A,0x5B2C,
  0xF81F,0xF81F,0x4ACB,0x8CB1,0xF81F,0xF81F,0xF81F,0xF81F,0xF81F,0xF81F,0xF81F,0xF81F,0xF81F,0xF81F,0xF81F,0xF81F,0xF81F,0xF81F,0xF81F,0xF81F,0xF81F,0xF81F,0xF81F,0xF81F,
  0xF81F,0xF81F,0xF81F,0xF81F,0xF81F,0xF81F,0xF81F,0xF81F,0xF81F,0xF81F,0xF81F,0xF81F,0xF81F,0xF81F,0xF81F,0xF81F,0xF81F,0xF81F,0xF81F,0x2947,0x5B6D,0x428A,0xF81F,0xF81F,
  0x4A8A,0x5B2C,0x31E7,0x7C71,0x7C71,0xCD28,0xB4EB,0x84D2,0x63AE,0x10A2,0x4AAA,0x52EB,0xF81F,0xF81F,0x4ACB,0x6BEF,0xF81F,0xF81F,0xF81F,0xF81F,0xF81F,0xF81F,0xF81F,0xF81F,
  0xF81F,0xF81F,0xF81F,0xF81F,0xF81F,0xF81F,0xF81F,0xF81F,0xF81F,0xF81F,0xF81F,0xF81F,0xF81F,0xF81F,0xF81F,0xF81F,0xF81F,0xF81F,0xF81F,0xF81F,0xF81F,0xF81F,0xF81F,0xF81F,
  0xF81F,0xF81F,0xF81F,0xF81F,0xF81F,0xF81F,0xF81F,0x18A3,0x41E7,0x4A69,0x1002,0xF81F,0x4269,0x10C3,0x6BEF,0x9D95,0xA5D6,0xC5AA,0xCD8B,0xAE17,0x84B2,0x6C10,0x08A2,0x5B2C,
  0xF81F,0x4249,0x4A8A,0x39C7,0x39C7,0xF81F,0xF81F,0xF81F,0xF81F,0xF81F,0xF81F,0xF81F,0xF81F,0xF81F,0xF81F,0xF81F,0xF81F,0xF81F,0xF81F,0xF81F,0xF81F,0xF81F,0xF81F,0xF81F,
  0xF81F,0xF81F,0xF81F,0xF81F,0xF81F,0xF81F,0xF81F,0xF81F,0xF81F,0xF81F,0xF81F,0xF81F,0xF81F,0xF81F,0xF81F,0xF81F,0xF81F,0x49A8,0x41E6,0x62EA,0x636D,0x636E,0x4A6A,0x3186,
  0x31A6,0x4AAA,0x6BEE,0xADD7,0xAE17,0xEE2A,0xE62C,0xBE58,0x9D75,0x6BEF,0x530B,0x4AAA,0x1082,0x4AAA,0x7431,0x636D,0x7B8B,0x630C,0xF81F,0xF81F,0xF81F,0xF81F,0xF81F,0xF81F,
  0xF81F,0xF81F,0xF81F,0xF81F,0xF81F,0xF81F,0xF81F,0xF81F,0xF81F,0xF81F,0xF81F,0xF81F,0xF81F,0xF81F,0xF81F,0xF81F,0xF81F,0xF81F,0xF81F,0xF81F,0xF81F,0xF81F,0xF81F,0xF81F,
  0xF81F,0x20E4,0x20E5,0xF81F,0xF81F,0x840C,0xDD89,0xB4C8,0x8CD3,0x52CB,0x3A08,0x39A6,0x20E3,0x52CA,0x83A9,0x9D54,0xC58B,0xEE8A,0xFF4E,0xB52C,0x846F,0x8C0B,0x634D,0x4228,
  0x18A2,0x4AAA,0x5B2D,0x846F,0xF689,0xC50D,0x738C,0xF81F,0xF81F,0x28E4,0x20A5,0xF81F,0xF81F,0xF81F,0xF81F,0xF81F,0xF81F,0xF81F,0xF81F,0xF81F,0xF81F,0xF81F,0xF81F,0xF81F,
  0xF81F,0xF81F,0xF81F,0xF81F,0xF81F,0xF81F,0xF81F,0xF81F,0xF81F,0xF81F,0xF81F,0x52AA,0x5B6D,0x9DB6,0x9575,0x2944,0x5AEA,0xEE6E,0xFF2E,0x940B,0x9513,0x5B2C,0x39C7,0x2944,
  0x10A1,0x52C9,0xFFCC,0x9CCF,0xEE8A,0xFFD2,0xEE29,0xC548,0x944D,0xDDA6,0x630B,0x2104,0x18C3,0x52AA,0x5B2C,0x9513,0xAC6A,0xC528,0x9C4C,0x4A48,0x31A6,0x9595,0x8D34,0x52C9,
  0x1882,0xF81F,0xF81F,0xF81F,0xF81F,0xF81F,0xF81F,0xF81F,0xF81F,0xF81F,0xF81F,0xF81F,0xF81F,0xF81F,0xF81F,0xF81F,0xF81F,0xF81F,0xF81F,0xF81F,0xF81F,0x73AB,0xBD8D,0x6B8C,
  0xAE38,0x7CB2,0x3A28,0x18A1,0x5B2C,0x8C0B,0xCE10,0x8C4E,0x9D55,0x5AEB,0x20C2,0x52EB,0x18A2,0x4ACB,0x9CAD,0xB5B4,0xEE49,0xEE4A,0xDDC6,0xCDA9,0x8C4F,0x948E,0x4249,0x2104,
  0x4AAB,0x20E3,0x52EB,0x9D54,0xA48B,0xACCB,0x7BCD,0x5B0B,0x2944,0x8CF3,0x9575,0x7C71,0x84B1,0xB4EB,0x7B6B,0xF81F,0xF81F,0xF81F,0xF81F,0xF81F,0xF81F,0xF81F,0xF81F,0xF81F,
  0xF81F,0xF81F,0xF81F,0xF81F,0xF81F,0xF81F,0xF81F,0xF81F,0xACA9,0xFF11,0xDE8D,0x842E,0xA5D6,0xAE38,0x4A69,0x1081,0x634A,0xB447,0xBC87,0x8C6E,0x8CF3,0x52AA,0x4A48,0x5AAA,
  0x2902,0x2945,0x634D,0x8CB2,0xC56B,0xFF4E,0xDDE8,0xA4CE,0x7430,0x4AA9,0x2103,0x1882,0x4269,0x39C7,0x5B0C,0x9575,0xB4A9,0xDD6A,0xAC4D,0x5B2B,0x1061,0x5B4C,0xA617,0x9D54,
  0x8C8F,0xFF70,0xFF72,0x9C4A,0xF81F,0xF81F,0xF81F,0xF81F,0xF81F,0xF81F,0xF81F,0xF81F,0xF81F,0xF81F,0xF81F,0xF81F,0xF81F,0xF81F,0xF81F,0x8C4C,0xE5EC,0xBD2D,0xC653,0x94D1,
  0xB658,0xA5F7,0x4A89,0x0840,0x740E,0xBD28,0xC56B,0x8C2E,0x84B2,0x4228,0x73CF,0x1061,0x3943,0x6B8E,0x3101,0x39E7,0x9D13,0xE62E,0xCDCF,0x9513,0x3185,0x49E2,0x4AAA,0x1060,
  0x10C2,0x4228,0x632C,0xBE79,0xB50F,0xC54A,0xE5EA,0x73AD,0x0840,0x5B4C,0xC6DA,0xADD6,0xB592,0xBCED,0xBD0D,0xFE6D,0x6AE7,0xF81F,0xF81F,0xF81F,0xF81F,0xF81F,0xF81F,0xF81F,
  0xF81F,0xF81F,0xF81F,0xF81F,0xF81F,0xF81F,0x3104,0xBD2C,0x9D51,0xDE90,0xE734,0x8CB0,0xB658,0xA5F7,0x52EB,0x0861,0x740F,0x8C2E,0xACCE,0xA48C,0x84B2,0x2944,0x636E,0x1061,
  0x3123,0x73CF,0xD62C,0x8BA9,0x31C6,0x8491,0x8491,0x2964,0xC56C,0xA4A7,0x4AAA,0x1081,0x10A2,0x4249,0x5B0B,0xAE17,0xB4A9,0xBD30,0x840F,0x7410,0x0840,0x5B4C,0xC6DA,0xADF7,
  0xAD73,0xFF74,0xFF94,0xA4AF,0xB50E,0xF81F,0xF81F,0xF81F,0xF81F,0xF81F,0xF81F,0xF81F,0xF81F,0xF81F,0xF81F,0xF81F,0xF81F,0xF81F,0x8C91,0xFF0E,0xCE51,0xFFD6,0xEED0,0x73AE,
  0x7410,0x63CF,0x5B0C,0x10A1,0x73CE,0xBCA7,0xE6F2,0xDDCA,0x8C91,0x52AA,0x5B4D,0x0840,0x41C5,0x3964,0x7C50,0x62C8,0x41A5,0x8471,0x73EF,0x18A2,0x740F,0x5B4C,0x41C5,0x1060,
  0x3A07,0x29C6,0x6BCE,0x6BAC,0xFE4B,0xCD07,0xD529,0x7C0F,0x10A1,0x63AE,0x6C30,0x4AAA,0x9CF1,0xFF73,0xDE70,0xCDF1,0xF68C,0x738D,0xF81F,0xF81F,0xF81F,0xF81F,0xF81F,0xF81F,
  0xF81F,0xF81F,0xF81F,0xF81F,0xF81F,0xF81F,0x7BCE,0xAC89,0xCDC9,0xB4E9,0x94F2,0x7410,0x4A8A,0x63EF,0x63AE,0x20E3,0x73CD,0xA42A,0xCCA6,0xEE0B,0x8C2E,0x9534,0x18E3,0xBE17,
  0x41C5,0x5A66,0x1040,0x8491,0x2923,0x8471,0x6BAE,0x18E3,0x7451,0x2922,0x5AA7,0x1060,0xD71B,0x1903,0x9D95,0xA4EF,0xFF91,0xD68E,0xBC68,0x6B6D,0x1081,0x6BEF,0x7472,0x31C6,
  0x7C51,0x8C4E,0xF6CE,0xD58A,0xE5EE,0x6BAE,0xF81F,0xF81F,0xF81F,0xF81F,0xF81F,0xF81F,0xF81F,0xF81F,0xF81F,0xF81F,0xF81F,0x39E7,0x6B8C,0x7BED,0x9CF0,0x638E,0x6BEF,0x73EF,
  0x39E7,0x7430,0x636E,0x3165,0x530B,0xA488,0xEECF,0xC4EA,0x9C6E,0xBE38,0x6B6D,0x8CB2,0xCEB9,0x3983,0x49E5,0x4AEB,0x20E3,0x7C30,0x6BAE,0x2103,0x634C,0x5A67,0x20E2,0x9534,
  0x7450,0x8471,0xADB5,0xAC8D,0xC50E,0xBCC6,0xAC6C,0x4AAA,0x18E2,0x532C,0x530C,0x4207,0x6C10,0x6C10,0x8C6F,0xBCCB,0x8470,0x636D,0x20E4,0xF81F,0xF81F,0xF81F,0xF81F,0xF81F,
  0xF81F,0xF81F,0xF81F,0xF81F,0x526B,0x31C6,0x638E,0x63AE,0x7430,0x7430,0x52EB,0xB5F7,0xBE99,0xC6DA,0xC6BA,0x31A6,0x5AEB,0x634C,0x944F,0xB4AB,0xFFD1,0xA48D,0xB617,0x4A8A,
  0x52CB,0xA5B6,0x2103,0x3123,0x3964,0x4A69,0x4A69,0x20E2,0x3985,0x8471,0x9D54,0x73EF,0x52AA,0x9D54,0xBD0D,0xFF2D,0xDD69,0x8C0E,0x530B,0x31A7,0x3A07,0xADF8,0xD6DA,0xD73C,
  0xADB6,0x5B0C,0x7431,0x6BCE,0x84B2,0x5B4C,0x18E2,0xF81F,0xF81F,0xF81F,0xF81F,0xF81F,0xF81F,0xF81F,0xF81F,0xF81F,0x52CB,0x63AE,0x4A69,0x634D,0x6BCF,0x6B8E,0x2985,0x9534,
  0x636D,0x5B2C,0x6BEF,0x4A89,0x0820,0x632D,0x9C4B,0xFFF6,0xFFF6,0xC4E7,0x7BCD,0x8D13,0x4269,0x3A07,0x7C91,0x7BEF,0x49C5,0x49E5,0x41E5,0x2923,0xBE38,0x9513,0x3185,0x9D54,
  0x8CD3,0xA490,0xD58B,0xE58A,0xD58D,0x83AA,0x4AAA,0x1061,0x4228,0x6BEF,0x636D,0x8450,0x9513,0x4208,0x63AF,0x7C92,0x530C,0x4207,0x6BEE,0x4A2A,0xF81F,0xF81F,0xF81F,0xF81F,
  0xF81F,0xF81F,0xF81F,0xF81F,0x5AEB,0x63EF,0x7C71,0x2985,0x2985,0x2985,0xA5D6,0x52CA,0xE62F,0xEE6E,0x6B8D,0x52AA,0x1881,0x5B0C,0x8BEC,0xD4C9,0xFFD6,0xB4CB,0xA46C,0x6B6C,
  0xC6BA,0x8CF3,0x4A89,0xC6BA,0x20C2,0x3984,0x3984,0x20C2,0x9554,0x52CB,0xADF7,0x9575,0xB510,0xD54C,0xB4CE,0xFFF1,0xBC8A,0x5B0B,0x3A08,0x2924,0x4A89,0x52A9,0xE62D,0xC50A,
  0x6BCE,0x5B4C,0x2165,0x2124,0x2944,0x7C91,0x7430,0x4A09,0xF81F,0xF81F,0xF81F,0xF81F,0xF81F,0xF81F,0xF81F,0xF81F,0x28A4,0x638E,0x534D,0x8D14,0x8D13,0x63AF,0x6BCF,0x31A6,
  0xDDA9,0xAC67,0x7430,0x632C,0x28E2,0x4228,0x52EB,0xAC88,0xBCA6,0xB4AE,0xFFF3,0xE68E,0x94D0,0x84B1,0x39A5,0xB658,0x3901,0xCD70,0xCD6F,0x30C0,0xB658,0x4228,0xAE38,0x9C8D,
  0xDDC8,0xFF50,0xCD2D,0xAC8D,0x83CB,0x532C,0x2124,0x39A5,0x3A28,0x5288,0xFE6E,0x9BA6,0x636D,0x6BCE,0x7430,0x7430,0xB638,0x63AE,0x6BAE,0xF81F,0xF81F,0xF81F,0xF81F,0xF81F,
  0xF81F,0xF81F,0xF81F,0xF81F,0xF81F,0xF81F,0x73EF,0x6BEF,0x63AE,0x638E,0x6BCF,0x5B0C,0x4A8A,0x630C,0x52AA,0x3964,0x1880,0x3144,0x632C,0x52EB,0x6B2A,0xC588,0xE5EC,0xF731,
  0xB593,0x4227,0x9513,0x8C4F,0xAAE3,0xED45,0xE505,0x8223,0x9D12,0x6BAE,0x4A89,0x9CD1,0xEED1,0xFFF4,0xEE2B,0x6B6C,0x5B2C,0x2965,0x39A6,0x3164,0x2944,0x4A69,0x31C7,0x52EB,
  0x6BCF,0x638E,0x6BAF,0x6BEF,0x73EF,0x6B8E,0xF81F,0xF81F,0xF81F,0xF81F,0xF81F,0xF81F,0xF81F,0xF81F,0xF81F,0xF81F,0xF81F,0xF81F,0xF81F,0x0800,0x0000,0x0800,0x1040,0x1061,
  0x1881,0x1881,0x2944,0x3184,0x1020,0x4AAA,0x2944,0x52AA,0x632C,0x7B6A,0xAC28,0xBD09,0x73EE,0x4A48,0xC616,0x81E1,0xF647,0xDEC6,0xF748,0xFE0B,0x79C1,0xBE37,0x10A1,0x6BAE,
  0xAC49,0xB46C,0x838C,0x52CB,0x4A8A,0x4208,0x3A28,0x0840,0x39A4,0x2923,0x1881,0x0840,0x1061,0x0820,0x0800,0x0800,0x1841,0xF81F,0xF81F,0xF81F,0xF81F,0xF81F,0xF81F,0xF81F,
  0xF81F,0xF81F,0xF81F,0xF81F,0xF81F,0xF81F,0xF81F,0x5289,0x3A07,0x31C6,0x1061,0x49E6,0x49E5,0x49C5,0x39A4,0x2883,0x20C3,0x52CB,0x4AAA,0x18A2,0x1081,0x634C,0x738C,0x738C,
  0x2102,0x8470,0x7A04,0xE548,0xFFA9,0xFFFA,0xFFF9,0xFFEB,0xC425,0x9B48,0x8491,0x3185,0x844F,0x52EB,0x52EC,0x18E3,0x4228,0x4A89,0x4A8A,0x1041,0x3104,0x39C4,0x4205,0x41E4,
  0x41E5,0x18E3,0x2965,0x4A69,0x4227,0xF81F,0xF81F,0xF81F,0xF81F,0xF81F,0xF81F,0xF81F,0xF81F,0xF81F,0xF81F,0xF81F,0xF81F,0xF81F,0xF81F,0xAD4E,0x39E6,0x6C0F,0x638D,0x4228,
  0x18A2,0x18A2,0x1061,0xF81F,0xF81F,0x52CB,0x62E7,0x4AAA,0x52A9,0x3123,0x632C,0x634C,0x20C2,0x7C0F,0xA2C3,0xD5C8,0xFFEF,0xFFFE,0xFFFE,0xFFEF,0xE5C7,0xB388,0x8451,0x18A1,
  0x636D,0x52CA,0x18C2,0x5B4D,0x634C,0x632A,0x4A49,0xF81F,0xF81F,0x1061,0x1081,0x10A2,0x4A8A,0x7430,0x52EB,0x3183,0x942B,0xF81F,0xF81F,0xF81F,0xF81F,0xF81F,0xF81F,0xF81F,
  0xF81F,0xF81F,0x6B8E,0x6B0D,0xF81F,0xF81F,0xF81F,0x4A48,0x7C71,0x84D3,0x7471,0x4269,0x4248,0x4207,0x2064,0xF81F,0xF81F,0x2023,0x4A8A,0x7BAA,0xDE51,0x6B8D,0x5288,0x52CB,
  0x10A2,0x7C0F,0x8202,0xCCA5,0xFFCB,0xFFFA,0xFFFA,0xF749,0xCC03,0x7A02,0x73CE,0x18C2,0x5B0C,0x4A89,0x9C29,0xB4EC,0x8C4E,0x4A69,0xF81F,0xF81F,0xF81F,0x20A3,0x4248,0x4207,
  0x5B4C,0x8D34,0x9575,0x4289,0x31A5,0xF81F,0xF81F,0xF81F,0x7C10,0x7C30,0xF81F,0xF81F,0x3105,0x638D,0x7C92,0x6BCF,0xF81F,0xF81F,0x18A3,0x4207,0x84D2,0x84D2,0x7CB2,0x3A48,
  0x52AA,0x4248,0xF81F,0xF81F,0xF81F,0xF81F,0xF81F,0x52AA,0x73EF,0x638E,0x632C,0x634C,0x738E,0x630B,0xDE55,0xCC27,0xE5C7,0xE70A,0xE6E8,0xEE09,0xB344,0xBD93,0x4A48,0x636D,
  0x73CF,0x6B8D,0x632A,0x636D,0x4249,0xF81F,0xF81F,0xF81F,0xF81F,0xF81F,0x31C6,0x4AA9,0x5B2B,0x84F3,0x8D34,0x8CF3,0x41E7,0x4188,0xF81F,0x730E,0x7451,0xA618,0x6BAD,0xF81F,
  0x632B,0x6BAD,0xBE99,0x9DB6,0x4A28,0x1000,0x5287,0x6308,0x8D14,0x7C71,0x7CB2,0x530C,0x3A28,0xF81F,0xF81F,0xF81F,0xF81F,0xF81F,0xF81F,0x1040,0x4A27,0x4A47,0x41E6,0x39A4,
  0x8470,0x4A89,0x7BCE,0xBD0F,0xAB23,0xC400,0xD482,0xB344,0xACF0,0xAD95,0x5AEB,0x8C50,0x2902,0x4A69,0x4A69,0x20E3,0x1061,0xF81F,0xF81F,0xF81F,0xF81F,0xF81F,0x18C2,0x4ACA,
  0x42AA,0x8514,0x6C31,0x7C71,0x636C,0x41E4,0x3085,0x5AEB,0x9D96,0xAE18,0x73CE,0x634C,0x736B,0x9C29,0x6B6C,0xAE17,0x1061,0x4227,0x39A5,0xAD72,0x18E3,0x3A28,0x3A48,0x39C7,
  0x30E5,0xF81F,0xF81F,0xF81F,0xF81F,0xF81F,0xF81F,0x31E8,0x73CE,0x5AA7,0xBE98,0x5B6D,0x52EB,0x636D,0x2103,0x7C0F,0x30E1,0x7AA5,0x7A65,0x4142,0x4269,0x2103,0x5B2C,0x530C,
  0x5B6D,0x9D0E,0x9D11,0x5B4C,0x4249,0xF81F,0xF81F,0xF81F,0xF81F,0xF81F,0xF81F,0x18A3,0x4A69,0x52EC,0x4269,0x3164,0xADF7,0x7B8B,0x4206,0x31C7,0x84B1,0x842F,0xAC6A,0x6B2D,
  0x736B,0x9C49,0x7BEE,0x9DB6,0x10A2,0x39A4,0x5265,0x7C91,0x5AA9,0x5A68,0x2081,0x41C6,0xF81F,0xF81F,0xF81F,0xF81F,0xF81F,0xF81F,0xF81F,0xF81F,0x4A68,0x4A69,0x4248,0x4228,
  0x39E7,0x18C2,0x62C9,0x4A26,0x28C1,0x8BCA,0x83A9,0x3123,0x2902,0x49E6,0x0861,0x3A28,0x4A89,0x52CB,0x4AAA,0x4A49,0xF81F,0xF81F,0xF81F,0xF81F,0xF81F,0xF81F,0xF81F,0xF81F,
  0x41E6,0x1041,0x39A4,0x4A06,0xB638,0x5267,0x20C2,0x52CA,0x740F,0x7C0F,0xDD8A,0x6B0C,0x3165,0x7BCD,0x840E,0x8471,0x94F3,0x4206,0x4A07,0x63CF,0x5288,0x5A66,0x28E1,0x4A48,
  0xF81F,0xF81F,0xF81F,0xF81F,0xF81F,0xF81F,0xF81F,0xF81F,0xF81F,0xF81F,0x2904,0x1081,0x3184,0x5266,0x1881,0x2923,0x2902,0x7B8A,0x7B8A,0x20E2,0x39A5,0x1081,0x5267,0x39C6,
  0x1061,0x20A3,0x28A5,0xF81F,0xF81F,0xF81F,0xF81F,0xF81F,0xF81F,0xF81F,0xF81F,0xF81F,0x5AA8,0x18E2,0x5AE7,0x41C3,0x7C31,0x3123,0x0000,0x63AE,0x5B0B,0x8C2B,0x7BEE,0x28A4,
  0x1882,0x9C49,0xE609,0x73AE,0xA5D6,0x2103,0x62EA,0x1081,0x41C5,0x3964,0x3143,0x41E6,0xF81F,0xF81F,0xF81F,0xF81F,0xF81F,0xF81F,0xF81F,0xF81F,0xF81F,0xF81F,0xF81F,0x1842,
  0x18E2,0x62E7,0x2902,0x4A26,0xACA8,0x7B02,0x9C46,0x7BA7,0x5287,0x39A5,0x5286,0x2945,0xF81F,0xF81F,0xF81F,0xF81F,0xF81F,0xF81F,0xF81F,0xF81F,0xF81F,0xF81F,0xF81F,0xF81F,
  0x4A05,0x18A1,0x3162,0x39A4,0x2923,0x2923,0x31C5,0xA5D6,0x634C,0xDDE7,0xAD0F,0xF81F,0x1081,0x946C,0xE64A,0x632C,0x530B,0x9554,0x8492,0x738D,0x2923,0x39A5,0x2124,0x5B2D,
  0x5B0B,0xF81F,0xF81F,0xF81F,0xF81F,0xF81F,0xF81F,0xF81F,0xF81F,0xF81F,0xF81F,0x4248,0x4A47,0x4227,0x4227,0x4A06,0x3143,0x5221,0x49E1,0x2901,0x5A89,0x31C5,0x52A9,0x3144,
  0x39C7,0xF81F,0xF81F,0xF81F,0xF81F,0xF81F,0xF81F,0xF81F,0xF81F,0xF81F,0xF81F,0x52A9,0x3A07,0x2965,0x2923,0x10A1,0x2123,0x5B4C,0xB699,0x5B0B,0x8C70,0xE628,0x7B69,0xF81F,
  0xF81F,0x73AD,0x8C4E,0xA553,0xA575,0x6B6B,0xA575,0xAE17,0x9D75,0xB638,0x9514,0x4227,0x5ACA,0xF81F,0xF81F,0xF81F,0xF81F,0xF81F,0xF81F,0xF81F,0xF81F,0xF81F,0x1001,0x5B4C,
  0x3165,0x5288,0x62E6,0x3164,0x7B68,0xEE8A,0xD5E8,0x7BAB,0x18A1,0x7389,0x4226,0x1081,0x6B6D,0xF81F,0xF81F,0xF81F,0xF81F,0xF81F,0xF81F,0xF81F,0xF81F,0xF81F,0xF81F,0x3184,
  0x6BAD,0xA5D7,0xA5B7,0xADF7,0xCEDA,0x8491,0x8C50,0x9CF2,0x94B0,0x7B8A,0x62EA,0xF81F,0xF81F,0x7B6A,0xE622,0x944B,0x7410,0xD670,0xE6AE,0xB4C9,0x5AEA,0x39E6,0x4248,0x4A89,
  0x4A89,0xF81F,0xF81F,0xF81F,0xF81F,0xF81F,0xF81F,0xF81F,0x52EB,0x4A8A,0x18C2,0x6BEF,0x31C6,0x20C2,0x52A8,0x3184,0x31A4,0x5203,0x41A2,0x41A3,0x18A1,0x6B6A,0x2903,0x31E7,
  0x638D,0x20C3,0x73EF,0x634E,0xF81F,0xF81F,0xF81F,0xF81F,0xF81F,0xF81F,0xF81F,0x52CA,0x52EA,0x31C6,0x4A47,0x62E8,0xCDEF,0xCDF0,0x9CD1,0x8C71,0xA448,0xFE47,0x6B2A,0xF81F,
  0xF81F,0x20A2,0xB4C6,0xF6E6,0x94F3,0x6B8E,0x946F,0xD567,0x94D2,0x742F,0x63AE,0x4268,0x39C7,0xF81F,0xF81F,0xF81F,0xF81F,0xF81F,0xF81F,0xF81F,0x532C,0x5AEB,0x18C2,0x3207,
  0x7430,0x5B2C,0x20E3,0x2903,0x4A47,0xACC3,0xAD07,0x5A89,0x20E3,0x2943,0x9534,0x8492,0x4269,0x18A2,0x7C30,0x52EB,0xF81F,0xF81F,0xF81F,0xF81F,0xF81F,0xF81F,0xF81F,0x4A89,
  0x4AEB,0x532C,0x6C30,0x7C70,0xD4C4,0xD54A,0x8C91,0x946C,0xCD87,0xBCC9,0xF81F,0xF81F,0xF81F,0x1021,0xA467,0x9C26,0x8C4D,0x638E,0xCE0D,0xEF10,0x740F,0x636D,0x5B0B,0x39A6,
  0xF81F,0xF81F,0xF81F,0xF81F,0xF81F,0xF81F,0xF81F,0x2925,0x5B4C,0x7C50,0x2103,0x4268,0x4A8A,0x4ACA,0xA5D6,0x8CF3,0x39E7,0x39C6,0x3165,0x6B4C,0x7430,0x9596,0x4AAA,0x4248,
  0x39C6,0x2923,0x8491,0x530C,0x0801,0xF81F,0xF81F,0xF81F,0xF81F,0xF81F,0xF81F,0xF81F,0x4A69,0x4289,0x6BCE,0x8C6F,0xD5CD,0xC54B,0x7C51,0xA4AA,0x9BC5,0x83CA,0xF81F,0xF81F,
  0xF81F,0xF81F,0x9C24,0xF6A6,0x8C2C,0x7C10,0x4ACA,0x6BAD,0x39C6,0x18A1,0x20E3,0x20A3,0xF81F,0xF81F,0xF81F,0xF81F,0xF81F,0xF81F,0xF81F,0x8CB1,0x5B2B,0x6BEF,0x73EF,0x41E6,
  0x4A69,0x4A8A,0x29C6,0xA5B6,0xB638,0xB639,0xB658,0xB679,0x6BEF,0x5B2C,0x4248,0x18E3,0x3185,0x94D3,0x5B2C,0x73EE,0x83C9,0xF81F,0xF81F,0xF81F,0xF81F,0xF81F,0xF81F,0xF81F,
  0x3984,0x4A06,0x2923,0x39E7,0x52EA,0x638D,0x636D,0xA4CB,0xF6AC,0x7B89,0xF81F,0xF81F,0xF81F,0xF81F,0x39C6,0x8C09,0x7BEC,0x31E7,0x63CE,0x1081,0x4248,0x5B2C,0x530B,0x20C3,
  0xF81F,0xF81F,0xF81F,0xF81F,0xF81F,0xF81F,0xF81F,0x8490,0xDDC7,0x842D,0x9D75,0x3185,0x2943,0x0000,0x52AA,0x740F,0x5B4D,0x9D74,0x9533,0xA5B6,0x638D,0x4A89,0x1061,0x4206,
  0x3185,0x9513,0xA4AB,0xCD6B,0xAC06,0xF81F,0xF81F,0xF81F,0xF81F,0xF81F,0xF81F,0xF81F,0x3165,0x5AE9,0x73EE,0x5AA8,0x5288,0x6C10,0x4227,0xACEA,0x6BAD,0x39A6,0xF81F,0xF81F,
  0xF81F,0xF81F,0x2903,0x6B6C,0x6BCF,0x31C6,0x6C10,0x18C2,0x5B4C,0x534C,0x4AAA,0x1882,0xF81F,0xF81F,0xF81F,0xF81F,0xF81F,0xF81F,0x30A5,0x9CD1,0xFECA,0xF729,0x9532,0x73EF,
  0x2103,0x39A4,0x18C2,0x31A6,0x31E7,0x6BEF,0x63AE,0x4ACA,0x4269,0x3143,0x4A26,0x1081,0x7C51,0xA550,0xFFD1,0xDE52,0x8C0A,0xF81F,0xF81F,0xF81F,0xF81F,0xF81F,0xF81F,0xF81F,
  0x2903,0x4267,0x6BF0,0x638D,0x4A47,0x8D14,0x4A68,0x9CB0,0x636D,0x4207,0xF81F,0xF81F,0xF81F,0xF81F,0x2943,0x6B8D,0x6C31,0x39E7,0x6C30,0x2103,0x63AD,0x52EB,0x4A68,0x52CA,
  0xF81F,0xF81F,0xF81F,0xF81F,0xF81F,0xF81F,0x4A47,0x7BCC,0x7BCC,0xC548,0x9D75,0x4269,0x0040,0x39E6,0x39C5,0x1081,0x2164,0x6BCE,0x638D,0x52EA,0x18C2,0x4A06,0x3164,0x2124,
  0x3A27,0x9D73,0xDDA9,0x940D,0x840D,0x6B0C,0xF81F,0xF81F,0xF81F,0xF81F,0xF81F,0xF81F,0x4227,0x4A87,0x4AEB,0x638E,0x4A27,0x8D15,0x52A9,0x8451,0x52AA,0x5AA9,0xF81F,0xF81F,
  0xF81F,0x1002,0x73CE,0x4A68,0x5B0B,0x39C6,0x636D,0x2123,0x10A1,0x18C2,0x6BCE,0x4249,0xF81F,0xF81F,0xF81F,0xF81F,0xF81F,0xF81F,0x5AEA,0x9C28,0xE668,0xBDCF,0x8D14,0x4ACB,
  0x534D,0x2103,0x18E2,0xF81F,0x2965,0x4AEA,0x4ACA,0x39C7,0xF81F,0x2103,0x2104,0x638E,0x3A07,0x9575,0xFF51,0xFF2F,0xACA9,0x630B,0xF81F,0xF81F,0xF81F,0xF81F,0xF81F,0xF81F,
  0x634C,0x2165,0x18E2,0x18A1,0x1880,0x7C71,0x3A06,0x2102,0x6B8D,0x7BEE,0xF81F,0xF81F,0xF81F,0x1001,0xB52C,0x7B48,0x94D2,0xC679,0xC699,0xD73B,0xCEFA,0x7C50,0x52CB,0x52A8,
  0xF81F,0xF81F,0xF81F,0xF81F,0xF81F,0xF81F,0x4A89,0xD547,0xF6E9,0x9D31,0x8D13,0x7C92,0x534D,0x52EB,0x18C2,0xF81F,0xF81F,0x1022,0x1042,0xF81F,0xF81F,0x1903,0x4AAA,0x63EF,
  0x9513,0x84D3,0xCDEE,0xF6AD,0xC4E3,0x5288,0xF81F,0xF81F,0xF81F,0xF81F,0xF81F,0xF81F,0x52EA,0x3A28,0x8CB2,0xAE18,0xAE18,0xBE79,0xBE58,0x9490,0xC50B,0x9C6E,0xF81F,0xF81F,
  0xF81F,0xF81F,0x62EC,0x94AF,0xD652,0xEECE,0x948E,0xF6AA,0x8CB1,0x842F,0x6B08,0x5B0A,0xF81F,0xF81F,0xF81F,0xF81F,0xF81F,0xF81F,0x638D,0x94D2,0x8CB1,0x84D3,0x4289,0x7CB2,
  0x428A,0x4A8A,0x1803,0xF81F,0xF81F,0xF81F,0xF81F,0xF81F,0xF81F,0x20C3,0x4ACA,0x530B,0x7CB2,0x63AE,0x94D1,0x7BEC,0x7C2F,0x5AEA,0xF81F,0xF81F,0xF81F,0xF81F,0xF81F,0xF81F,
  0x52CA,0x6B6B,0xA4EA,0x8CB1,0xFF72,0x944D,0xD5C8,0xCE35,0x8BC8,0x3106,0xF81F,0xF81F,0xF81F,0xF81F,0xF81F,0x4968,0x73EF,0x8CD2,0xA510,0xDE2C,0x6BAD,0x5B0B,0x528A,0xF81F,
  0xF81F,0xF81F,0xF81F,0xF81F,0xF81F,0x4A69,0x530C,0x4ACA,0x6BEF,0xA5D7,0x5B2C,0x7430,0x4AEA,0x4248,0xF81F,0xF81F,0xF81F,0xF81F,0xF81F,0xF81F,0xF81F,0xF81F,0x4269,0x3A28,
  0x7C92,0x2185,0x9555,0x638D,0x530B,0x5B4C,0x2924,0xF81F,0xF81F,0xF81F,0xF81F,0xF81F,0xF81F,0x4A69,0x636C,0x94F0,0xE6AF,0x842E,0xBD2B,0x5289,0x5189,0xF81F,0xF81F,0xF81F,
  0xF81F,0xF81F,0xF81F,0xF81F,0x18A2,0x1881,0x18A2,0x10A2,0x1082,0x1861,0xF81F,0xF81F,0xF81F,0xF81F,0xF81F,0xF81F,0xF81F,0x4228,0x1061,0x2103,0x18C1,0x31E7,0x8D14,0x4ACA,
  0x4AEB,0x4A48,0xF81F,0xF81F,0xF81F,0xF81F,0xF81F,0xF81F,0xF81F,0xF81F,0x39E7,0x52EB,0x530B,0x7451,0x2103,0x20E2,0x2103,0x1080,0x3965,0xF81F,0xF81F,0xF81F,0xF81F,0xF81F,
  0xF81F,0x1021,0x1040,0x0840,0x18A2,0x2103,0x18A2,0x20C2,0xF81F,0xF81F,0xF81F,0xF81F,0xF81F,0xF81F,0xF81F,0x18A3,0x738B,0x73CE,0x7BCD,0x634D,0x18A1,0x4A89,0x73AE,0xF81F,
  0xF81F,0xF81F,0xF81F,0xF81F,0xF81F,0x4228,0x6BCE,0x9D96,0x5B4D,0x4A48,0x530C,0x42AA,0x4289,0xF81F,0xF81F,0xF81F,0xF81F,0xF81F,0xF81F,0xF81F,0xF81F,0xF81F,0x41C8,0x4A8A,
  0x4AEB,0x4289,0x2103,0x636D,0x9D76,0x8450,0x28E4,0xF81F,0xF81F,0xF81F,0xF81F,0xF81F,0xF81F,0x73CE,0x2943,0x18C2,0x5B2C,0x52CA,0x740F,0x8C4F,0xF81F,0xF81F,0xF81F,0xF81F,
  0xF81F,0xF81F,0xF81F,0x18C2,0xE5E7,0xC58D,0xCD84,0x7C71,0x20E2,0x6BEF,0x8CF4,0x4A68,0xF81F,0xF81F,0xF81F,0xF81F,0xF81F,0x2966,0x7CB2,0x7CB3,0x84D4,0x7C50,0x2965,0x5B2C,
  0x1862,0xF81F,0xF81F,0xF81F,0xF81F,0xF81F,0xF81F,0xF81F,0xF81F,0xF81F,0xF81F,0x31A6,0x3A28,0x1081,0x5B2C,0x8D35,0x8D34,0x84F3,0x28C5,0xF81F,0xF81F,0xF81F,0xF81F,0xF81F,
  0x7BEF,0x8D34,0x636C,0x1080,0x84B0,0xEE29,0xDDEF,0xC507,0xF81F,0xF81F,0xF81F,0xF81F,0xF81F,0xF81F,0xF81F,0x20C3,0x7C91,0xBDF3,0xCE52,0x8D14,0x2923,0x2102,0x39C6,0x4A89,
  0xF81F,0xF81F,0xF81F,0xF81F,0xF81F,0x31A6,0x63AE,0x84D3,0x532C,0x52CB,0x3163,0x4A26,0xF81F,0xF81F,0xF81F,0xF81F,0xF81F,0xF81F,0xF81F,0xF81F,0xF81F,0xF81F,0xF81F,0x1822,
  0x4A06,0x39C5,0x4ACB,0x9534,0x9534,0x63AE,0x2945,0xF81F,0xF81F,0xF81F,0xF81F,0xF81F,0x29A6,0x2143,0x39C5,0x2123,0x84D1,0xE647,0xCE30,0x7C2D,0xF81F,0xF81F,0xF81F,0xF81F,
  0xF81F,0xF81F,0xF81F,0xF81F,0x20E3,0x5B0C,0x8D34,0x7CB3,0x2123,0xF81F,0x20A2,0x7C93,0x1003,0xF81F,0xF81F,0xF81F,0x4A69,0x2965,0x532C,0x636D,0x4ACA,0x52EB,0x5268,0x2965,
  0x4228,0xF81F,0xF81F,0xF81F,0xF81F,0xF81F,0xF81F,0xF81F,0xF81F,0xF81F,0xF81F,0x52EB,0x31C6,0x5AC9,0x42AA,0x532C,0x5B6D,0x4ACB,0x2144,0x3967,0xF81F,0xF81F,0xF81F,0x4249,
  0x8D35,0x2043,0xF81F,0x4A89,0x7471,0x742F,0x52EA,0x18A2,0xF81F,0xF81F,0xF81F,0xF81F,0xF81F,0xF81F,0xF81F,0xF81F,0x52A9,0x634D,0x20E3,0x2944,0x4A27,0xF81F,0xF81F,0x73CF,
  0x2044,0xF81F,0xF81F,0xF81F,0x31E7,0x5B6D,0x2103,0x2964,0x2144,0x4228,0x4AAA,0x5B4D,0x4A69,0xF81F,0xF81F,0xF81F,0xF81F,0xF81F,0xF81F,0xF81F,0xF81F,0xF81F,0xF81F,0x52EB,
  0x5B8D,0x5B0B,0x1881,0x31C6,0x2964,0x18E2,0x6C10,0x4228,0xF81F,0xF81F,0xF81F,0x39E7,0x5B2C,0xF81F,0xF81F,0x4A68,0x2924,0x1061,0x632C,0x52AB,0xF81F,0xF81F,0xF81F,0xF81F,
  0xF81F,0xF81F,0xF81F,0xF81F,0x2964,0x7472,0x0840,0x84D4,0x2985,0xF81F,0xF81F,0xF81F,0xF81F,0xF81F,0xF81F,0xF81F,0x4A89,0x6BAE,0xB618,0x9555,0x9D96,0xAE18,0x636D,0x4ACB,
  0x4248,0xF81F,0xF81F,0xF81F,0xF81F,0xF81F,0xF81F,0xF81F,0xF81F,0xF81F,0xF81F,0x52CA,0x6B8D,0x530B,0x84D3,0x8D14,0x7410,0x8CF4,0x2124,0x4207,0xF81F,0xF81F,0xF81F,0xF81F,
  0xF81F,0xF81F,0xF81F,0x4249,0x8D54,0x18E3,0x7C92,0x528A,0xF81F,0xF81F,0xF81F,0xF81F,0xF81F,0xF81F,0xF81F,0xF81F,0x3907,0x31C6,0x1081,0x84B2,0x2103,0xF81F,0xF81F,0xF81F,
  0xF81F,0xF81F,0xF81F,0xF81F,0x4228,0x6BAD,0xAC8B,0x630A,0x4AAA,0x4AEB,0x5B6D,0x52EB,0x20A3,0xF81F,0xF81F,0xF81F,0xF81F,0xF81F,0xF81F,0xF81F,0xF81F,0xF81F,0xF81F,0x39C7,
  0x4AEA,0x5B2C,0x4A69,0x4A69,0x6AE8,0x8BC8,0x4249,0x62CB,0xF81F,0xF81F,0xF81F,0xF81F,0xF81F,0xF81F,0xF81F,0x18E3,0x6C30,0x20E2,0x2144,0xF81F,0xF81F,0xF81F,0xF81F,0xF81F,
  0xF81F,0xF81F,0xF81F,0xF81F,0xF81F,0x2023,0x39C6,0x7C30,0x5B4C,0x49E8,0xF81F,0xF81F,0xF81F,0xF81F,0xF81F,0xF81F,0x0801,0x740F,0xCD25,0xBD8F,0x5B8E,0x5B8E,0x636D,0x52A9,
  0xF81F,0xF81F,0xF81F,0xF81F,0xF81F,0xF81F,0xF81F,0xF81F,0xF81F,0xF81F,0xF81F,0xF81F,0x3A27,0x5B8D,0x5B6D,0x7430,0xCD8A,0xDDEA,0x52EB,0xF81F,0xF81F,0xF81F,0xF81F,0xF81F,
  0xF81F,0xF81F,0x39C7,0x8492,0x6B8D,0x4A48,0xF81F,0xF81F,0xF81F,0xF81F,0xF81F,0xF81F,0xF81F,0xF81F,0xF81F,0xF81F,0xF81F,0xF81F,0xF81F,0x39A6,0x5B2B,0x4AAA,0xF81F,0xF81F,
  0xF81F,0xF81F,0xF81F,0xF81F,0x1002,0x4A89,0xEE29,0x946C,0x63AE,0x5B0B,0x2123,0x2103,0xF81F,0xF81F,0xF81F,0xF81F,0xF81F,0xF81F,0xF81F,0xF81F,0xF81F,0xF81F,0xF81F,0xF81F,
  0x5269,0x0020,0x5B4D,0x63CF,0xB4E9,0xDDED,0x39E7,0xF81F,0xF81F,0xF81F,0xF81F,0xF81F,0xF81F,0xF81F,0x638D,0x4ACA,0x4A28,0xF81F,0xF81F,0xF81F,0xF81F,0xF81F,0xF81F,0xF81F,
  0xF81F,0xF81F,0xF81F,0xF81F,0xF81F,0xF81F,0xF81F,0xF81F,0x1803,0x1022,0xF81F,0xF81F,0xF81F,0xF81F,0xF81F,0xF81F,0x1883,0x73EE,0xC52A,0x8491,0x7431,0x2123,0x52A9,0x2884,
  0xF81F,0xF81F,0xF81F,0xF81F,0xF81F,0xF81F,0xF81F,0xF81F,0xF81F,0xF81F,0xF81F,0xF81F,0x4207,0x4A68,0x2944,0x6C10,0x94B0,0xBCE9,0x5B0B,0xF81F,0xF81F,0xF81F,0xF81F,0xF81F,
  0xF81F,0xF81F,0x0801,0x0802,0xF81F,0xF81F,0xF81F,0xF81F,0xF81F,0xF81F,0xF81F,0xF81F,0xF81F,0xF81F,0xF81F,0xF81F,0xF81F,0xF81F,0xF81F,0xF81F,0xF81F,0xF81F,0xF81F,0xF81F,
  0xF81F,0xF81F,0xF81F,0xF81F,0x3A28,0x7C2F,0xE5E7,0x7C70,0x638E,0x4A68,0x4A68,0x28A5,0xF81F,0xF81F,0xF81F,0xF81F,0xF81F,0xF81F,0xF81F,0xF81F,0xF81F,0xF81F,0xF81F,0xF81F,
  0x4208,0x4A68,0x39E6,0x63CF,0x8C8F,0xCD85,0x84B1,0x31A6,0xF81F,0xF81F,0xF81F,0xF81F,0xF81F,0xF81F,0xF81F,0xF81F,0xF81F,0xF81F,0xF81F,0xF81F,0xF81F,0xF81F,0xF81F,0xF81F,
  0xF81F,0xF81F,0xF81F,0xF81F,0xF81F,0xF81F,0xF81F,0xF81F,0xF81F,0xF81F,0xF81F,0xF81F,0xF81F,0xF81F,0xF81F,0x0800,0x6C30,0x740E,0xD5AC,0x7450,0x7410,0x4A88,0x4A68,0x39C6,
  0xF81F,0xF81F,0xF81F,0xF81F,0xF81F,0xF81F,0xF81F,0xF81F,0xF81F,0xF81F,0xF81F,0xF81F,0x2986,0x5AEA,0x39A5,0x6BF0,0x7C70,0xAD0D,0x6C0F,0x5B4D,0xF81F,0xF81F,0xF81F,0xF81F,
  0xF81F,0xF81F,0xF81F,0xF81F,0xF81F,0xF81F,0xF81F,0xF81F,0xF81F,0xF81F,0xF81F,0xF81F,0xF81F,0xF81F,0xF81F,0xF81F,0xF81F,0xF81F,0xF81F,0xF81F,0xF81F,0xF81F,0xF81F,0xF81F,
  0xF81F,0xF81F,0xF81F,0x52AA,0x3185,0x1061,0x0860,0x9534,0x6C30,0x6B8E,0x3A27,0x52A9,0xF81F,0xF81F,0xF81F,0xF81F,0xF81F,0xF81F,0xF81F,0xF81F,0xF81F,0xF81F,0xF81F,0xF81F,
  0x428A,0x39E6,0x7430,0x7C92,0x9514,0x18A2,0x18C2,0x1082,0x3A27,0xF81F,0xF81F,0xF81F,0xF81F,0xF81F,0xF81F,0xF81F,0xF81F,0xF81F,0xF81F,0xF81F,0xF81F,0xF81F,0xF81F,0xF81F,
  0xF81F,0xF81F,0xF81F,0xF81F,0xF81F,0xF81F,0xF81F,0xF81F,0xF81F,0xF81F,0xF81F,0xF81F,0xF81F,0xF81F,0xF81F,0x2124,0x638E,0x6BEF,0x742F,0x4A69,0x4ACA,0x63AE,0x4A89,0xF81F,
  0xF81F,0xF81F,0xF81F,0xF81F,0xF81F,0xF81F,0xF81F,0xF81F,0xF81F,0xF81F,0xF81F,0xF81F,0x2063,0x4ACA,0x6BAE,0x2965,0x31A6,0x7410,0x740F,0x634D,0x0881,0xF81F,0xF81F,0xF81F,
  0xF81F,0xF81F,0xF81F,0xF81F,0xF81F,0xF81F,0xF81F,0xF81F,0xF81F,0xF81F,0xF81F,0xF81F,0xF81F,0xF81F,0xF81F,0xF81F,0xF81F,0xF81F,0xF81F,0xF81F,0xF81F,0xF81F,0xF81F,0xF81F,
  0xF81F,0xF81F,0xF81F,0x52AA,0x63AE,0x9513,0x9595,0x63CE,0x4AA9,0x20E2,0x18C2,0xF81F,0xF81F,0xF81F,0xF81F,0xF81F,0xF81F,0xF81F,0xF81F,0xF81F,0xF81F,0xF81F,0xF81F,0xF81F,
  0xF81F,0x2923,0x41E6,0x5B0B,0x63CE,0x9534,0x84B2,0x7C51,0x5B0B,0xF81F,0xF81F,0xF81F,0xF81F,0xF81F,0xF81F,0xF81F,0xF81F,0xF81F,0xF81F,0xF81F,0xF81F,0xF81F,0xF81F,0xF81F,
  0xF81F,0xF81F,0xF81F,0xF81F,0xF81F,0xF81F,0xF81F,0xF81F,0xF81F,0xF81F,0xF81F,0xF81F,0xF81F,0xF81F,0x4A09,0x7471,0x84D3,0x84D2,0x2965,0x5B6C,0x4ACA,0x4268,0x4A49,0xF81F,
  0xF81F,0xF81F,0xF81F,0xF81F,0xF81F,0xF81F,0xF81F,0xF81F,0xF81F,0xF81F,0xF81F,0xF81F,0xF81F,0x4AAA,0x4289,0x5B6D,0x4AEA,0x530B,0x9554,0x8CF3,0x7450,0x3927,0xF81F,0xF81F,
  0xF81F,0xF81F,0xF81F,0xF81F,0xF81F,0xF81F,0xF81F,0xF81F,0xF81F,0xF81F,0xF81F,0xF81F,0xF81F,0xF81F,0xF81F,0xF81F,0xF81F,0xF81F,0xF81F,0xF81F,0xF81F,0xF81F,0xF81F,0xF81F,
  0xF81F,0xF81F,0x7C92,0x74B3,0x8D55,0x7D14,0x6C10,0x2103,0x39E6,0x2124,0xF81F,0xF81F,0xF81F,0xF81F,0xF81F,0xF81F,0xF81F,0xF81F,0xF81F,0xF81F,0xF81F,0xF81F,0xF81F,0xF81F,
  0xF81F,0xF81F,0x2965,0x4228,0x4268,0x8D55,0x9576,0x8D55,0x84D3,0x6BCE,0xF81F,0xF81F,0xF81F,0xF81F,0xF81F,0xF81F,0xF81F,0xF81F,0xF81F,0xF81F,0xF81F,0xF81F,0xF81F,0xF81F,
  0xF81F,0xF81F,0xF81F,0xF81F,0xF81F,0xF81F,0xF81F,0xF81F,0xF81F,0xF81F,0xF81F,0xF81F,0xF81F,0xF81F,0x532C,0x63CE,0x7CB1,0x7C91,0x532B,0x5AC9,0xF81F,0xF81F,0xF81F,0xF81F,
  0xF81F,0xF81F,0xF81F,0xF81F,0xF81F,0xF81F,0xF81F,0xF81F,0xF81F,0xF81F,0xF81F,0xF81F,0xF81F,0xF81F,0xF81F,0xF81F,0x52CA,0x4AEB,0x84D2,0x84B2,0x740F,0x634C,0xF81F,0xF81F,
  0xF81F,0xF81F,0xF81F,0xF81F,0xF81F,0xF81F,0xF81F,0xF81F,0xF81F,0xF81F,0xF81F,0xF81F,0xF81F,0xF81F,0xF81F,0xF81F,0xF81F,0xF81F,0xF81F,0xF81F,0xF81F,0xF81F,0xF81F,0xF81F,
  0xF81F,0xF81F,0x39A7,0x4AAA,0x3A07,0x634C,0x31C6,0xF81F,0xF81F,0xF81F,0xF81F,0xF81F,0xF81F,0xF81F,0xF81F,0xF81F,0xF81F,0xF81F,0xF81F,0xF81F,0xF81F,0xF81F,0xF81F,0xF81F,
  0xF81F,0xF81F,0xF81F,0xF81F,0xF81F,0x3A07,0x52EB,0x52CA,0x4AA9,0x20E4,0xF81F,0xF81F,0xF81F,0xF81F,0xF81F,0xF81F,0xF81F,0xF81F,0xF81F,0xF81F,0xF81F,0xF81F,0xF81F,0xF81F
};
static const uint16_t M23[] = {
  0xF81F,0xF81F,0xF81F,0xF81F,0xF81F,0xF81F,0xF81F,0xF81F,0xF81F,0xF81F,0xF81F,0xF81F,0xF81F,0xF81F,0xF81F,0xF81F,0xF81F,0xF81F,0xF81F,0xF81F,0xF81F,0xF81F,0x2147,0x2126,
  0x2927,0x20E6,0xF81F,0xF81F,0xF81F,0xF81F,0xF81F,0xF81F,0xF81F,0xF81F,0xF81F,0xF81F,0xF81F,0xF81F,0xF81F,0xF81F,0xF81F,0xF81F,0xF81F,0xF81F,0xF81F,0xF81F,0xF81F,0xF81F,
  0xF81F,0xF81F,0xF81F,0xF81F,0xF81F,0xF81F,0xF81F,0xF81F,0xF81F,0xF81F,0xF81F,0xF81F,0xF81F,0xF81F,0xF81F,0xF81F,0x3B0A,0x542E,0x5CF1,0x5CF1,0x5CF0,0x546F,0x4B8C,0x0883,
  0xF81F,0xF81F,0xF81F,0xF81F,0xF81F,0xF81F,0xF81F,0xF81F,0xF81F,0xF81F,0xF81F,0xF81F,0xF81F,0xF81F,0xF81F,0xF81F,0xF81F,0xF81F,0xF81F,0xF81F,0xF81F,0xF81F,0xF81F,0xF81F,
  0xF81F,0xF81F,0xF81F,0xF81F,0xF81F,0xF81F,0xF81F,0xF81F,0xF81F,0xF81F,0xF81F,0x540E,0x548E,0x446F,0x5D32,0x5D53,0x5D52,0x5D32,0x54CF,0x43AC,0x18E6,0xF81F,0xF81F,0xF81F,
  0xF81F,0xF81F,0xF81F,0xF81F,0xF81F,0xF81F,0xF81F,0xF81F,0xF81F,0xF81F,0xF81F,0xF81F,0xF81F,0xF81F,0xF81F,0xF81F,0xF81F,0xF81F,0xF81F,0xF81F,0xF81F,0xF81F,0x20A5,0x544E,
  0x544E,0x43CC,0x32C9,0x31A8,0xF81F,0xF81F,0x19A6,0x3B6A,0x4C6D,0x4CAF,0x54F0,0x54F1,0x5510,0x4CCF,0x4C8E,0x3BEC,0x32A9,0xF81F,0xF81F,0x49EB,0x330B,0x546F,0x5490,0x544F,
  0x5B8E,0xF81F,0xF81F,0xF81F,0xF81F,0xF81F,0xF81F,0xF81F,0xF81F,0xF81F,0xF81F,0xF81F,0xF81F,0xF81F,0xF81F,0xF81F,0xF81F,0xF81F,0xF81F,0x1003,0x3AC9,0x0143,0x22A8,0x6D31,
  0x2A27,0x08A2,0x2226,0x3B4A,0x3BAB,0x4C4D,0x4CAE,0x4CAE,0x4CAE,0x4C8E,0x442D,0x3BCB,0x32C9,0x2986,0x1985,0x43EC,0x336B,0x19E6,0x2A28,0x4209,0xF81F,0xF81F,0xF81F,0xF81F,
  0xF81F,0xF81F,0xF81F,0xF81F,0xF81F,0xF81F,0xF81F,0xF81F,0xF81F,0xF81F,0xF81F,0xF81F,0xF81F,0xF81F,0xF81F,0xF81F,0xF81F,0x2206,0x19C5,0x1984,0x53ED,0x2206,0x3288,0x444D,
  0x5511,0x6511,0x3BAB,0x4CAF,0x5CD0,0x43EC,0x4CF0,0x5D32,0x332A,0x0943,0x43ED,0x19C6,0x2207,0x2228,0x0803,0xF81F,0xF81F,0xF81F,0xF81F,0xF81F,0xF81F,0xF81F,0xF81F,0xF81F,
  0xF81F,0xF81F,0xF81F,0xF81F,0xF81F,0xF81F,0xF81F,0xF81F,0xF81F,0xF81F,0xF81F,0xF81F,0xF81F,0xF81F,0x3B0A,0x2A88,0x1123,0x434B,0x42EA,0x32A9,0x5D11,0x6DB3,0x6511,0x4C2E,
  0x334A,0x54F0,0x5D31,0x540E,0x432A,0x19E6,0x1A26,0x3288,0x434C,0x0803,0xF81F,0xF81F,0xF81F,0xF81F,0xF81F,0xF81F,0xF81F,0xF81F,0xF81F,0xF81F,0xF81F,0xF81F,0xF81F,0xF81F,
  0xF81F,0xF81F,0xF81F,0xF81F,0xF81F,0xF81F,0xF81F,0xF81F,0xF81F,0xF81F,0x20A4,0x438C,0x1163,0x5C2E,0x42CA,0x21E9,0x0167,0x4C2E,0x438B,0x32A9,0x19C5,0x4C0E,0x1A8B,0x3B71,
  0x42CA,0x42EA,0x19C6,0x438C,0x424A,0xF81F,0xF81F,0xF81F,0xF81F,0xF81F,0xF81F,0xF81F,0xF81F,0xF81F,0xF81F,0xF81F,0xF81F,0xF81F,0xF81F,0xF81F,0xF81F,0xF81F,0xF81F,0xF81F,
  0xF81F,0xF81F,0xF81F,0xF81F,0xF81F,0xF81F,0xF81F,0x3269,0x32C9,0x32A8,0x32EA,0x330D,0x3BD4,0x00A3,0x2185,0x436B,0x00A1,0x29E7,0x1A0A,0x869E,0x4BAC,0x2A68,0x2A67,0x53AE,
  0xF81F,0xF81F,0xF81F,0xF81F,0xF81F,0xF81F,0xF81F,0xF81F,0xF81F,0xF81F,0xF81F,0xF81F,0xF81F,0xF81F,0xF81F,0xF81F,0xF81F,0xF81F,0xF81F,0xF81F,0xF81F,0xF81F,0xF81F,0xF81F,
  0xF81F,0xF81F,0xF81F,0xF81F,0x2166,0x21A5,0x2AE9,0x5D11,0x4BCD,0x53CD,0x434B,0x5CD1,0x4BCE,0x19A5,0x4BAD,0x5C90,0x544E,0x1103,0x42CA,0xF81F,0xF81F,0xF81F,0xF81F,0xF81F,
  0xF81F,0xF81F,0xF81F,0xF81F,0xF81F,0xF81F,0xF81F,0xF81F,0xF81F,0xF81F,0xF81F,0xF81F,0xF81F,0xF81F,0xF81F,0xF81F,0xF81F,0xF81F,0xF81F,0xF81F,0xF81F,0xF81F,0xF81F,0xF81F,
  0xF81F,0xF81F,0x1165,0x336B,0x330A,0x3AA9,0x2A68,0x64F2,0x438D,0x3ACA,0x2A68,0x546F,0x3288,0xF81F,0xF81F,0xF81F,0xF81F,0xF81F,0xF81F,0xF81F,0xF81F,0xF81F,0xF81F,0xF81F,
  0xF81F,0xF81F,0xF81F,0xF81F,0xF81F,0xF81F,0xF81F,0xF81F,0xF81F,0xF81F,0xF81F,0xF81F,0xF81F,0xF81F,0xF81F,0xF81F,0xF81F,0xF81F,0xF81F,0xF81F,0xF81F,0xF81F,0x1003,0x2A88,
  0x4BAC,0x3A89,0x3A89,0x64F2,0x53CE,0x3A89,0x3288,0x4B8C,0x1083,0xF81F,0xF81F,0xF81F,0xF81F,0xF81F,0xF81F,0xF81F,0xF81F,0xF81F,0xF81F,0xF81F,0xF81F,0xF81F,0xF81F,0xF81F,
  0xF81F,0xF81F,0xF81F,0xF81F,0xF81F,0xF81F,0xF81F,0xF81F,0xF81F,0xF81F,0xF81F,0xF81F,0xF81F,0xF81F,0xF81F,0xF81F,0xF81F,0x1003,0x0863,0x0040,0x3B8B,0x85F5,0x536D,0x29E7,
  0x08A2,0x6490,0x2268,0x2A68,0x1083,0x1824,0xF81F,0xF81F,0xF81F,0xF81F,0xF81F,0xF81F,0xF81F,0xF81F,0xF81F,0xF81F,0xF81F,0xF81F,0xF81F,0xF81F,0xF81F,0xF81F,0xF81F,0xF81F,
  0xF81F,0xF81F,0xF81F,0xF81F,0xF81F,0xF81F,0xF81F,0xF81F,0xF81F,0xF81F,0xF81F,0xF81F,0x0863,0x322B,0x29C9,0x08C4,0x53ED,0x3ACA,0x1144,0x08E3,0x0903,0x21E7,0x430A,0x00A2,
  0x1947,0x2189,0x29CA,0x1084,0xF81F,0xF81F,0xF81F,0xF81F,0xF81F,0xF81F,0xF81F,0xF81F,0xF81F,0xF81F,0xF81F,0xF81F,0xF81F,0xF81F,0xF81F,0xF81F,0xF81F,0xF81F,0xF81F,0xF81F,
  0xF81F,0xF81F,0xF81F,0xF81F,0xF81F,0xF81F,0x28E6,0x29A8,0x322C,0x29EB,0x29CA,0x2167,0x1985,0x53CD,0x09A4,0x2247,0x1A26,0x4BED,0x3289,0x0062,0x2189,0x2A0B,0x2188,0x0083,
  0xF81F,0xF81F,0xF81F,0xF81F,0xF81F,0xF81F,0xF81F,0xF81F,0xF81F,0xF81F,0xF81F,0xF81F,0xF81F,0xF81F,0xF81F,0xF81F,0xF81F,0xF81F,0xF81F,0xF81F,0xF81F,0xF81F,0xF81F,0xF81F,
  0xF81F,0xF81F,0xF81F,0x324C,0x2A4C,0x2A4C,0x2A2C,0x2167,0x0862,0x00E2,0x4C2D,0x444D,0x4CAF,0x32C9,0x10E3,0x29A8,0x2A2C,0x21EA,0x1967,0x4C4F,0x29C8,0xF81F,0xF81F,0xF81F,
  0xF81F,0xF81F,0xF81F,0xF81F,0xF81F,0xF81F,0xF81F,0xF81F,0xF81F,0xF81F,0xF81F,0xF81F,0xF81F,0xF81F,0xF81F,0xF81F,0xF81F,0xF81F,0xF81F,0xF81F,0xF81F,0xF81F,0x2126,0x328C,
  0x1987,0x29E9,0x322C,0x29EB,0x1905,0x1924,0x1984,0x19C5,0x1185,0x29A7,0x2988,0x21AA,0x32AF,0x328D,0x1166,0x5D12,0x43CD,0xF81F,0xF81F,0xF81F,0xF81F,0xF81F,0x32E9,0x65B3,
  0x3BAC,0x64D1,0xF81F,0xF81F,0xF81F,0xF81F,0xF81F,0xF81F,0xF81F,0xF81F,0xF81F,0x49A8,0xF81F,0xF81F,0xF81F,0xF81F,0xF81F,0xF81F,0x3ACA,0x21A7,0x0041,0x1105,0x326D,0x326D,
  0x1988,0x3A49,0x2A27,0x21E6,0x2A07,0x4AEC,0x0906,0x2A6D,0x3AF0,0x3A6C,0x0904,0x330A,0x3B6C,0xF81F,0xF81F,0xF81F,0xF81F,0x0842,0x4B8C,0x446F,0x0184,0x6533,0x432D,0xF81F,
  0xF81F,0xF81F,0xF81F,0xF81F,0xF81F,0x20C4,0xA514,0x49E9,0xF81F,0xF81F,0xF81F,0xF81F,0xF81F,0xF81F,0x3B0A,0x436C,0x3248,0x0883,0x1968,0x3AAE,0x2A2C,0x21A9,0x3288,0x4369,
  0x3268,0x1126,0x3AAE,0x328E,0x3AAE,0x08A4,0x2A08,0x5CF1,0x5513,0x2AEC,0xF81F,0xF81F,0xF81F,0x5BCE,0x3228,0x4C2E,0x09A4,0x4C2E,0x330A,0xF81F,0xF81F,0xF81F,0xF81F,0xF81F,
  0x2065,0x8C72,0x3988,0xF81F,0xF81F,0xF81F,0xF81F,0xF81F,0xF81F,0xF81F,0x3B0A,0x4C4E,0x1964,0x0021,0x2168,0x21A9,0x328E,0x2A2C,0x1967,0x430A,0x0021,0x324C,0x21EB,0x328D,
  0x326C,0x08C4,0x2A07,0x4C8F,0x5554,0x33EF,0x0003,0xF81F,0x0042,0x432B,0x4B4C,0x3AEA,0x00A0,0x32C9,0x1123,0xF81F,0xF81F,0xF81F,0xF81F,0x5ACC,0x9CD3,0x630C,0xF81F,0xF81F,
  0xF81F,0xF81F,0xF81F,0xF81F,0xF81F,0x3B2B,0x54D0,0x43CC,0x1904,0x0802,0x1905,0x1947,0x21CA,0x3A8D,0x29EB,0x0001,0x2189,0x324C,0x42EF,0x21C9,0x21C9,0x10C4,0xF81F,0x1A26,
  0x3C2E,0x5534,0x53EF,0x53EF,0x11A5,0x640E,0x0020,0x1883,0x0001,0x0802,0x9CF5,0xF81F,0xF81F,0xF81F,0x1082,0x8C71,0x9CF3,0xF81F,0xF81F,0xF81F,0xF81F,0xF81F,0xF81F,0xF81F,
  0xF81F,0x4BED,0x4C8F,0x434B,0xF81F,0xF81F,0x1004,0x1947,0x2168,0x21A9,0x1968,0x21A9,0x21CA,0x3AAE,0x19A9,0x21C9,0x21A8,0xF81F,0xF81F,0x10E4,0x2AA9,0x4C4F,0x1186,0x6595,
  0x1A28,0x5C4F,0x2926,0xF81F,0xF81F,0xF81F,0x9CB5,0xF81F,0xF81F,0x31CB,0x2167,0xA555,0x18C3,0xF81F,0xF81F,0xF81F,0xF81F,0xF81F,0xF81F,0xF81F,0x0883,0x3B8B,0x43AC,0x3288,
  0xF81F,0xF81F,0x1003,0x1948,0x21AA,0x29CA,0x29CA,0x3A4C,0x21EB,0x2A6D,0x2A0B,0x2A2B,0x326B,0xF81F,0xF81F,0xF81F,0x1925,0x542E,0x5490,0x4D34,0x1A89,0x5C30,0x1904,0x4ACB,
  0x428A,0x3187,0x4A4A,0xF81F,0xF81F,0x320D,0x1926,0xA575,0x1903,0xF81F,0xF81F,0xF81F,0xF81F,0xF81F,0xF81F,0x2906,0x43ED,0x544E,0x2A48,0xF81F,0xF81F,0xF81F,0x1803,0x2169,
  0x2A2C,0x4B30,0x1947,0x29EA,0x3AAD,0x4B70,0x330F,0x3B10,0x322B,0xF81F,0xF81F,0xF81F,0xF81F,0x29A8,0x440E,0x44D2,0x54B3,0x10A4,0x39E8,0x7451,0x7410,0x3A08,0xF81F,0xF81F,
  0xF81F,0x0001,0x7C30,0x4248,0x5B2B,0xF81F,0xF81F,0xF81F,0xF81F,0xF81F,0xF81F,0x53EE,0x5CF1,0x43CC,0x29C6,0xF81F,0xF81F,0xF81F,0x0001,0x1927,0x3A8D,0x0084,0x320B,0x08C5,
  0x328D,0x1147,0x3B30,0x32EF,0x1988,0x1003,0xF81F,0xF81F,0xF81F,0xF81F,0x08E5,0x0945,0x83F4,0x9C98,0x10A2,0x3A08,0x3A28,0x18E4,0xF81F,0xF81F,0xF81F,0x2165,0x634C,0x31C6,
  0x0083,0xF81F,0xF81F,0xF81F,0xF81F,0xF81F,0xF81F,0x548F,0x5D11,0x4BCC,0x18C4,0xF81F,0xF81F,0xF81F,0x0862,0x08A3,0x0042,0x42AE,0x320A,0x10C4,0x1946,0x2A4B,0x1988,0x08E5,
  0x0043,0xF81F,0xF81F,0xF81F,0xF81F,0xF81F,0xF81F,0xF81F,0xF81F,0x0022,0x0841,0x08A3,0x0883,0x0021,0x3188,0xF81F,0xF81F,0x7C10,0xA555,0x0040,0x19A9,0x3A8D,0xF81F,0xF81F,
  0xF81F,0xF81F,0x20A6,0x6532,0x4C6E,0x42CA,0xF81F,0xF81F,0xF81F,0xF81F,0x2147,0x2168,0x1947,0x0022,0x0062,0x73AE,0x6BCF,0x0062,0x08E5,0x42CE,0x3AAE,0xF81F,0xF81F,0xF81F,
  0xF81F,0xF81F,0xF81F,0xF81F,0x3148,0x8BF4,0x7373,0xA63D,0x7437,0x3A0D,0xA498,0x0802,0x526A,0x8C92,0x1002,0xF81F,0xF81F,0x21EB,0x3AAF,0xF81F,0xF81F,0xF81F,0x4B6C,0x542E,
  0x4B6B,0xF81F,0xF81F,0xF81F,0xF81F,0x1083,0x2147,0x0042,0x08A4,0x1947,0x29A8,0x10A3,0x8492,0x1926,0x0084,0x1147,0x21C9,0x3A6C,0xF81F,0xF81F,0xF81F,0xF81F,0xF81F,0xF81F,
  0x0821,0xF81F,0x859D,0x8EFE,0x9F5F,0x5CBA,0xF81F,0x0822,0x6B6D,0xAD75,0xF81F,0xF81F,0xF81F,0x0803,0x3A8E,0x21AA,0xF81F,0x2946,0x19C5,0x434B,0x3207,0xF81F,0xF81F,0xF81F,
  0xF81F,0x08A4,0x2168,0x1947,0x1926,0x1926,0x10C5,0x52CD,0x5B2E,0x3A4C,0x21EA,0x32AE,0x2ACE,0x328D,0xF81F,0xF81F,0xF81F,0xF81F,0xF81F,0xF81F,0x0001,0xF81F,0x7DBB,0x3D3A,
  0x4DDC,0x663D,0xF81F,0x0821,0x6B8E,0x9D14,0xF81F,0xF81F,0xF81F,0xF81F,0x20A6,0x2A0B,0x1988,0x3248,0x6490,0x53AD,0xF81F,0xF81F,0xF81F,0xF81F,0xF81F,0x08C6,0x2169,0x2168,
  0x2168,0x2168,0x2188,0x2189,0x320B,0x21CA,0x328D,0x2AAE,0x3B92,0x32EF,0x31EA,0xF81F,0xF81F,0xF81F,0xF81F,0xF81F,0x0000,0xF81F,0x763E,0x9F1F,0x9F3F,0x4D7C,0xF81F,0x0000,
  0x6B8D,0x94D3,0xF81F,0xF81F,0xF81F,0xF81F,0xF81F,0x0001,0x2189,0x08A3,0x53CE,0x432B,0xF81F,0xF81F,0xF81F,0xF81F,0x1926,0x29EB,0x29EB,0x29CA,0x29CA,0x29EB,0x2168,0x1948,
  0x2189,0x21CA,0x32AE,0x19CA,0x3BB2,0x43D3,0x3B30,0xF81F,0xF81F,0xF81F,0xF81F,0xF81F,0x0000,0xF81F,0x0025,0x861D,0x7DDD,0x0024,0xF81F,0x0001,0x6B8D,0x8CB2,0xF81F,0xF81F,
  0xF81F,0xF81F,0xF81F,0x2064,0x0061,0x00A2,0x2246,0x432B,0xF81F,0xF81F,0xF81F,0xF81F,0x2167,0x2A0C,0x2A0B,0x21CA,0x1947,0x2A2C,0x324D,0x21AA,0x4330,0x2A4D,0x2A0B,0x2A0B,
  0x3BB2,0x3BD3,0x3B72,0x6A90,0xF81F,0xF81F,0xF81F,0xF81F,0xF81F,0x394A,0x0863,0x2967,0x18E5,0x0862,0x3128,0xF81F,0x6AED,0x8C71,0xF81F,0xF81F,0xF81F,0xF81F,0xF81F,0x1063,
  0x544E,0x4C0C,0x3B0A,0x21A6,0xF81F,0xF81F,0xF81F,0xF81F,0x1968,0x29EB,0x21EB,0x3A6D,0x1106,0x324D,0x21EA,0x2A0C,0x328E,0x328E,0x2A4C,0x326C,0x21E9,0x3BB2,0x3B92,0x4A4E,
  0xF81F,0xF81F,0xF81F,0xF81F,0xF81F,0x1864,0x29C8,0x6BD0,0x63CF,0x3A69,0x5AEE,0xF81F,0xF81F,0x8C31,0xF81F,0xF81F,0xF81F,0xF81F,0xF81F,0xF81F,0x1123,0x1985,0x21C7,0x2187,
  0x0042,0xF81F,0xF81F,0x0001,0x1989,0x0083,0x3A2A,0x0001,0x1947,0x2A2C,0x2A0C,0x29EA,0x29EB,0x2A0B,0x2A4D,0x2A0B,0x1105,0x4350,0x4371,0x3ACE,0xF81F,0xF81F,0xF81F,0xF81F,
  0xF81F,0x0883,0x4AAB,0x5B6E,0x532D,0x426A,0x2986,0xF81F,0xF81F,0x1803,0xF81F,0xF81F,0xF81F,0xF81F,0xF81F,0xF81F,0xF81F,0x08C3,0x08C3,0x10E4,0x29C9,0x0802,0xF81F,0x1804,
  0x0041,0x4B4C,0x3288,0x32A9,0x0041,0x2A0C,0x21EB,0x2189,0x21CA,0x21AA,0x2A0B,0x0083,0x430A,0x0924,0x326A,0x1967,0xF81F,0xF81F,0xF81F,0xF81F,0xF81F,0xF81F,0xF81F,0xF81F,
  0xF81F,0xF81F,0xF81F,0xF81F,0xF81F,0xF81F,0xF81F,0xF81F,0xF81F,0xF81F,0xF81F,0xF81F,0xF81F,0xF81F,0xF81F,0xF81F,0x1083,0xF81F,0xF81F,0x1003,0x3BAC,0x4C2E,0x436B,0x19A5,
  0x0862,0x1045,0x29A9,0x29CA,0x10C5,0x21AA,0x0063,0x08C3,0x2246,0x5470,0x4C2F,0x3A89,0xF81F,0xF81F,0xF81F,0xF81F,0xF81F,0xF81F,0xF81F,0xF81F,0xF81F,0xF81F,0xF81F,0xF81F,
  0xF81F,0xF81F,0xF81F,0xF81F,0xF81F,0xF81F,0xF81F,0xF81F,0xF81F,0xF81F,0xF81F,0xF81F,0xF81F,0xF81F,0xF81F,0x0864,0x5512,0x4C70,0x330A,0x1945,0x1003,0xF81F,0x2107,0x2189,
  0x0000,0x31AA,0xF81F,0x0801,0x2227,0x442F,0x4CF2,0x32EB,0xF81F,0xF81F,0xF81F,0xF81F,0xF81F,0xF81F,0xF81F,0xF81F,0xF81F,0xF81F,0xF81F,0xF81F,0xF81F,0xF81F,0xF81F,0xF81F,
  0xF81F,0xF81F,0xF81F,0xF81F,0xF81F,0xF81F,0xF81F,0xF81F,0xF81F,0xF81F,0xF81F,0x4BAD,0x5533,0x4C90,0x2A68,0xF81F,0xF81F,0xF81F,0xF81F,0x0041,0xF81F,0xF81F,0xF81F,0xF81F,
  0x1964,0x32EA,0x5533,0x4C30,0x0002,0xF81F,0xF81F,0xF81F,0xF81F,0xF81F,0xF81F,0xF81F,0xF81F,0xF81F,0xF81F,0xF81F,0xF81F,0xF81F,0xF81F,0xF81F,0xF81F,0xF81F,0xF81F,0xF81F,
  0xF81F,0xF81F,0xF81F,0xF81F,0xF81F,0xF81F,0xF81F,0x2A48,0x3BAD,0x332A,0x2A07,0xF81F,0xF81F,0xF81F,0xF81F,0xF81F,0xF81F,0xF81F,0xF81F,0xF81F,0x1964,0x32CA,0x332A,0x2248,
  0x0803,0xF81F,0xF81F,0xF81F,0xF81F,0xF81F,0xF81F,0xF81F,0xF81F,0xF81F,0xF81F,0xF81F,0xF81F,0xF81F,0xF81F,0xF81F,0xF81F,0xF81F,0xF81F,0xF81F,0xF81F,0xF81F,0xF81F,0xF81F,
  0xF81F,0xF81F,0xF81F,0x3A69,0x3B2A,0x3AEA,0x2A47,0x1002,0xF81F,0xF81F,0xF81F,0xF81F,0xF81F,0xF81F,0xF81F,0xF81F,0x3268,0x32C9,0x2A68,0x3A49,0xF81F,0xF81F,0xF81F,0xF81F,
  0xF81F,0xF81F,0xF81F,0xF81F,0xF81F,0xF81F,0xF81F,0xF81F,0xF81F,0xF81F,0xF81F,0xF81F,0xF81F,0xF81F,0xF81F,0xF81F,0xF81F,0xF81F,0xF81F,0xF81F,0xF81F,0xF81F,0xF81F,0x1002,
  0x3B2A,0x2AA8,0x2A27,0x1003,0xF81F,0xF81F,0xF81F,0xF81F,0xF81F,0xF81F,0xF81F,0xF81F,0x3289,0x3AEA,0x3ACA,0x2987,0xF81F,0xF81F,0xF81F,0xF81F,0xF81F,0xF81F,0xF81F,0xF81F,
  0xF81F,0xF81F,0xF81F,0xF81F,0xF81F,0xF81F,0xF81F,0xF81F,0xF81F,0xF81F,0xF81F,0xF81F,0xF81F,0xF81F,0xF81F,0xF81F,0xF81F,0xF81F,0xF81F,0x0802,0x438C,0x3B2A,0x3227,0xF81F,
  0xF81F,0xF81F,0xF81F,0xF81F,0xF81F,0xF81F,0xF81F,0xF81F,0x0001,0x2227,0x3B0B,0x2186,0xF81F,0xF81F,0xF81F,0xF81F,0xF81F,0xF81F,0xF81F,0xF81F,0xF81F,0xF81F,0xF81F,0xF81F,
  0xF81F,0xF81F,0xF81F,0xF81F,0xF81F,0xF81F,0xF81F,0xF81F,0xF81F,0xF81F,0xF81F,0xF81F,0xF81F,0xF81F,0xF81F,0x0802,0x438C,0x434B,0x2125,0xF81F,0xF81F,0xF81F,0xF81F,0xF81F,
  0xF81F,0xF81F,0xF81F,0xF81F,0x0801,0x2A47,0x3B4B,0x21A6,0xF81F,0xF81F,0xF81F,0xF81F,0xF81F,0xF81F,0xF81F,0xF81F,0xF81F,0xF81F,0xF81F,0xF81F,0xF81F,0xF81F,0xF81F,0xF81F,
  0xF81F,0xF81F,0xF81F,0xF81F,0xF81F,0xF81F,0xF81F,0xF81F,0xF81F,0xF81F,0xF81F,0x0802,0x436B,0x32A9,0xF81F,0xF81F,0xF81F,0xF81F,0xF81F,0xF81F,0xF81F,0xF81F,0xF81F,0xF81F,
  0xF81F,0x3247,0x438C,0x29A7,0xF81F,0xF81F,0xF81F,0xF81F,0xF81F,0xF81F,0xF81F,0xF81F,0xF81F,0xF81F,0xF81F,0xF81F,0xF81F,0xF81F,0xF81F,0xF81F,0xF81F,0xF81F,0xF81F,0xF81F,
  0xF81F,0xF81F,0xF81F,0xF81F,0xF81F,0xF81F,0xF81F,0x0001,0x3B4B,0x2A47,0xF81F,0xF81F,0xF81F,0xF81F,0xF81F,0xF81F,0xF81F,0xF81F,0xF81F,0xF81F,0xF81F,0x29E7,0x436B,0x21C7,
  0xF81F,0xF81F,0xF81F,0xF81F,0xF81F,0xF81F,0xF81F,0xF81F,0xF81F,0xF81F,0xF81F,0xF81F,0xF81F,0xF81F,0xF81F,0xF81F,0xF81F,0xF81F,0xF81F,0xF81F,0xF81F,0xF81F,0xF81F,0xF81F,
  0xF81F,0xF81F,0x2967,0x2AEA,0x5CB0,0x1A06,0x1063,0xF81F,0xF81F,0xF81F,0xF81F,0xF81F,0xF81F,0xF81F,0xF81F,0xF81F,0xF81F,0x32C8,0x43EC,0x3BCD,0x3269,0xF81F,0xF81F,0xF81F,
  0xF81F,0xF81F,0xF81F,0xF81F,0xF81F,0xF81F,0xF81F,0xF81F,0xF81F,0xF81F,0xF81F,0xF81F,0xF81F,0xF81F,0xF81F,0xF81F,0xF81F,0xF81F,0xF81F,0xF81F,0xF81F,0x2106,0x3B8B,0x4C2E,
  0x5470,0x3B4B,0x3227,0xF81F,0xF81F,0xF81F,0xF81F,0xF81F,0xF81F,0xF81F,0xF81F,0xF81F,0x08C2,0x2AA7,0x6573,0x5D12,0x336C,0x21E7,0xF81F,0xF81F,0xF81F,0xF81F,0xF81F,0xF81F,
  0xF81F,0xF81F,0xF81F,0xF81F,0xF81F,0xF81F,0xF81F,0xF81F,0xF81F,0xF81F,0xF81F,0xF81F,0xF81F,0xF81F,0xF81F,0xF81F,0xF81F,0x43AC,0x4C4E,0x54B1,0x334A,0x32E9,0x1084,0xF81F,
  0xF81F,0xF81F,0xF81F,0xF81F,0xF81F,0xF81F,0xF81F,0xF81F,0xF81F,0x3AA9,0x334A,0x442F,0x54F2,0x3BCD,0x53CE,0xF81F,0xF81F,0xF81F,0xF81F,0xF81F,0xF81F,0xF81F,0xF81F,0xF81F,
  0xF81F,0xF81F,0xF81F,0xF81F,0xF81F,0xF81F,0xF81F,0xF81F,0xF81F,0xF81F,0xF81F,0xF81F,0x21E6,0x2A47,0x430A,0x4BCD,0x3288,0x4149,0xF81F,0xF81F,0xF81F,0xF81F,0xF81F,0xF81F,
  0xF81F,0xF81F,0xF81F,0xF81F,0xF81F,0xF81F,0x4AEB,0x53ED,0x53CC,0x2206,0x2A27,0x3167,0xF81F,0xF81F,0xF81F,0xF81F,0xF81F,0xF81F,0xF81F,0xF81F,0xF81F,0xF81F,0xF81F,0xF81F,
  0xF81F,0xF81F,0xF81F,0xF81F,0xF81F,0xF81F,0xF81F,0xF81F,0xF81F,0x20A6,0x0802,0x18C4,0xF81F,0xF81F,0xF81F,0xF81F,0xF81F,0xF81F,0xF81F,0xF81F,0xF81F,0xF81F,0xF81F,0xF81F,
  0xF81F,0xF81F,0xF81F,0x0843,0x1884,0x2927,0x1803,0xF81F,0xF81F,0xF81F,0xF81F,0xF81F,0xF81F,0xF81F,0xF81F,0xF81F
};
static const Sprite MONSTER[24] = {
  {M0,35,34},
  {M1,27,50},
  {M2,21,34},
  {M3,29,50},
  {M4,43,34},
  {M5,21,34},
  {M6,26,50},
  {M7,60,50},
  {M8,32,50},
  {M9,67,66},
  {M10,29,50},
  {M11,45,50},
  {M12,23,34},
  {M13,74,66},
  {M14,44,50},
  {M15,39,34},
  {M16,23,34},
  {M17,78,34},
  {M18,71,50},
  {M19,83,86},
  {M20,64,66},
  {M21,46,50},
  {M22,60,66},
  {M23,44,50}
};
}
namespace mon {
struct Stats { const char* name; int IN, CO, VIT, BLd; };
static const Stats MON[24] = {
  {"Rat des champs",6,7,16,1},
  {"Loup gris",6,7,16,1},
  {"Corbeau agressif",7,8,22,1},
  {"Sanglier sauvage",7,8,22,1},
  {"Araignee des broussailles",8,9,28,2},
  {"Rat des bois",6,7,16,1},
  {"Loup solitaire",6,7,16,1},
  {"Araignee des broussailles",8,9,28,2},
  {"Sanglier furieux",8,9,28,2},
  {"Chef Gobelin",10,11,40,2},
  {"Brigand",9,10,34,2},
  {"Archer brigand",9,10,34,2},
  {"Chien errant",7,8,22,1},
  {"Sentinelle de pierre",11,12,46,3},
  {"Ombre errante",11,12,46,3},
  {"Corbeau noir",5,6,10,1},
  {"Rat des mines",7,8,22,1},
  {"Chauve-souris",7,8,22,1},
  {"Araignee des cavernes",8,9,28,2},
  {"Gardien du Seuil",13,14,58,3},
  {"Gardien de Pierre",12,13,52,3},
  {"Echo Vivant",11,12,46,3},
  {"Veilleur Antique",12,13,52,3},
  {"Gobelin Fouisseur",8,9,28,2}
};
}
}
